"Id","NomDeNaissance","Prenom","Sexe","DateDeNaissance","TypeMandat","DateDebutMandat","DateFinMandat","MotifFinMandat","TypeFonction","DateDebutFonction","DateFinFonction","MotifFinFonction","Mandature","NuancePolitique","NomTerritoire","TypeTerritoire"
"001","MERCIER","AMEDEE","M",NA,"CONSEILLER MUNICIPAL",1953-04-26,1959-03-01,"FM","M",1953-04-16,1959-03-01,"FM",1953,"SOC","BOURG EN BRESSE","Commune"
"002","FROUSSART","JEAN","M",1908-05-16,"CONSEILLER MUNICIPAL",1953-04-26,1959-03-05,"FM","M",1953-04-26,1959-03-05,"FM",1953,"CENTRE","CHEVIGNY SAINT SAUVEUR","Commune"
"003","ANTHONIOZ","MARCEL","M",1911-04-26,"CONSEILLER MUNICIPAL",1953-04-26,1959-03-05,"FM","M",1953-04-26,1959-03-05,"FM",1953,"CNI","DIVONNE LES BAINS","Commune"
"004","MARTIN","ROGER","M",NA,"CONSEILLER MUNICIPAL",1953-04-26,1959-03-01,"FM","M",1953-04-26,1959-03-01,"FM",1953,"COM","BERRE L ETANG","Commune"
"005","KARMAN","ANDRE","M",1924-03-10,"CONSEILLER MUNICIPAL",1953-04-26,1959-03-01,"FM","M",1957-01-01,1959-03-01,"FM",1953,"COM","AUBERVILLIERS","Commune"
"006","GREGOIRE","ANDRE","M",1911-01-01,"CONSEILLER MUNICIPAL",1953-04-26,1959-03-01,"FM","M",1958-01-01,1959-03-01,"FM",1953,"COM","MONTREUIL","Commune"
"007","GILLOT","AUGUSTE","M",1905-02-07,"CONSEILLER MUNICIPAL",1953-04-26,1959-03-01,"FM","M",1953-04-26,1959-03-01,"FM",1953,"COM","SAINT DENIS","Commune"
"008","CORRIEZ","GEORGES","M",NA,"CONSEILLER MUNICIPAL",1953-04-26,1959-03-01,"FM","M",1953-04-26,1959-03-01,"FM",1953,"COM","CLICHY SOUS BOIS","Commune"
"009","DELEUIL","LAURENS","M",1918-11-08,"CONSEILLER MUNICIPAL",1953-04-26,1959-03-01,"FM","M",1953-04-26,1959-03-01,"FM",1953,"DVD","MARIGNANE","Commune"
"010","VALETTE","HONORE","M",NA,"CONSEILLER MUNICIPAL",1953-04-26,1959-03-01,"FM","M",1953-04-26,1959-03-01,"FM",1953,"DVD","TARASCON","Commune"
"011","COLSON","MARCEL","M",NA,"CONSEILLER MUNICIPAL",1953-04-26,1959-03-01,"FM","M",1953-04-26,1959-03-01,"FM",1953,"DVD","RAINCY","Commune"
"012","CADOZ","MARIUS","M",1914-12-30,"CONSEILLER MUNICIPAL",1953-04-26,1959-03-05,"FM","M",1953-04-26,1959-03-05,"FM",1953,"DVG","GEX","Commune"
"013","MOURET","HENRI","M",NA,"CONSEILLER MUNICIPAL",1953-04-26,1959-03-01,"FM","M",1953-04-26,1959-03-01,"FM",1953,"IND","AIX EN PROVENCE","Commune"
"014","PRIVAT","CHARLES","M",1914-06-08,"CONSEILLER MUNICIPAL",1953-04-26,1959-03-01,"FM","M",1953-04-26,1959-03-01,"FM",1953,"SFIO","ARLES","Commune"
"015","GUESNIER","RENE","M",1919-01-07,"CONSEILLER MUNICIPAL",1953-04-26,1959-03-01,"FM","M",1955-11-12,1959-03-01,"FM",1953,"PCF","BOBIGNY","Commune"
"016","BONNET","ADOLPHE","M",NA,"CONSEILLER MUNICIPAL",1953-04-26,1959-03-01,"FM","M",1953-04-26,1959-03-01,"FM",1953,NA,"AURIOL","Commune"
"017","CHASTEL","PAUL","M",1905-01-28,"CONSEILLER MUNICIPAL",1953-04-26,1959-03-05,"FM","M",1953-04-26,1959-03-05,"FM",1953,NA,"BELLEY","Commune"
"018","GUIS","MAURICE","M",NA,"CONSEILLER MUNICIPAL",1953-04-26,1959-03-01,"FM","M",1953-04-26,1959-03-01,"FM",1953,NA,"BOUC BEL AIR","Commune"
"019","MARTIN","RAYMOND","M",NA,"CONSEILLER MUNICIPAL",1953-04-26,1959-03-01,"FM","M",1953-04-26,1959-03-01,"FM",1953,NA,"CABRIES","Commune"
"020","MARY","GUSTAVE","M",NA,"CONSEILLER MUNICIPAL",1953-04-26,1959-03-01,"FM","M",1953-04-26,1959-03-01,"FM",1953,NA,"LE BOURGET","Commune"
"021","ODDE","AUGUSTE","M",NA,"CONSEILLER MUNICIPAL",1953-04-26,1959-03-01,"FM","M",1953-04-26,1959-03-01,"FM",1953,NA,"PENNES MIRABEAU","Commune"
"022","RIEUBON","RENE","M",1918-03-04,"CONSEILLER MUNICIPAL",1953-04-26,1959-03-01,"FM","M",1953-04-26,1959-03-01,"FM",1953,"PCF","PORT DE BOUC","Commune"
"023","GRILLET","ARISTIDE","M",NA,"CONSEILLER MUNICIPAL",1953-04-26,1959-03-05,"FM","M",1953-04-26,1959-03-05,"FM",1953,NA,"SAINT GENIS POUILLY","Commune"
"024","COUTROT","MAURICE","M",1907-12-03,"CONSEILLER MUNICIPAL",1953-04-26,1959-03-01,"FM","M",1953-04-26,1959-03-01,"FM",1953,"SOC","BONDY","Commune"
"025","HECLER","ALBERT","M",NA,"CONSEILLER MUNICIPAL",1953-04-26,1959-03-01,"FM","M",1953-04-26,1959-03-01,"FM",1953,"RAD","FERNEY VOLTAIRE","Commune"
"026","BOYER","MARIUS","M",NA,"CONSEILLER MUNICIPAL",1953-04-26,1959-03-01,"FM","M",1953-04-26,1959-03-01,"FM",1953,"RAD","AUBAGNE","Commune"
"027","TOURNIER BILLION","LEON","M",NA,"CONSEILLER MUNICIPAL",1953-04-26,1959-03-05,"FM","M",1953-04-26,1959-03-05,NA,1953,"SFIO","AMBERIEU EN BUGEY","Commune"
"028","GRAILLE","JEAN","M",1907-05-18,"CONSEILLER MUNICIPAL",1953-04-26,1959-03-01,"FM","M",1953-04-26,1959-03-01,"FM",1953,"SOC","LA CIOTAT","Commune"
"029","DEFFERRE","GASTON","M",1910-09-14,"CONSEILLER MUNICIPAL",1953-04-26,1959-03-01,"FM","M",1953-04-26,1959-03-01,"FM",1953,"SOC","MARSEILLE","Commune"
"030","PASCAL","PAUL","M",NA,"CONSEILLER MUNICIPAL",1953-04-26,1959-03-01,"FM","M",1953-04-26,1959-03-01,"FM",1953,"SOC","MARTIGUES","Commune"
"031","BAGNANINCHI","JOSEPH","M",NA,"CONSEILLER MUNICIPAL",1953-04-26,1959-03-01,"FM","M",1953-04-26,1959-03-01,"FM",1953,"SOC","SAINT MARTIN DE CRAU","Commune"
"032","COLLAVERI","LOUIS","M",NA,"CONSEILLER MUNICIPAL",1953-04-26,1959-03-01,"FM","M",1953-04-26,1959-03-01,"FM",1953,"SOC","PANTIN","Commune"
"033","KERAUTRET","PIERRE","M",NA,"CONSEILLER MUNICIPAL",1953-04-26,1959-03-01,"FM","M",1953-04-26,1959-03-01,"FM",1953,"SOC","ROMAINVILLE","Commune"
"034","LAMBERTON","LEONCE","M",NA,"CONSEILLER MUNICIPAL",1953-05-26,1959-03-05,"FM","M",1953-05-26,1959-03-05,"FM",1953,"DROITE","FONTAINE LES DIJON","Commune"
"035","KIR","FELIX","M",NA,"CONSEILLER MUNICIPAL",1953-05-26,1959-03-05,"FM","M",1953-05-26,1959-03-05,"FM",1953,"CNI","DIJON","Commune"
"036","DUCHET","ROGER","M",1904-07-04,"CONSEILLER MUNICIPAL",1953-05-26,1959-03-05,"FM","M",1953-05-26,1959-03-05,"FM",1953,"CNI","BEAUNE","Commune"
"037","ROSSILLE","AIME","M",NA,"CONSEILLER MUNICIPAL",1953-05-26,1959-03-05,"FM","M",1953-05-26,1959-03-05,"FM",1953,NA,"TALANT","Commune"
"038","BERTHAUD","DOMINIQUE","M",NA,"CONSEILLER MUNICIPAL",1953-05-26,1959-03-05,"FM","M",1953-05-26,1959-03-05,"FM",1953,"SOC","LONGVIC","Commune"
"039","ORY","ANDRE","M",NA,"CONSEILLER MUNICIPAL",1957-10-01,1959-03-01,"FM","M",1957-10-01,1959-03-01,"FM",1953,"COM","NOISY LE GRAND","Commune"
"002","FROUSSART","JEAN","M",1908-05-16,"CONSEILLER MUNICIPAL",1959-03-08,1965-03-10,"FM","M",1959-03-08,1965-03-10,"FM",1959,"CENTRE","CHEVIGNY SAINT SAUVEUR","Commune"
"003","ANTHONIOZ","MARCEL","M",1911-04-26,"CONSEILLER MUNICIPAL",1959-03-08,1965-03-10,"FM","M",1959-03-08,1965-03-10,"FM",1959,"CNI","DIVONNE LES BAINS","Commune"
"040","RUET","ROLAND","M",1921-10-29,"CONSEILLER MUNICIPAL",1959-03-08,1965-03-10,"FM","M",1959-03-08,1965-03-10,"FM",1959,"CNI","FERNEY VOLTAIRE","Commune"
"041","BAILLY","HENRI","M",NA,"CONSEILLER MUNICIPAL",1959-03-08,1965-03-10,"FM","M",1959-03-08,1965-03-10,"FM",1959,"CNI","CHENOVE","Commune"
"004","MARTIN","ROGER","M",NA,"CONSEILLER MUNICIPAL",1959-03-08,1965-03-10,"FM","M",1959-03-08,1965-03-10,"FM",1959,"COM","BERRE L ETANG","Commune"
"042","TURCAN","FRANCIS","M",1912-02-23,"CONSEILLER MUNICIPAL",1959-03-08,1965-03-10,"FM","M",1959-03-08,1965-03-10,"FM",1959,"COM","MARTIGUES","Commune"
"005","KARMAN","ANDRE","M",1924-03-10,"CONSEILLER MUNICIPAL",1959-03-08,1965-03-10,"FM","M",1959-03-08,1965-03-10,"FM",1959,"COM","AUBERVILLIERS","Commune"
"043","HOUDREMONT","JEAN","M",1924-10-04,"CONSEILLER MUNICIPAL",1959-03-08,1965-03-10,"FM","M",1959-03-08,1965-03-10,"FM",1959,"COM","LA COURNEUVE","Commune"
"006","GREGOIRE","ANDRE","M",1911-01-01,"CONSEILLER MUNICIPAL",1959-03-08,1965-03-10,"FM","M",1959-03-08,1965-03-10,"FM",1959,"COM","MONTREUIL","Commune"
"039","ORY","ANDRE","M",NA,"CONSEILLER MUNICIPAL",1959-03-08,1962-07-01,"DM","M",1959-03-08,1962-07-01,"DM",1959,"COM","NOISY LE GRAND","Commune"
"044","BESSERER","JEAN","M",NA,"CONSEILLER MUNICIPAL",1959-03-08,1965-03-10,"FM","M",1962-07-10,1965-03-10,"FM",1959,"COM","NOISY LE GRAND","Commune"
"045","LOLIVE","JEAN","M",1910-06-06,"CONSEILLER MUNICIPAL",1959-03-08,1965-03-10,"FM","M",1959-03-08,1965-03-10,"FM",1959,"COM","PANTIN","Commune"
"007","GILLOT","AUGUSTE","M",1905-02-07,"CONSEILLER MUNICIPAL",1959-03-08,1965-03-10,"FM","M",1959-03-08,1965-03-10,"FM",1959,"COM","SAINT DENIS","Commune"
"046","CALTOT","ROGER","M",NA,"CONSEILLER MUNICIPAL",1959-03-08,1965-03-10,"FM","M",1959-03-08,1965-03-10,"FM",1959,"COM","CLICHY SOUS BOIS","Commune"
"034","LAMBERTON","LEONCE","M",NA,"CONSEILLER MUNICIPAL",1959-03-08,1964-03-01,NA,"M",1959-03-08,1964-03-01,NA,1959,"DROITE","FONTAINE LES DIJON","Commune"
"009","DELEUIL","LAURENS","M",1918-11-08,"CONSEILLER MUNICIPAL",1959-03-08,1965-03-10,"FM","M",1959-03-08,1965-03-10,"FM",1959,"DVD","MARIGNANE","Commune"
"010","VALETTE","HONORE","M",NA,"CONSEILLER MUNICIPAL",1959-03-08,1965-03-10,"FM","M",1959-03-08,1965-03-10,"FM",1959,"DVD","TARASCON","Commune"
"011","COLSON","MARCEL","M",NA,"CONSEILLER MUNICIPAL",1959-03-08,1965-03-10,"FM","M",1959-03-08,1965-03-10,"FM",1959,"DVD","RAINCY","Commune"
"012","CADOZ","MARIUS","M",1914-12-30,"CONSEILLER MUNICIPAL",1959-03-08,1965-03-10,"FM","M",1959-03-08,1965-03-10,"FM",1959,"DVG","GEX","Commune"
"013","MOURET","HENRI","M",NA,"CONSEILLER MUNICIPAL",1959-03-08,1965-03-10,"FM","M",1959-03-08,1965-03-10,"FM",1959,"IND","AIX EN PROVENCE","Commune"
"047","CHOUQUET","YVES","M",NA,"CONSEILLER MUNICIPAL",1959-03-08,1965-03-10,"FM","M",1959-03-08,1965-03-10,"FM",1959,"IND","AUBAGNE","Commune"
"017","CHASTEL","PAUL","M",1905-01-28,"CONSEILLER MUNICIPAL",1959-03-08,1965-03-10,"FM","M",1959-03-08,1965-03-10,"FM",1959,"IND","BELLEY","Commune"
"014","PRIVAT","CHARLES","M",1914-06-08,"CONSEILLER MUNICIPAL",1959-03-08,1965-03-10,"FM","M",1959-03-08,1965-03-10,"FM",1959,"SFIO","ARLES","Commune"
"035","KIR","FELIX","M",NA,"CONSEILLER MUNICIPAL",1959-03-08,1965-03-10,"FM","M",1959-03-08,1965-03-10,"FM",1959,"CNI","DIJON","Commune"
"036","DUCHET","ROGER","M",1904-07-04,"CONSEILLER MUNICIPAL",1959-03-08,1965-03-10,"FM","M",1959-03-08,1965-03-10,"FM",1959,"CNI","BEAUNE","Commune"
"015","GUESNIER","RENE","M",1919-01-07,"CONSEILLER MUNICIPAL",1959-03-08,1965-03-10,"FM","M",1959-03-08,1965-03-10,"FM",1959,"PCF","BOBIGNY","Commune"
"016","BONNET","ADOLPHE","M",NA,"CONSEILLER MUNICIPAL",1959-03-08,1965-03-10,"FM","M",1959-03-08,1965-03-10,"FM",1959,NA,"AURIOL","Commune"
"018","GUIS","MAURICE","M",NA,"CONSEILLER MUNICIPAL",1959-03-08,1965-03-10,"FM","M",1959-03-08,1965-03-10,"FM",1959,NA,"BOUC BEL AIR","Commune"
"019","MARTIN","RAYMOND","M",NA,"CONSEILLER MUNICIPAL",1959-03-08,1965-03-10,"FM","M",1959-03-08,1965-03-10,"FM",1959,NA,"CABRIES","Commune"
"048","NILES","MAURICE","M",1919-09-12,"CONSEILLER MUNICIPAL",1959-03-08,1965-03-10,"FM","M",1959-03-08,1965-03-10,"FM",1959,"PCF","DRANCY","Commune"
"049","CORRE","CHARLES","M",NA,"CONSEILLER MUNICIPAL",1959-03-08,1965-03-10,"FM","M",1959-03-08,1965-03-10,"FM",1959,NA,"LE BOURGET","Commune"
"050","EMIN","LEON","M",1903-07-11,"CONSEILLER MUNICIPAL",1959-03-08,1965-03-10,"FM","M",1959-03-08,1965-03-10,"FM",1959,NA,"OYONNAX","Commune"
"051","SUMEIRE","FERNAND","M",NA,"CONSEILLER MUNICIPAL",1959-03-08,1965-03-10,"FM","M",1961-06-01,1965-03-10,"FM",1959,NA,"PENNES MIRABEAU","Commune"
"021","ODDE","AUGUSTE","M",NA,"CONSEILLER MUNICIPAL",1959-03-08,1961-06-01,NA,"M",1959-03-08,1961-06-01,NA,1959,NA,"PENNES MIRABEAU","Commune"
"022","RIEUBON","RENE","M",1918-03-04,"CONSEILLER MUNICIPAL",1959-03-08,1965-03-10,"FM","M",1959-03-08,1965-03-10,"FM",1959,"PCF","PORT DE BOUC","Commune"
"023","GRILLET","ARISTIDE","M",NA,"CONSEILLER MUNICIPAL",1959-03-08,1965-03-10,"FM","M",1959-03-08,1965-03-10,"FM",1959,NA,"SAINT GENIS POUILLY","Commune"
"037","ROSSILLE","AIME","M",NA,"CONSEILLER MUNICIPAL",1959-03-08,1965-03-10,"FM","M",1959-03-08,1965-03-10,"FM",1959,NA,"TALANT","Commune"
"024","COUTROT","MAURICE","M",1907-12-03,"CONSEILLER MUNICIPAL",1959-03-08,1965-03-10,"FM","M",1959-03-08,1965-03-10,"FM",1959,"SOC","BONDY","Commune"
"052","MEIFFRE","JEAN CHARLES","M",1908-04-18,"CONSEILLER MUNICIPAL",1959-03-08,1965-03-10,"FM","M",1959-03-08,1965-03-10,"FM",1959,"RAD","MIRIBEL","Commune"
"027","TOURNIER BILLION","LEON","M",NA,"CONSEILLER MUNICIPAL",1959-03-08,1965-03-10,"FM","M",1959-03-08,1965-03-10,NA,1959,"SFIO","AMBERIEU EN BUGEY","Commune"
"001","MERCIER","AMEDEE","M",NA,"CONSEILLER MUNICIPAL",1959-03-08,1965-03-10,"FM","M",1959-03-08,1965-03-10,"FM",1959,"SOC","BOURG EN BRESSE","Commune"
"038","BERTHAUD","DOMINIQUE","M",NA,"CONSEILLER MUNICIPAL",1959-03-08,1963-01-01,"DC","M",1959-03-08,1963-01-01,"DC",1959,"SOC","LONGVIC","Commune"
"053","MAZUE","MAURICE ANDRE GUILLAUME","M",1911-02-24,"CONSEILLER MUNICIPAL",1959-03-08,1965-03-10,"FM","M",1963-02-01,1965-03-10,"FM",1959,"SOC","LONGVIC","Commune"
"054","REMOND","ROGER","M",1925-02-04,"CONSEILLER MUNICIPAL",1959-03-08,1965-03-10,"FM","M",1959-03-08,1965-03-10,"FM",1959,"SOC","QUETIGNY","Commune"
"028","GRAILLE","JEAN","M",1907-05-18,"CONSEILLER MUNICIPAL",1959-03-08,1965-03-10,"FM","M",1959-03-08,1965-03-10,"FM",1959,"SOC","LA CIOTAT","Commune"
"029","DEFFERRE","GASTON","M",1910-09-14,"CONSEILLER MUNICIPAL",1959-03-08,1965-03-10,"FM","M",1959-03-08,1965-03-10,"FM",1959,"SOC","MARSEILLE","Commune"
"031","BAGNANINCHI","JOSEPH","M",NA,"CONSEILLER MUNICIPAL",1959-03-08,1965-03-10,"FM","M",1959-03-08,1965-03-10,"FM",1959,"SOC","SAINT MARTIN DE CRAU","Commune"
"055","COURTAT","ROBERT","M",1922-04-26,"CONSEILLER MUNICIPAL",1959-03-08,1964-06-05,"DM","M",1959-03-08,1964-06-05,"DM",1959,"SOC","AULNAY SOUS BOIS","Commune"
"033","KERAUTRET","PIERRE","M",NA,"CONSEILLER MUNICIPAL",1959-03-08,1965-03-10,"FM","M",1959-03-08,1965-03-10,"FM",1959,"SOC","ROMAINVILLE","Commune"
"056","TOUTAIN","ANDRE","M",1905-03-01,"CONSEILLER MUNICIPAL",1959-03-08,1965-03-10,"FM","M",1959-03-08,1965-03-10,"FM",1959,"SOC","SEVRAN","Commune"
"057","SOUNY","JEAN","M",NA,"CONSEILLER MUNICIPAL",1964-03-07,1965-03-10,"FM","M",1964-03-07,1965-03-10,"FM",1959,"DROITE","FONTAINE LES DIJON","Commune"
"058","CADOT","MAURICE","M",NA,"CONSEILLER MUNICIPAL",1964-06-10,1965-03-10,"FM","M",1964-06-10,1965-03-10,"FM",1959,"SOC","AULNAY SOUS BOIS","Commune"
"002","FROUSSART","JEAN","M",1908-05-16,"CONSEILLER MUNICIPAL",1965-03-14,1971-03-10,"FM","M",1965-03-14,1971-03-10,"FM",1965,"CENTRE","CHEVIGNY SAINT SAUVEUR","Commune"
"003","ANTHONIOZ","MARCEL","M",1911-04-26,"CONSEILLER MUNICIPAL",1965-03-14,1971-03-10,"FM","M",1965-03-14,1971-03-10,"FM",1965,"CNI","DIVONNE LES BAINS","Commune"
"040","RUET","ROLAND","M",1921-10-29,"CONSEILLER MUNICIPAL",1965-03-14,1971-03-10,"FM","M",1965-03-14,1971-03-10,"FM",1965,"CNI","FERNEY VOLTAIRE","Commune"
"041","BAILLY","HENRI","M",NA,"CONSEILLER MUNICIPAL",1965-03-14,1971-03-10,"FM","M",1965-03-14,1971-03-10,"FM",1965,"CNI","CHENOVE","Commune"
"004","MARTIN","ROGER","M",NA,"CONSEILLER MUNICIPAL",1965-03-14,1971-03-10,"FM","M",1965-03-14,1971-03-10,"FM",1965,"COM","BERRE L ETANG","Commune"
"059","LOMBARD","PAUL","M",1927-12-15,"CONSEILLER MUNICIPAL",1965-03-14,1971-03-10,"FM","M",1968-12-10,1971-03-10,"FM",1965,"COM","MARTIGUES","Commune"
"042","TURCAN","FRANCIS","M",1912-02-23,"CONSEILLER MUNICIPAL",1965-03-14,1968-12-08,"DC","M",1965-03-14,1968-12-08,"DC",1965,"COM","MARTIGUES","Commune"
"005","KARMAN","ANDRE","M",1924-03-10,"CONSEILLER MUNICIPAL",1965-03-14,1971-03-10,"FM","M",1965-03-14,1971-03-10,"FM",1965,"COM","AUBERVILLIERS","Commune"
"060","SOLBES","LOUIS","M",1924-03-27,"CONSEILLER MUNICIPAL",1965-03-14,1971-03-10,"FM","M",1965-03-14,1971-03-10,"FM",1965,"COM","AULNAY SOUS BOIS","Commune"
"043","HOUDREMONT","JEAN","M",1924-10-04,"CONSEILLER MUNICIPAL",1965-03-14,1971-03-10,"FM","M",1965-03-14,1971-03-10,"FM",1965,"COM","LA COURNEUVE","Commune"
"006","GREGOIRE","ANDRE","M",1911-01-01,"CONSEILLER MUNICIPAL",1965-03-14,1971-03-10,"FM","M",1965-03-14,1971-03-10,"FM",1965,"COM","MONTREUIL","Commune"
"045","LOLIVE","JEAN","M",1910-06-06,"CONSEILLER MUNICIPAL",1965-03-14,1968-09-06,"DC","M",1965-03-14,1968-09-06,"DC",1965,"COM","PANTIN","Commune"
"061","LAINAT","FERNAND","M",1924-11-01,"CONSEILLER MUNICIPAL",1965-03-14,1971-03-10,"FM","M",1968-09-10,1971-03-10,"FM",1965,"COM","PANTIN","Commune"
"007","GILLOT","AUGUSTE","M",1905-02-07,"CONSEILLER MUNICIPAL",1965-03-14,1971-03-10,"FM","M",1965-03-14,1971-03-10,"FM",1965,"COM","SAINT DENIS","Commune"
"062","DECHAMPS","ANDRE","M",NA,"CONSEILLER MUNICIPAL",1965-03-14,1971-03-10,"FM","M",1965-03-14,1971-03-10,"FM",1965,"COM","CLICHY SOUS BOIS","Commune"
"057","SOUNY","JEAN","M",NA,"CONSEILLER MUNICIPAL",1965-03-14,1971-03-10,"FM","M",1965-03-14,1971-03-10,"FM",1965,"DROITE","FONTAINE LES DIJON","Commune"
"009","DELEUIL","LAURENS","M",1918-11-08,"CONSEILLER MUNICIPAL",1965-03-14,1971-03-10,"FM","M",1965-03-14,1971-03-10,"FM",1965,"DVD","MARIGNANE","Commune"
"063","HOUYOUX","MAURICE","M",NA,"CONSEILLER MUNICIPAL",1965-03-14,1971-03-10,"FM","M",1965-03-14,1971-03-10,"FM",1965,"DVD","LE BOURGET","Commune"
"064","SERELLE","MARIUS","M",1905-09-07,"CONSEILLER MUNICIPAL",1965-03-14,1971-03-10,"FM","M",1965-03-14,1971-03-10,"FM",1965,"DVD","NOISY LE GRAND","Commune"
"011","COLSON","MARCEL","M",NA,"CONSEILLER MUNICIPAL",1965-03-14,1968-03-01,"DC","M",1965-03-14,1968-03-01,"DC",1965,"DVD","RAINCY","Commune"
"065","DOUDEY","LUCIEN","M",NA,"CONSEILLER MUNICIPAL",1965-03-14,1971-03-10,"FM","M",1968-03-01,1971-03-10,"FM",1965,"DVD","RAINCY","Commune"
"012","CADOZ","MARIUS","M",1914-12-30,"CONSEILLER MUNICIPAL",1965-03-14,1971-03-10,"FM","M",1965-03-14,1971-03-10,"FM",1965,"DVG","GEX","Commune"
"066","GISCLON","JOFFRE","M",1915-04-14,"CONSEILLER MUNICIPAL",1965-03-14,1971-03-10,"FM","M",1965-03-14,1971-03-10,"FM",1965,"DVG","TALANT","Commune"
"013","MOURET","HENRI","M",NA,"CONSEILLER MUNICIPAL",1965-03-14,1971-03-10,"FM","M",1965-03-14,1971-03-10,"FM",1965,"IND","AIX EN PROVENCE","Commune"
"017","CHASTEL","PAUL","M",1905-01-28,"CONSEILLER MUNICIPAL",1965-03-14,1971-03-10,"FM","M",1965-03-14,1971-03-10,"FM",1965,"IND","BELLEY","Commune"
"014","PRIVAT","CHARLES","M",1914-06-08,"CONSEILLER MUNICIPAL",1965-03-14,1971-03-10,"FM","M",1965-03-14,1971-03-10,"FM",1965,"SFIO","ARLES","Commune"
"067","GARCIN","EDMOND","M",1917-04-24,"CONSEILLER MUNICIPAL",1965-03-14,1971-03-10,"FM","M",1965-03-14,1971-03-10,"FM",1965,"PCF","AUBAGNE","Commune"
"068","MOINE","HENRI","M",1921-03-22,"CONSEILLER MUNICIPAL",1965-03-14,1971-03-10,"FM","M",1968-12-30,1971-03-10,"FM",1965,"RPR","BEAUNE","Commune"
"069","PERRIAUX","LUCIEN","M",NA,"CONSEILLER MUNICIPAL",1965-03-14,1968-01-01,NA,"M",1965-03-14,1968-01-01,NA,1965,"UNR","BEAUNE","Commune"
"035","KIR","FELIX","M",NA,"CONSEILLER MUNICIPAL",1965-03-14,1968-04-25,"DC","M",1965-03-14,1968-04-25,"DC",1965,"CNI","DIJON","Commune"
"070","VALBON","GEORGES","M",1924-08-08,"CONSEILLER MUNICIPAL",1965-03-14,1971-03-10,"FM","M",1965-03-14,1971-03-10,"FM",1965,"PCF","BOBIGNY","Commune"
"071","BARBEROT","PAUL","M",1915-10-26,"CONSEILLER MUNICIPAL",1965-03-14,1971-03-10,"FM","M",1965-03-14,1971-03-10,"FM",1965,"MRP","BOURG EN BRESSE","Commune"
"072","FERAUD","PAUL","M",NA,"CONSEILLER MUNICIPAL",1965-03-14,1971-03-10,"FM","M",1965-03-14,1971-03-10,"FM",1965,NA,"AURIOL","Commune"
"073","BERGEON","JEAN","M",NA,"CONSEILLER MUNICIPAL",1965-03-14,1971-03-10,"FM","M",1967-06-01,1971-03-10,"FM",1965,NA,"BOUC BEL AIR","Commune"
"018","GUIS","MAURICE","M",NA,"CONSEILLER MUNICIPAL",1965-03-14,1967-06-01,NA,"M",1965-03-14,1967-06-01,NA,1965,NA,"BOUC BEL AIR","Commune"
"019","MARTIN","RAYMOND","M",NA,"CONSEILLER MUNICIPAL",1965-03-14,1971-03-10,"FM","M",1965-03-14,1971-03-10,"FM",1965,NA,"CABRIES","Commune"
"048","NILES","MAURICE","M",1919-09-12,"CONSEILLER MUNICIPAL",1965-03-14,1971-03-10,"FM","M",1965-03-14,1971-03-10,"FM",1965,"PCF","DRANCY","Commune"
"050","EMIN","LEON","M",1903-07-11,"CONSEILLER MUNICIPAL",1965-03-14,1971-03-10,"FM","M",1965-03-14,1971-03-10,"FM",1965,NA,"OYONNAX","Commune"
"051","SUMEIRE","FERNAND","M",NA,"CONSEILLER MUNICIPAL",1965-03-14,1971-03-10,"FM","M",1965-03-14,1971-03-10,"FM",1965,NA,"PENNES MIRABEAU","Commune"
"022","RIEUBON","RENE","M",1918-03-04,"CONSEILLER MUNICIPAL",1965-03-14,1971-03-10,"FM","M",1965-03-14,1971-03-10,"FM",1965,"PCF","PORT DE BOUC","Commune"
"074","DESPIERRE","RENE","M",NA,"CONSEILLER MUNICIPAL",1965-03-14,1971-03-10,"FM","M",1970-11-15,1971-03-10,"FM",1965,NA,"SAINT GENIS POUILLY","Commune"
"023","GRILLET","ARISTIDE","M",NA,"CONSEILLER MUNICIPAL",1965-03-14,1970-11-01,"DC","M",1965-03-14,1970-11-01,"DC",1965,NA,"SAINT GENIS POUILLY","Commune"
"075","ANDRE","JEAN","M",NA,"CONSEILLER MUNICIPAL",1965-03-14,1971-03-10,"FM","M",1965-03-14,1971-03-10,"FM",1965,NA,"TARASCON","Commune"
"024","COUTROT","MAURICE","M",1907-12-03,"CONSEILLER MUNICIPAL",1965-03-14,1971-03-10,"FM","M",1965-03-14,1971-03-10,"FM",1965,"SOC","BONDY","Commune"
"052","MEIFFRE","JEAN CHARLES","M",1908-04-18,"CONSEILLER MUNICIPAL",1965-03-14,1971-03-10,"FM","M",1965-03-14,1971-03-10,"FM",1965,"RAD","MIRIBEL","Commune"
"076","COMBIER","PAUL","M",1933-01-01,"CONSEILLER MUNICIPAL",1965-03-14,1971-03-10,"FM","M",1965-03-14,1971-03-10,"FM",1965,"SOC","AMBERIEU EN BUGEY","Commune"
"053","MAZUE","MAURICE ANDRE GUILLAUME","M",1911-02-24,"CONSEILLER MUNICIPAL",1965-03-14,1971-03-10,"FM","M",1965-03-14,1971-03-10,"FM",1965,"SOC","LONGVIC","Commune"
"054","REMOND","ROGER","M",1925-02-04,"CONSEILLER MUNICIPAL",1965-03-14,1971-03-10,"FM","M",1965-03-14,1971-03-10,"FM",1965,"SOC","QUETIGNY","Commune"
"028","GRAILLE","JEAN","M",1907-05-18,"CONSEILLER MUNICIPAL",1965-03-14,1971-03-10,"FM","M",1965-03-14,1971-03-10,"FM",1965,"SOC","LA CIOTAT","Commune"
"029","DEFFERRE","GASTON","M",1910-09-14,"CONSEILLER MUNICIPAL",1965-03-14,1971-03-10,"FM","M",1965-03-14,1971-03-10,"FM",1965,"SOC","MARSEILLE","Commune"
"031","BAGNANINCHI","JOSEPH","M",NA,"CONSEILLER MUNICIPAL",1965-03-14,1971-03-10,"FM","M",1965-03-14,1971-03-10,"FM",1965,"SOC","SAINT MARTIN DE CRAU","Commune"
"058","CADOT","MAURICE","M",NA,"CONSEILLER MUNICIPAL",1965-03-14,1971-03-10,"FM","M",1965-03-14,1971-03-10,"FM",1965,"SOC","AULNAY SOUS BOIS","Commune"
"077","MARCHELART","GERARD","M",1928-01-01,"CONSEILLER MUNICIPAL",1965-03-14,1971-03-10,"FM","M",1967-01-12,1971-03-10,NA,1965,"SOC","ROMAINVILLE","Commune"
"033","KERAUTRET","PIERRE","M",NA,"CONSEILLER MUNICIPAL",1965-03-14,1967-01-11,"DC","M",1965-03-14,1967-01-11,"DC",1965,"SOC","ROMAINVILLE","Commune"
"056","TOUTAIN","ANDRE","M",1905-03-01,"CONSEILLER MUNICIPAL",1965-03-14,1971-03-10,"FM","M",1965-03-14,1971-03-10,"FM",1965,"SOC","SEVRAN","Commune"
"078","CICCOLINI","FELIX","M",1916-10-02,"CONSEILLER MUNICIPAL",1967-01-27,1971-03-10,"FM","M",1967-01-27,1971-03-10,"FM",1965,"SOC","AIX EN PROVENCE","Commune"
"079","VEILLET","JEAN","M",1901-05-14,"CONSEILLER MUNICIPAL",1968-04-25,1971-03-10,"FM","M",1968-04-25,1971-03-10,"FM",1965,"CNI","DIJON","Commune"
"080","MEYLAN","PASCAL","M",1935-05-01,"CONSEILLER MUNICIPAL",1971-03-14,1977-03-10,"FM","M",1971-03-14,1977-03-10,"FM",1971,"CDP","FERNEY VOLTAIRE","Commune"
"002","FROUSSART","JEAN","M",1908-05-16,"CONSEILLER MUNICIPAL",1971-03-14,1977-03-10,"FM","M",1971-03-13,1977-03-10,"FM",1971,"CENTRE","CHEVIGNY SAINT SAUVEUR","Commune"
"071","BARBEROT","PAUL","M",1915-10-26,"CONSEILLER MUNICIPAL",1971-03-14,1977-03-10,"FM","M",1971-03-14,1977-03-10,"FM",1971,"CNI","BOURG EN BRESSE","Commune"
"081","PERROT","JACQUES","M",1926-09-01,"CONSEILLER MUNICIPAL",1971-03-14,1977-03-10,"FM","M",1971-03-14,1977-03-10,"FM",1971,"COM","ARLES","Commune"
"082","MARTIN","LUCIENNE","F",1937-01-01,"CONSEILLER MUNICIPAL",1971-03-14,1977-03-10,"FM","M",1973-02-01,1977-03-10,"FM",1971,"COM","AURIOL","Commune"
"004","MARTIN","ROGER","M",NA,"CONSEILLER MUNICIPAL",1971-03-14,1977-03-10,"FM","M",1971-03-14,1977-03-10,"FM",1971,"COM","BERRE L ETANG","Commune"
"059","LOMBARD","PAUL","M",1927-12-15,"CONSEILLER MUNICIPAL",1971-03-14,1977-03-10,"FM","M",1971-03-14,1977-03-10,"FM",1971,"COM","MARTIGUES","Commune"
"083","BENDER","ALFRED","M",NA,"CONSEILLER MUNICIPAL",1971-03-14,1977-03-10,"FM","M",1973-06-01,1977-03-10,"FM",1971,"COM","PENNES MIRABEAU","Commune"
"005","KARMAN","ANDRE","M",1924-03-10,"CONSEILLER MUNICIPAL",1971-03-14,1977-03-10,"FM","M",1971-03-14,1977-03-10,"FM",1971,"COM","AUBERVILLIERS","Commune"
"084","BALLANGER","ROBERT","M",1912-11-02,"CONSEILLER MUNICIPAL",1971-03-14,1977-03-10,"FM","M",1971-03-14,1977-03-10,"FM",1971,"COM","AULNAY SOUS BOIS","Commune"
"085","MARSON","JAMES","M",1926-11-01,"CONSEILLER MUNICIPAL",1971-03-14,1977-03-10,"FM","M",1973-03-13,1977-03-10,"FM",1971,"COM","LA COURNEUVE","Commune"
"043","HOUDREMONT","JEAN","M",1924-10-04,"CONSEILLER MUNICIPAL",1971-03-14,1973-01-25,"DC","M",1971-03-14,1973-01-25,"DC",1971,"COM","LA COURNEUVE","Commune"
"086","DUFRICHE","MARCEL","M",1911-10-16,"CONSEILLER MUNICIPAL",1971-03-14,1977-03-10,"FM","M",1971-03-14,1977-03-10,"FM",1971,"COM","MONTREUIL","Commune"
"061","LAINAT","FERNAND","M",1924-11-01,"CONSEILLER MUNICIPAL",1971-03-14,1977-03-10,"FM","M",1971-03-14,1977-03-10,"FM",1971,"COM","PANTIN","Commune"
"062","DECHAMPS","ANDRE","M",NA,"CONSEILLER MUNICIPAL",1971-03-14,1977-03-10,"FM","M",1971-03-14,1977-03-10,"FM",1971,"COM","CLICHY SOUS BOIS","Commune"
"087","POUJADE","ROBERT","M",1928-05-06,"CONSEILLER MUNICIPAL",1971-03-14,1977-03-10,"FM","M",1971-03-14,1977-03-10,"FM",1971,"DROITE","DIJON","Commune"
"009","DELEUIL","LAURENS","M",1918-11-08,"CONSEILLER MUNICIPAL",1971-03-14,1977-03-10,"FM","M",1971-03-14,1977-03-10,"FM",1971,"DVD","MARIGNANE","Commune"
"063","HOUYOUX","MAURICE","M",NA,"CONSEILLER MUNICIPAL",1971-03-14,1977-03-10,"FM","M",1971-03-14,1977-03-10,"FM",1971,"DVD","LE BOURGET","Commune"
"064","SERELLE","MARIUS","M",1905-09-07,"CONSEILLER MUNICIPAL",1971-03-14,1977-03-10,"FM","M",1971-03-14,1977-03-10,"FM",1971,"DVD","NOISY LE GRAND","Commune"
"065","DOUDEY","LUCIEN","M",NA,"CONSEILLER MUNICIPAL",1971-03-14,1976-01-01,"DC","M",1971-03-14,1976-01-01,"DC",1971,"DVD","RAINCY","Commune"
"088","BUY","ANTOINE","M",1907-08-22,"CONSEILLER MUNICIPAL",1971-03-14,1977-03-10,"FM","M",1971-03-14,1977-03-10,"FM",1971,"DVG","AMBERIEU EN BUGEY","Commune"
"012","CADOZ","MARIUS","M",1914-12-30,"CONSEILLER MUNICIPAL",1971-03-14,1976-01-01,"DC","M",1971-03-14,1976-01-01,"DC",1971,"DVG","GEX","Commune"
"089","BILLANDON","CHARLES","M",1921-12-24,"CONSEILLER MUNICIPAL",1971-03-14,1977-03-10,"FM","M",1971-03-14,1977-03-10,"FM",1971,"DVG","MIRIBEL","Commune"
"090","JACQUES","PIERRE","M",1910-10-18,"CONSEILLER MUNICIPAL",1971-03-14,1977-03-10,"FM","M",1971-03-14,1977-03-10,"FM",1971,"DVG","FONTAINE LES DIJON","Commune"
"066","GISCLON","JOFFRE","M",1915-04-14,"CONSEILLER MUNICIPAL",1971-03-14,1977-03-10,"FM","M",1971-03-14,1977-03-10,"FM",1971,"DVG","TALANT","Commune"
"091","VULLIOD","CHARLES","M",1909-01-09,"CONSEILLER MUNICIPAL",1971-03-14,1977-03-10,"FM","M",1971-03-14,1977-03-10,"FM",1971,"DVG","BELLEY","Commune"
"067","GARCIN","EDMOND","M",1917-04-24,"CONSEILLER MUNICIPAL",1971-03-14,1977-03-10,"FM","M",1971-03-14,1977-03-10,"FM",1971,"PCF","AUBAGNE","Commune"
"068","MOINE","HENRI","M",1921-03-22,"CONSEILLER MUNICIPAL",1971-03-14,1977-03-10,"FM","M",1971-03-14,1977-03-10,"FM",1971,"RPR","BEAUNE","Commune"
"070","VALBON","GEORGES","M",1924-08-08,"CONSEILLER MUNICIPAL",1971-03-14,1977-03-10,"FM","M",1971-03-14,1977-03-10,"FM",1971,"PCF","BOBIGNY","Commune"
"072","FERAUD","PAUL","M",NA,"CONSEILLER MUNICIPAL",1971-03-14,1972-06-01,"DM","M",1971-03-14,1972-06-01,"DM",1971,NA,"AURIOL","Commune"
"019","MARTIN","RAYMOND","M",NA,"CONSEILLER MUNICIPAL",1971-03-14,1977-03-10,"FM","M",1971-03-14,1977-03-10,"FM",1971,NA,"CABRIES","Commune"
"048","NILES","MAURICE","M",1919-09-12,"CONSEILLER MUNICIPAL",1971-03-14,1977-03-10,"FM","M",1971-03-14,1977-03-10,"FM",1971,"PCF","DRANCY","Commune"
"050","EMIN","LEON","M",1903-07-11,"CONSEILLER MUNICIPAL",1971-03-14,1977-03-10,"FM","M",1971-03-14,1977-03-10,"FM",1971,NA,"OYONNAX","Commune"
"051","SUMEIRE","FERNAND","M",NA,"CONSEILLER MUNICIPAL",1971-03-14,1977-03-10,"FM","M",1971-03-14,1973-06-01,NA,1971,NA,"PENNES MIRABEAU","Commune"
"022","RIEUBON","RENE","M",1918-03-04,"CONSEILLER MUNICIPAL",1971-03-14,1977-03-10,"FM","M",1971-03-14,1977-03-10,"FM",1971,"PCF","PORT DE BOUC","Commune"
"092","BLAISON","PIERRE","M",1903-06-28,"CONSEILLER MUNICIPAL",1971-03-14,1977-03-10,"FM","M",1971-03-14,1977-03-10,"FM",1971,NA,"SAINT GENIS POUILLY","Commune"
"024","COUTROT","MAURICE","M",1907-12-03,"CONSEILLER MUNICIPAL",1971-03-14,1977-03-10,"FM","M",1971-03-14,1977-03-10,"FM",1971,"SOC","BONDY","Commune"
"093","BERTHELOT","MARCELIN","M",1927-10-09,"CONSEILLER MUNICIPAL",1971-03-14,1977-03-10,"FM","M",1971-03-14,1977-03-10,"FM",1971,"PCF","SAINT DENIS","Commune"
"003","ANTHONIOZ","MARCEL","M",1911-04-26,"CONSEILLER MUNICIPAL",1971-03-14,1976-08-31,"FM","M",1971-03-14,1976-08-31,"DC",1971,"CNI","DIVONNE LES BAINS","Commune"
"094","PROST","JEAN","M",1925-10-26,"CONSEILLER MUNICIPAL",1971-03-14,1977-03-10,"FM","M",1976-10-17,1977-03-10,"FM",1971,NA,"DIVONNE LES BAINS","Commune"
"095","SUREAU","HENRI","M",1909-03-02,"CONSEILLER MUNICIPAL",1971-03-14,1977-03-10,"FM","M",1971-03-14,1977-03-10,"FM",1971,NA,"CHENOVE","Commune"
"054","REMOND","ROGER","M",1925-02-04,"CONSEILLER MUNICIPAL",1971-03-14,1977-03-10,"FM","M",1971-03-13,1977-03-10,"FM",1971,"SOC","QUETIGNY","Commune"
"053","MAZUE","MAURICE ANDRE GUILLAUME","M",1911-02-24,"CONSEILLER MUNICIPAL",1971-03-14,1977-03-10,"FM","M",1971-03-14,1977-03-10,"FM",1971,"SOC","LONGVIC","Commune"
"078","CICCOLINI","FELIX","M",1916-10-02,"CONSEILLER MUNICIPAL",1971-03-14,1977-03-10,"FM","M",1971-03-14,1977-03-10,"FM",1971,"SOC","AIX EN PROVENCE","Commune"
"096","GABELIER","ANTONIN","M",NA,"CONSEILLER MUNICIPAL",1971-03-14,1977-03-10,"FM","M",1975-12-01,1977-03-10,"FM",1971,"SOC","BOUC BEL AIR","Commune"
"097","NAL","ELIE","M",NA,"CONSEILLER MUNICIPAL",1971-03-14,1977-03-10,"FM","M",1971-03-14,1975-11-01,NA,1971,"SOC","BOUC BEL AIR","Commune"
"028","GRAILLE","JEAN","M",1907-05-18,"CONSEILLER MUNICIPAL",1971-03-14,1977-03-10,"FM","M",1971-03-14,1977-03-10,"FM",1971,"SOC","LA CIOTAT","Commune"
"029","DEFFERRE","GASTON","M",1910-09-14,"CONSEILLER MUNICIPAL",1971-03-14,1977-03-10,"FM","M",1971-03-14,1977-03-10,"FM",1971,"SOC","MARSEILLE","Commune"
"031","BAGNANINCHI","JOSEPH","M",NA,"CONSEILLER MUNICIPAL",1971-03-14,1977-03-10,"FM","M",1971-03-14,1977-03-10,"FM",1971,"SOC","SAINT MARTIN DE CRAU","Commune"
"098","SAINT MICHEL","ANTONIN","M",NA,"CONSEILLER MUNICIPAL",1971-03-14,1977-03-10,"FM","M",1971-03-14,1977-03-10,"FM",1971,"SOC","TARASCON","Commune"
"077","MARCHELART","GERARD","M",1928-01-01,"CONSEILLER MUNICIPAL",1971-03-14,1977-03-10,"FM","M",1971-03-14,1977-03-10,"FM",1971,"SOC","ROMAINVILLE","Commune"
"056","TOUTAIN","ANDRE","M",1905-03-01,"CONSEILLER MUNICIPAL",1971-03-14,1977-03-10,"FM","M",1971-03-14,1977-03-10,"FM",1971,"SOC","SEVRAN","Commune"
"094","PROST","JEAN","M",1925-10-26,"CONSEILLER MUNICIPAL",1977-03-13,1983-03-05,"FM","M",1977-03-13,1983-03-05,"FM",1977,"CENTRE","DIVONNE LES BAINS","Commune"
"080","MEYLAN","PASCAL","M",1935-05-01,"CONSEILLER MUNICIPAL",1977-03-13,1983-03-05,"FM","M",1977-03-13,1983-03-05,"FM",1977,"CENTRE","FERNEY VOLTAIRE","Commune"
"099","CHAVANNE","GUY","M",1935-04-21,"CONSEILLER MUNICIPAL",1977-03-13,1982-01-01,"DM","M",1977-03-13,1982-01-01,NA,1977,"COM","OYONNAX","Commune"
"100","SUBTIL","ROBERT","M",1884-03-14,"CONSEILLER MUNICIPAL",1977-03-13,1983-03-01,"FM","M",1982-02-01,1983-03-01,"FM",1977,"COM","OYONNAX","Commune"
"081","PERROT","JACQUES","M",1926-09-01,"CONSEILLER MUNICIPAL",1977-03-13,1983-03-01,"FM","M",1977-03-13,1983-03-01,"FM",1977,"COM","ARLES","Commune"
"082","MARTIN","LUCIENNE","F",1937-01-01,"CONSEILLER MUNICIPAL",1977-03-13,1983-03-01,"FM","M",1977-03-13,1983-03-01,"FM",1977,"COM","AURIOL","Commune"
"004","MARTIN","ROGER","M",NA,"CONSEILLER MUNICIPAL",1977-03-13,1983-03-01,"FM","M",1977-03-13,1983-03-01,"FM",1977,"COM","BERRE L ETANG","Commune"
"101","ROMAND","GEORGES","M",NA,"CONSEILLER MUNICIPAL",1977-03-13,1979-05-01,NA,"M",1977-03-13,1979-05-01,NA,1977,"COM","LA CIOTAT","Commune"
"102","PERRIMOND","LOUIS","M",NA,"CONSEILLER MUNICIPAL",1977-03-13,1983-03-01,"FM","M",1979-06-13,1983-03-01,"FM",1977,"COM","LA CIOTAT","Commune"
"059","LOMBARD","PAUL","M",1927-12-15,"CONSEILLER MUNICIPAL",1977-03-13,1983-03-01,"FM","M",1977-03-13,1983-03-01,"FM",1977,"COM","MARTIGUES","Commune"
"005","KARMAN","ANDRE","M",1924-03-10,"CONSEILLER MUNICIPAL",1977-03-13,1983-03-01,"FM","M",1977-03-13,1983-03-01,"FM",1977,"COM","AUBERVILLIERS","Commune"
"103","THOMAS","PIERRE","M",1929-01-01,"CONSEILLER MUNICIPAL",1977-03-13,1983-03-01,"FM","M",1978-01-01,1983-03-01,"FM",1977,"COM","AULNAY SOUS BOIS","Commune"
"085","MARSON","JAMES","M",1926-11-01,"CONSEILLER MUNICIPAL",1977-03-13,1983-03-01,"FM","M",1977-03-13,1983-03-01,"FM",1977,"COM","LA COURNEUVE","Commune"
"086","DUFRICHE","MARCEL","M",1911-10-16,"CONSEILLER MUNICIPAL",1977-03-13,1983-03-01,"FM","M",1977-03-13,1983-03-01,"FM",1977,"COM","MONTREUIL","Commune"
"104","ISABET","JACQUES","M",1939-07-10,"CONSEILLER MUNICIPAL",1977-03-13,1983-03-01,"FM","M",1977-03-13,1983-03-01,"FM",1977,"COM","PANTIN","Commune"
"105","CLEMENT","ROBERT","M",1939-01-18,"CONSEILLER MUNICIPAL",1977-03-13,1983-03-01,"FM","M",1980-03-15,1983-03-01,NA,1977,"COM","ROMAINVILLE","Commune"
"106","VERGNAUD","BERNARD","M",1932-01-01,"CONSEILLER MUNICIPAL",1977-03-13,1983-03-01,"FM","M",1977-03-13,1983-03-01,"FM",1977,"COM","SEVRAN","Commune"
"062","DECHAMPS","ANDRE","M",NA,"CONSEILLER MUNICIPAL",1977-03-13,1983-03-01,"FM","M",1977-03-13,1983-03-01,"FM",1977,"COM","CLICHY SOUS BOIS","Commune"
"087","POUJADE","ROBERT","M",1928-05-06,"CONSEILLER MUNICIPAL",1977-03-13,1983-03-01,"FM","M",1977-03-13,1983-03-01,"FM",1977,"DROITE","DIJON","Commune"
"107","MARCELPOIL","ROBERT","M",NA,"CONSEILLER MUNICIPAL",1977-03-13,1983-03-05,"FM","M",1977-03-13,1983-03-05,"FM",1977,"DVD","AMBERIEU EN BUGEY","Commune"
"009","DELEUIL","LAURENS","M",1918-11-08,"CONSEILLER MUNICIPAL",1977-03-13,1983-03-01,"FM","M",1977-03-13,1983-03-01,"FM",1977,"DVD","MARIGNANE","Commune"
"108","CADOT","ANDRE","M",NA,"CONSEILLER MUNICIPAL",1977-03-13,1983-03-01,"FM","M",1977-03-13,1983-03-01,"FM",1977,"DVD","LE BOURGET","Commune"
"109","MEGE","RAYMOND","M",1919-01-01,"CONSEILLER MUNICIPAL",1977-03-13,1983-03-01,"FM","M",1977-03-13,1983-03-01,"FM",1977,"DVD","RAINCY","Commune"
"089","BILLANDON","CHARLES","M",1921-12-24,"CONSEILLER MUNICIPAL",1977-03-13,1983-03-05,"FM","M",1977-03-13,1983-03-05,"FM",1977,"DVG","MIRIBEL","Commune"
"067","GARCIN","EDMOND","M",1917-04-24,"CONSEILLER MUNICIPAL",1977-03-13,1983-03-01,"FM","M",1977-03-13,1983-03-01,"FM",1977,"PCF","AUBAGNE","Commune"
"068","MOINE","HENRI","M",1921-03-22,"CONSEILLER MUNICIPAL",1977-03-13,1983-03-01,"FM","M",1977-03-13,1983-03-01,"FM",1977,"RPR","BEAUNE","Commune"
"070","VALBON","GEORGES","M",1924-08-08,"CONSEILLER MUNICIPAL",1977-03-13,1983-03-01,"FM","M",1977-03-13,1983-03-01,"FM",1977,"PCF","BOBIGNY","Commune"
"019","MARTIN","RAYMOND","M",NA,"CONSEILLER MUNICIPAL",1977-03-13,1983-03-01,"FM","M",1977-03-13,1983-03-01,"FM",1977,NA,"CABRIES","Commune"
"048","NILES","MAURICE","M",1919-09-12,"CONSEILLER MUNICIPAL",1977-03-13,1983-03-01,"FM","M",1977-03-13,1983-03-01,"FM",1977,"PCF","DRANCY","Commune"
"110","BOURGOIN","GEORGES","M",NA,"CONSEILLER MUNICIPAL",1977-03-13,1983-03-05,"FM","M",1977-03-13,1983-03-05,"FM",1977,NA,"FONTAINE LES DIJON","Commune"
"111","ANDRE","RENE","M",NA,"CONSEILLER MUNICIPAL",1977-03-13,1983-03-01,"FM","M",1976-02-01,1983-03-01,"FM",1977,NA,"GEX","Commune"
"112","GOUTMANN","MARIE THERESE","F",1933-08-29,"CONSEILLER MUNICIPAL",1977-03-13,1983-03-01,"FM","M",1977-03-13,1983-03-01,"FM",1977,"PCF","NOISY LE GRAND","Commune"
"022","RIEUBON","RENE","M",1918-03-04,"CONSEILLER MUNICIPAL",1977-03-13,1983-03-01,"FM","M",1977-03-13,1983-03-01,"FM",1977,"PCF","PORT DE BOUC","Commune"
"113","DURET","LUCIENNE","F",1922-02-22,"CONSEILLER MUNICIPAL",1977-03-13,1983-03-01,"FM","M",1977-03-13,1983-03-01,"FM",1977,NA,"SAINT GENIS POUILLY","Commune"
"114","RASERA","MICHEL","M",1947-05-30,"CONSEILLER MUNICIPAL",1977-03-13,1983-03-01,"FM","M",1977-03-13,1983-03-01,"FM",1977,"PS","CHEVIGNY SAINT SAUVEUR","Commune"
"115","ROBIN ","LOUIS","M",1923-05-01,"CONSEILLER MUNICIPAL",1977-03-13,1983-03-05,"FM","M",1977-03-13,1983-03-05,"FM",1977,"PS","BOURG EN BRESSE","Commune"
"093","BERTHELOT","MARCELIN","M",1927-10-09,"CONSEILLER MUNICIPAL",1977-03-13,1983-03-01,"FM","M",1977-03-13,1983-03-01,"FM",1977,"PCF","SAINT DENIS","Commune"
"116","CARRAZ","ROLAND","M",1943-05-18,"CONSEILLER MUNICIPAL",1977-03-13,1983-03-05,"FM","M",1977-03-13,1983-03-05,"FM",1977,"SOC","CHENOVE","Commune"
"053","MAZUE","MAURICE ANDRE GUILLAUME","M",1911-02-24,"CONSEILLER MUNICIPAL",1977-03-13,1983-03-05,"FM","M",1977-03-13,1983-03-05,"FM",1977,"SOC","LONGVIC","Commune"
"054","REMOND","ROGER","M",1925-02-04,"CONSEILLER MUNICIPAL",1977-03-13,1983-03-05,"FM","M",1977-03-13,1983-03-05,"FM",1977,"SOC","QUETIGNY","Commune"
"117","HOUELLE","MICHEL","M",1933-08-09,"CONSEILLER MUNICIPAL",1977-03-13,1983-03-05,"FM","M",1977-03-13,1983-03-05,"FM",1977,"SOC","TALANT","Commune"
"096","GABELIER","ANTONIN","M",NA,"CONSEILLER MUNICIPAL",1977-03-13,1983-03-01,"FM","M",1977-03-13,1983-03-01,"FM",1977,"SOC","BOUC BEL AIR","Commune"
"029","DEFFERRE","GASTON","M",1910-09-14,"CONSEILLER MUNICIPAL",1977-03-13,1983-03-01,"FM","M",1977-03-13,1983-03-01,"FM",1977,"SOC","MARSEILLE","Commune"
"118","MELLAN","VICTOR","M",1923-08-26,"CONSEILLER MUNICIPAL",1977-03-13,1983-03-01,"FM","M",1977-03-13,1983-03-01,"FM",1977,"SOC","PENNES MIRABEAU","Commune"
"119","VULPIAN","CLAUDE","M",1936-11-22,"CONSEILLER MUNICIPAL",1977-03-13,1983-03-01,"FM","M",1977-03-13,1983-03-01,"FM",1977,"SOC","SAINT MARTIN DE CRAU","Commune"
"098","SAINT MICHEL","ANTONIN","M",NA,"CONSEILLER MUNICIPAL",1977-03-13,1983-03-01,"FM","M",1977-03-13,1983-03-01,"FM",1977,"SOC","TARASCON","Commune"
"120","FUZIER","CLAUDE","M",1924-06-02,"CONSEILLER MUNICIPAL",1977-03-13,1983-03-01,"FM","M",1977-03-13,1983-03-01,"FM",1977,"SOC","BONDY","Commune"
"077","MARCHELART","GERARD","M",1928-01-01,"CONSEILLER MUNICIPAL",1977-03-13,1983-03-01,"FM","M",1977-03-13,1980-03-10,"DM",1977,"SOC","ROMAINVILLE","Commune"
"121","MILLON","CHARLES","M",1945-11-12,"CONSEILLER MUNICIPAL",1977-03-13,1983-03-05,"FM","M",1977-03-13,1983-03-05,"FM",1977,"UDF","BELLEY","Commune"
"122","JOISSAINS","ALAIN","M",1942-06-30,"CONSEILLER MUNICIPAL",1978-06-29,1983-03-01,"FM","M",1978-06-29,1983-03-01,"FM",1977,"RAD","AIX EN PROVENCE","Commune"
"094","PROST","JEAN","M",1925-10-26,"CONSEILLER MUNICIPAL",1983-03-06,1989-03-10,"FM","M",1983-03-06,1989-03-10,"FM",1983,"CENTRE","DIVONNE LES BAINS","Commune"
"080","MEYLAN","PASCAL","M",1935-05-01,"CONSEILLER MUNICIPAL",1983-03-06,1989-03-10,"FM","M",1983-03-06,1989-03-10,"FM",1983,"CENTRE","FERNEY VOLTAIRE","Commune"
"123","DE PERETTI DE LA ROCCA","JEAN PIERRE","M",1930-06-26,"CONSEILLER MUNICIPAL",1983-03-06,1989-03-10,"FM","M",1983-03-06,1989-03-10,"FM",1983,"CENTRE","AIX EN PROVENCE","Commune"
"082","MARTIN","LUCIENNE","F",1937-01-01,"CONSEILLER MUNICIPAL",1983-03-06,1989-03-10,"FM","M",1983-03-06,1989-03-10,"FM",1983,"COM","AURIOL","Commune"
"124","GUIOU","MAURICE","M",1926-01-01,"CONSEILLER MUNICIPAL",1983-03-06,1989-03-10,"FM","M",1983-03-06,1989-03-10,"FM",1983,"COM","BERRE L ETANG","Commune"
"102","PERRIMOND","LOUIS","M",NA,"CONSEILLER MUNICIPAL",1983-03-06,1989-03-10,"FM","M",1983-03-06,1989-03-10,"FM",1983,"COM","LA CIOTAT","Commune"
"059","LOMBARD","PAUL","M",1927-12-15,"CONSEILLER MUNICIPAL",1983-03-06,1989-03-10,"FM","M",1983-03-06,1989-03-10,"FM",1983,"COM","MARTIGUES","Commune"
"125","RALITE","JACK","M",1928-05-14,"CONSEILLER MUNICIPAL",1983-03-06,1989-03-10,"FM","M",1983-03-06,1989-03-10,"FM",1983,"COM","AUBERVILLIERS","Commune"
"085","MARSON","JAMES","M",1926-11-01,"CONSEILLER MUNICIPAL",1983-03-06,1989-03-10,"FM","M",1983-03-06,1989-03-10,"FM",1983,"COM","LA COURNEUVE","Commune"
"126","BRARD","JEAN PIERRE","M",1948-02-07,"CONSEILLER MUNICIPAL",1983-03-06,1989-03-10,"FM","M",1984-03-31,1989-03-10,"FM",1983,"COM","MONTREUIL","Commune"
"086","DUFRICHE","MARCEL","M",1911-10-16,"CONSEILLER MUNICIPAL",1983-03-06,1984-03-01,NA,"M",1983-03-06,1984-03-01,NA,1983,"COM","MONTREUIL","Commune"
"104","ISABET","JACQUES","M",1939-07-10,"CONSEILLER MUNICIPAL",1983-03-06,1989-03-10,"FM","M",1983-03-06,1989-03-10,"FM",1983,"COM","PANTIN","Commune"
"105","CLEMENT","ROBERT","M",1939-01-18,"CONSEILLER MUNICIPAL",1983-03-06,1989-03-10,"FM","M",1983-03-06,1989-03-10,"FM",1983,"COM","ROMAINVILLE","Commune"
"106","VERGNAUD","BERNARD","M",1932-01-01,"CONSEILLER MUNICIPAL",1983-03-06,1989-03-10,"FM","M",1983-03-06,1989-03-10,"FM",1983,"COM","SEVRAN","Commune"
"062","DECHAMPS","ANDRE","M",NA,"CONSEILLER MUNICIPAL",1983-03-06,1989-03-10,"FM","M",1983-03-06,1989-03-10,"FM",1983,"COM","CLICHY SOUS BOIS","Commune"
"127","GUICHON","LUCIEN","M",1932-02-09,"CONSEILLER MUNICIPAL",1983-03-06,1989-03-10,"FM","M",1983-03-06,1989-03-10,"FM",1983,"DROITE","OYONNAX","Commune"
"128","BRENOT","LUCIEN","M",1948-03-29,"CONSEILLER MUNICIPAL",1983-03-06,1989-03-10,"FM","M",1983-03-06,1989-03-10,"FM",1983,"DROITE","CHEVIGNY SAINT SAUVEUR","Commune"
"087","POUJADE","ROBERT","M",1928-05-06,"CONSEILLER MUNICIPAL",1983-03-06,1989-03-10,"FM","M",1983-03-06,1989-03-10,"FM",1983,"DROITE","DIJON","Commune"
"129","CARMINATI","BAPTISTE","M",NA,"CONSEILLER MUNICIPAL",1983-03-06,1989-03-10,"FM","M",1983-03-06,1989-03-10,"FM",1983,"DROITE","TALANT","Commune"
"130","AILLAUD","THERESE","F",1931-11-05,"CONSEILLER MUNICIPAL",1983-03-06,1989-03-10,"FM","M",1983-03-06,1989-03-10,"FM",1983,"DROITE","TARASCON","Commune"
"107","MARCELPOIL","ROBERT","M",NA,"CONSEILLER MUNICIPAL",1983-03-06,1989-03-10,"FM","M",1983-03-06,1989-03-10,"FM",1983,"DVD","AMBERIEU EN BUGEY","Commune"
"131","JACQUELINET","MARCEL","M",NA,"CONSEILLER MUNICIPAL",1983-03-06,1986-01-01,NA,"M",1983-03-06,1986-01-01,NA,1983,"DVD","LONGVIC","Commune"
"009","DELEUIL","LAURENS","M",1918-11-08,"CONSEILLER MUNICIPAL",1983-03-06,1989-03-10,"FM","M",1983-03-06,1989-03-10,"FM",1983,"DVD","MARIGNANE","Commune"
"108","CADOT","ANDRE","M",NA,"CONSEILLER MUNICIPAL",1983-03-06,1989-03-10,"FM","M",1983-03-06,1989-03-10,"FM",1983,"DVD","LE BOURGET","Commune"
"109","MEGE","RAYMOND","M",1919-01-01,"CONSEILLER MUNICIPAL",1983-03-06,1989-03-10,"FM","M",1983-03-06,1989-03-10,"FM",1983,"DVD","RAINCY","Commune"
"132","CAMOIN","JEAN PIERRE","M",1942-05-09,"CONSEILLER MUNICIPAL",1983-03-06,1989-03-10,"FM","M",1983-03-06,1989-03-10,"FM",1983,"RPR","ARLES","Commune"
"067","GARCIN","EDMOND","M",1917-04-24,"CONSEILLER MUNICIPAL",1983-03-06,1989-03-10,"FM","M",1983-03-06,1987-02-01,"DM",1983,"PCF","AUBAGNE","Commune"
"133","ABRIOUX","JEAN CLAUDE","M",1931-12-01,"CONSEILLER MUNICIPAL",1983-03-06,1989-03-10,"FM","M",1983-03-06,1989-03-10,"FM",1983,"RPR","AULNAY SOUS BOIS","Commune"
"068","MOINE","HENRI","M",1921-03-22,"CONSEILLER MUNICIPAL",1983-03-06,1989-03-10,"FM","M",1983-03-06,1989-03-10,"FM",1983,"RPR","BEAUNE","Commune"
"070","VALBON","GEORGES","M",1924-08-08,"CONSEILLER MUNICIPAL",1983-03-06,1989-03-10,"FM","M",1983-03-06,1989-03-10,"FM",1983,"PCF","BOBIGNY","Commune"
"019","MARTIN","RAYMOND","M",NA,"CONSEILLER MUNICIPAL",1983-03-06,1989-03-10,"FM","M",1983-03-06,1989-03-10,"FM",1983,NA,"CABRIES","Commune"
"048","NILES","MAURICE","M",1919-09-12,"CONSEILLER MUNICIPAL",1983-03-06,1989-03-10,"FM","M",1983-03-06,1989-03-10,"FM",1983,"PCF","DRANCY","Commune"
"134","MORELON","PAUL","M",1922-10-29,"CONSEILLER MUNICIPAL",1983-03-06,1989-03-10,"FM","M",1983-03-06,1989-03-10,"FM",1983,NA,"FONTAINE LES DIJON","Commune"
"135","NICOD","MICHEL","M",1939-10-08,"CONSEILLER MUNICIPAL",1983-03-06,1989-03-10,"FM","M",1983-03-06,1989-03-10,"FM",1983,NA,"GEX","Commune"
"136","BEAUFORT","JEAN","M",1928-02-04,"CONSEILLER MUNICIPAL",1983-03-06,1989-03-10,"FM","M",1983-03-06,1989-03-10,"FM",1983,"DVD","MIRIBEL","Commune"
"022","RIEUBON","RENE","M",1918-03-04,"CONSEILLER MUNICIPAL",1983-03-06,1989-03-10,"FM","M",1983-03-06,1989-03-10,"FM",1983,"PCF","PORT DE BOUC","Commune"
"113","DURET","LUCIENNE","F",1922-02-22,"CONSEILLER MUNICIPAL",1983-03-06,1989-03-10,"FM","M",1983-03-06,1989-03-10,"FM",1983,NA,"SAINT GENIS POUILLY","Commune"
"115","ROBIN ","LOUIS","M",1923-05-01,"CONSEILLER MUNICIPAL",1983-03-06,1985-01-01,"DM","M",1983-03-06,1985-01-01,"DM",1983,"PS","BOURG EN BRESSE","Commune"
"093","BERTHELOT","MARCELIN","M",1927-10-09,"CONSEILLER MUNICIPAL",1983-03-06,1989-03-10,"FM","M",1983-03-06,1989-03-10,"FM",1983,"PCF","SAINT DENIS","Commune"
"116","CARRAZ","ROLAND","M",1943-05-18,"CONSEILLER MUNICIPAL",1983-03-06,1989-03-10,"FM","M",1983-03-06,1989-03-10,"FM",1983,"SOC","CHENOVE","Commune"
"054","REMOND","ROGER","M",1925-02-04,"CONSEILLER MUNICIPAL",1983-03-06,1984-01-01,"DM","M",1983-03-06,1984-01-01,"DM",1983,"SOC","QUETIGNY","Commune"
"096","GABELIER","ANTONIN","M",NA,"CONSEILLER MUNICIPAL",1983-03-06,1989-03-10,"FM","M",1983-03-06,1989-03-10,"FM",1983,"SOC","BOUC BEL AIR","Commune"
"029","DEFFERRE","GASTON","M",1910-09-14,"CONSEILLER MUNICIPAL",1983-03-06,1986-05-07,"DC","M",1983-03-06,1986-05-07,"DC",1983,"SOC","MARSEILLE","Commune"
"137","VIGOUROUX","ROBERT","M",1923-03-21,"CONSEILLER MUNICIPAL",1983-03-06,1989-03-10,"FM","M",1986-05-17,1989-03-10,"FM",1983,"SOC","MARSEILLE","Commune"
"118","MELLAN","VICTOR","M",1923-08-26,"CONSEILLER MUNICIPAL",1983-03-06,1989-03-10,"FM","M",1983-03-06,1989-03-10,"FM",1983,"SOC","PENNES MIRABEAU","Commune"
"119","VULPIAN","CLAUDE","M",1936-11-22,"CONSEILLER MUNICIPAL",1983-03-06,1989-03-10,"FM","M",1983-03-06,1989-03-10,"FM",1983,"SOC","SAINT MARTIN DE CRAU","Commune"
"120","FUZIER","CLAUDE","M",1924-06-02,"CONSEILLER MUNICIPAL",1983-03-06,1989-03-10,"FM","M",1983-03-06,1989-03-10,"FM",1983,"SOC","BONDY","Commune"
"121","MILLON","CHARLES","M",1945-11-12,"CONSEILLER MUNICIPAL",1983-03-06,1989-03-10,"FM","M",1983-03-06,1989-03-10,"FM",1983,"UDF","BELLEY","Commune"
"138","VOUILLOT","HERVE","M",1943-04-01,"CONSEILLER MUNICIPAL",1984-02-01,1989-03-10,"FM","M",1984-02-01,1989-03-10,"FM",1983,"SOC","QUETIGNY","Commune"
"139","MASSONNAUD RICHARD","FRANCOISE","F",NA,"CONSEILLER MUNICIPAL",1984-05-15,1989-03-10,"FM","M",1984-05-15,1989-03-10,"FM",1983,"DROITE","NOISY LE GRAND","Commune"
"140","MORETEAU","JEAN","M",1942-06-23,"CONSEILLER MUNICIPAL",1985-02-01,1989-03-10,"FM","M",1985-02-01,1989-03-10,"FM",1983,"PS","BOURG EN BRESSE","Commune"
"141","COLSON","MAURICE","M",1932-01-01,"CONSEILLER MUNICIPAL",1986-02-01,1989-03-10,"FM","M",1986-02-01,1989-03-10,"FM",1983,"DVD","LONGVIC","Commune"
"080","MEYLAN","PASCAL","M",1935-05-01,"CONSEILLER MUNICIPAL",1989-03-12,1995-06-10,"FM","M",1991-01-01,1995-06-10,"FM",1989,"CENTRE","FERNEY VOLTAIRE","Commune"
"142","MALLIE","RICHARD","M",1948-10-25,"CONSEILLER MUNICIPAL",1989-03-12,1995-06-10,"FM","M",1990-05-04,1995-06-10,"FM",1989,"CENTRE","BOUC BEL AIR","Commune"
"143","PONTONE","ANTOINE","M",NA,"CONSEILLER MUNICIPAL",1989-03-12,1995-06-10,"FM","M",1989-05-10,1995-06-10,"FM",1989,"CENTRE","NOISY LE GRAND","Commune"
"144","PROBERT","GERARD","M",NA,"CONSEILLER MUNICIPAL",1989-03-12,1995-06-10,"FM","M",1993-01-01,1995-06-10,"FM",1989,"CENTRE","CLICHY SOUS BOIS","Commune"
"145","TARDITO","JEAN","M",1933-12-19,"CONSEILLER MUNICIPAL",1989-03-12,1995-06-10,"FM","M",1989-03-19,1995-06-10,"FM",1989,"COM","AUBAGNE","Commune"
"082","MARTIN","LUCIENNE","F",1937-01-01,"CONSEILLER MUNICIPAL",1989-03-12,1995-06-10,"FM","M",1989-03-19,1995-06-10,"FM",1989,"COM","AURIOL","Commune"
"059","LOMBARD","PAUL","M",1927-12-15,"CONSEILLER MUNICIPAL",1989-03-12,1995-06-10,"FM","M",1989-03-19,1995-06-10,"FM",1989,"COM","MARTIGUES","Commune"
"146","VAXES","MICHEL","M",1940-11-14,"CONSEILLER MUNICIPAL",1989-03-12,1995-06-10,"FM","M",1990-05-04,1995-06-10,"FM",1989,"COM","PORT DE BOUC","Commune"
"125","RALITE","JACK","M",1928-05-14,"CONSEILLER MUNICIPAL",1989-03-12,1995-06-10,"FM","M",1989-03-19,1995-06-10,"FM",1989,"COM","AUBERVILLIERS","Commune"
"085","MARSON","JAMES","M",1926-11-01,"CONSEILLER MUNICIPAL",1989-03-12,1995-06-10,"FM","M",1989-03-19,1995-06-10,"FM",1989,"COM","LA COURNEUVE","Commune"
"126","BRARD","JEAN PIERRE","M",1948-02-07,"CONSEILLER MUNICIPAL",1989-03-12,1995-06-10,"FM","M",1989-03-19,1995-06-10,"FM",1989,"COM","MONTREUIL","Commune"
"104","ISABET","JACQUES","M",1939-07-10,"CONSEILLER MUNICIPAL",1989-03-12,1995-06-10,"FM","M",1989-03-19,1995-06-10,"FM",1989,"COM","PANTIN","Commune"
"105","CLEMENT","ROBERT","M",1939-01-18,"CONSEILLER MUNICIPAL",1989-03-12,1995-06-10,"FM","M",1989-03-19,1995-06-10,"FM",1989,"COM","ROMAINVILLE","Commune"
"147","BRAOUEZEC","PATRICK","M",1950-12-11,"CONSEILLER MUNICIPAL",1989-03-12,1995-06-10,"FM","M",1991-06-13,1995-06-10,"FM",1989,"COM","SAINT DENIS","Commune"
"106","VERGNAUD","BERNARD","M",1932-01-01,"CONSEILLER MUNICIPAL",1989-03-12,1995-06-10,"FM","M",1989-03-19,1995-06-10,"FM",1989,"COM","SEVRAN","Commune"
"062","DECHAMPS","ANDRE","M",NA,"CONSEILLER MUNICIPAL",1989-03-12,1990-03-01,NA,"M",1989-03-19,1990-03-01,NA,1989,"COM","CLICHY SOUS BOIS","Commune"
"148","CHAPUIS","CHRISTIAN","M",NA,"CONSEILLER MUNICIPAL",1989-03-12,1995-06-10,"FM","M",1990-03-01,1991-02-01,NA,1989,"COM","CLICHY SOUS BOIS","Commune"
"127","GUICHON","LUCIEN","M",1932-02-09,"CONSEILLER MUNICIPAL",1989-03-12,1995-06-10,"FM","M",1989-03-12,1995-06-10,"FM",1989,"DROITE","OYONNAX","Commune"
"128","BRENOT","LUCIEN","M",1948-03-29,"CONSEILLER MUNICIPAL",1989-03-12,1995-06-10,"FM","M",1989-03-12,1995-06-10,"FM",1989,"DROITE","CHEVIGNY SAINT SAUVEUR","Commune"
"087","POUJADE","ROBERT","M",1928-05-06,"CONSEILLER MUNICIPAL",1989-03-12,1995-06-10,"FM","M",1989-03-12,1995-06-10,"FM",1989,"DROITE","DIJON","Commune"
"129","CARMINATI","BAPTISTE","M",NA,"CONSEILLER MUNICIPAL",1989-03-12,1995-06-10,"FM","M",1989-03-12,1995-06-10,"FM",1989,"DROITE","TALANT","Commune"
"130","AILLAUD","THERESE","F",1931-11-05,"CONSEILLER MUNICIPAL",1989-03-12,1995-06-10,"FM","M",1989-03-19,1995-06-10,"FM",1989,"DROITE","TARASCON","Commune"
"139","MASSONNAUD RICHARD","FRANCOISE","F",NA,"CONSEILLER MUNICIPAL",1989-03-12,1993-09-06,"DM","M",1989-03-19,1993-09-06,"DM",1989,"DROITE","NOISY LE GRAND","Commune"
"107","MARCELPOIL","ROBERT","M",NA,"CONSEILLER MUNICIPAL",1989-03-12,1991-12-22,"DC","M",1989-03-12,1991-12-22,"DC",1989,"DVD","AMBERIEU EN BUGEY","Commune"
"141","COLSON","MAURICE","M",1932-01-01,"CONSEILLER MUNICIPAL",1989-03-12,1995-06-05,"FM","M",1989-03-12,1995-06-05,"FM",1989,"DVD","LONGVIC","Commune"
"009","DELEUIL","LAURENS","M",1918-11-08,"CONSEILLER MUNICIPAL",1989-03-12,1995-06-10,"FM","M",1989-03-19,1995-06-10,"FM",1989,"DVD","MARIGNANE","Commune"
"108","CADOT","ANDRE","M",NA,"CONSEILLER MUNICIPAL",1989-03-12,1993-02-01,"DM","M",1989-03-19,1993-02-01,"DM",1989,"DVD","LE BOURGET","Commune"
"149","LE BRIS","ALBERT","M",NA,"CONSEILLER MUNICIPAL",1989-03-12,1995-06-10,"FM","M",1993-02-01,1995-06-10,"FM",1989,"DVD","LE BOURGET","Commune"
"109","MEGE","RAYMOND","M",1919-01-01,"CONSEILLER MUNICIPAL",1989-03-12,1995-06-10,"FM","M",1989-03-19,1995-06-10,"FM",1989,"DVD","RAINCY","Commune"
"150","HUBERT","BERTRAND","M",NA,"CONSEILLER MUNICIPAL",1989-03-12,1995-06-10,"FM","M",1989-03-12,1995-06-10,"FM",1989,"DVG","SAINT GENIS POUILLY","Commune"
"151","PRUVOST","JEAN CLAUDE","M",NA,"CONSEILLER MUNICIPAL",1989-03-12,1990-12-01,NA,"M",1989-03-12,1990-12-01,NA,1989,"GE","DIVONNE LES BAINS","Commune"
"132","CAMOIN","JEAN PIERRE","M",1942-05-09,"CONSEILLER MUNICIPAL",1989-03-12,1995-06-10,"FM","M",1989-03-19,1995-06-10,"FM",1989,"RPR","ARLES","Commune"
"133","ABRIOUX","JEAN CLAUDE","M",1931-12-01,"CONSEILLER MUNICIPAL",1989-03-12,1995-06-10,"FM","M",1989-03-19,1995-06-10,"FM",1989,"RPR","AULNAY SOUS BOIS","Commune"
"068","MOINE","HENRI","M",1921-03-22,"CONSEILLER MUNICIPAL",1989-03-12,1995-06-01,"FM","M",1989-03-12,1995-06-01,"FM",1989,"RPR","BEAUNE","Commune"
"070","VALBON","GEORGES","M",1924-08-08,"CONSEILLER MUNICIPAL",1989-03-12,1995-06-10,"FM","M",1989-03-19,1995-06-10,"FM",1989,"PCF","BOBIGNY","Commune"
"019","MARTIN","RAYMOND","M",NA,"CONSEILLER MUNICIPAL",1989-03-12,1993-06-01,"DC","M",1989-03-19,1993-06-01,"DC",1989,NA,"CABRIES","Commune"
"152","MATTEODA","MARCEL","M",NA,"CONSEILLER MUNICIPAL",1989-03-12,1995-06-10,"FM","M",1993-06-02,1995-06-10,"FM",1989,NA,"CABRIES","Commune"
"048","NILES","MAURICE","M",1919-09-12,"CONSEILLER MUNICIPAL",1989-03-12,1995-06-10,"FM","M",1989-03-19,1995-06-10,"FM",1989,"PCF","DRANCY","Commune"
"134","MORELON","PAUL","M",1922-10-29,"CONSEILLER MUNICIPAL",1989-03-12,1995-06-05,"FM","M",1989-03-12,1995-06-05,"FM",1989,NA,"FONTAINE LES DIJON","Commune"
"135","NICOD","MICHEL","M",1939-10-08,"CONSEILLER MUNICIPAL",1989-03-12,1995-06-10,"FM","M",1989-03-12,1995-06-10,"FM",1989,NA,"GEX","Commune"
"153","LAFOND","JEAN PIERRE","M",1940-02-17,"CONSEILLER MUNICIPAL",1989-03-12,1995-06-10,"FM","M",1989-03-19,1995-06-10,"FM",1989,"UDF","LA CIOTAT","Commune"
"136","BEAUFORT","JEAN","M",1928-02-04,"CONSEILLER MUNICIPAL",1989-03-12,1995-06-10,"FM","M",1989-03-12,1995-06-10,"FM",1989,"DVD","MIRIBEL","Commune"
"022","RIEUBON","RENE","M",1918-03-04,"CONSEILLER MUNICIPAL",1989-03-12,1995-06-10,"FM","M",1989-03-19,1990-03-19,"DM",1989,"PCF","PORT DE BOUC","Commune"
"154","MORIN","PAUL","M",1924-06-29,"CONSEILLER MUNICIPAL",1989-03-12,1995-06-10,"FM","M",1989-03-12,1995-06-10,"FM",1989,"RAD","BOURG EN BRESSE","Commune"
"093","BERTHELOT","MARCELIN","M",1927-10-09,"CONSEILLER MUNICIPAL",1989-03-12,1991-06-12,"DM","M",1989-03-19,1991-06-12,"DM",1989,"PCF","SAINT DENIS","Commune"
"155","ANDREONI","SERGE","M",1940-03-15,"CONSEILLER MUNICIPAL",1989-03-12,1995-06-10,"FM","M",1989-03-19,1995-06-10,"FM",1989,"PS","BERRE L ETANG","Commune"
"116","CARRAZ","ROLAND","M",1943-05-18,"CONSEILLER MUNICIPAL",1989-03-12,1995-06-10,"FM","M",1989-03-12,1995-06-10,"FM",1989,"SOC","CHENOVE","Commune"
"138","VOUILLOT","HERVE","M",1943-04-01,"CONSEILLER MUNICIPAL",1989-03-12,1995-06-10,"FM","M",1989-03-12,1995-06-10,"FM",1989,"SOC","QUETIGNY","Commune"
"137","VIGOUROUX","ROBERT","M",1923-03-21,"CONSEILLER MUNICIPAL",1989-03-12,1995-06-10,"FM","M",1989-03-19,1995-06-10,"FM",1989,"SOC","MARSEILLE","Commune"
"118","MELLAN","VICTOR","M",1923-08-26,"CONSEILLER MUNICIPAL",1989-03-12,1995-06-10,"FM","M",1989-03-19,1995-06-10,"FM",1989,"SOC","PENNES MIRABEAU","Commune"
"119","VULPIAN","CLAUDE","M",1936-11-22,"CONSEILLER MUNICIPAL",1989-03-12,1995-06-10,"FM","M",1989-03-19,1995-06-10,"FM",1989,"SOC","SAINT MARTIN DE CRAU","Commune"
"120","FUZIER","CLAUDE","M",1924-06-02,"CONSEILLER MUNICIPAL",1989-03-12,1995-06-10,"FM","M",1989-03-19,1995-06-10,"FM",1989,"SOC","BONDY","Commune"
"121","MILLON","CHARLES","M",1945-11-12,"CONSEILLER MUNICIPAL",1989-03-12,1995-06-10,"FM","M",1989-03-12,1995-06-10,"FM",1989,"UDF","BELLEY","Commune"
"156","BLANC","ETIENNE","M",1954-08-29,"CONSEILLER MUNICIPAL",1991-01-20,1995-06-05,"FM","M",1991-01-20,1995-06-05,"FM",1989,"CENTRE","DIVONNE LES BAINS","Commune"
"062","DECHAMPS","ANDRE","M",NA,"CONSEILLER MUNICIPAL",1991-02-01,1993-01-01,NA,"M",1991-02-01,1993-01-01,NA,1989,"DVG","CLICHY SOUS BOIS","Commune"
"157","BOLLIET","GILLES","M",NA,"CONSEILLER MUNICIPAL",1992-01-01,1995-06-10,"FM","M",1992-01-01,1995-06-10,"FM",1989,"DVD","AMBERIEU EN BUGEY","Commune"
"156","BLANC","ETIENNE","M",1954-08-29,"CONSEILLER MUNICIPAL",1995-06-11,2001-03-10,"FM","M",1995-06-11,2001-03-10,"FM",1995,"CENTRE","DIVONNE LES BAINS","Commune"
"142","MALLIE","RICHARD","M",1948-10-25,"CONSEILLER MUNICIPAL",1995-06-11,2001-03-10,"FM","M",1995-06-18,2001-03-10,"FM",1995,"CENTRE","BOUC BEL AIR","Commune"
"158","GAILLANT","FREDERIC","M",NA,"CONSEILLER MUNICIPAL",1995-06-11,2001-03-10,"FM","M",1995-06-18,2001-03-10,"FM",1995,"CENTRE","LE BOURGET","Commune"
"085","MARSON","JAMES","M",1926-11-01,"CONSEILLER MUNICIPAL",1995-06-11,2001-03-10,"FM","M",1995-06-12,1996-10-25,"DM",1995,"COM","LA COURNEUVE","Commune"
"145","TARDITO","JEAN","M",1933-12-19,"CONSEILLER MUNICIPAL",1995-06-11,2001-03-10,"FM","M",1995-06-18,2001-03-10,"FM",1995,"COM","AUBAGNE","Commune"
"082","MARTIN","LUCIENNE","F",1937-01-01,"CONSEILLER MUNICIPAL",1995-06-11,2001-03-10,"FM","M",1995-06-18,2001-03-10,"FM",1995,"COM","AURIOL","Commune"
"159","SANNA","ROSY","F",1940-01-01,"CONSEILLER MUNICIPAL",1995-06-11,2001-03-10,"FM","M",1995-06-18,2001-03-10,"FM",1995,"COM","LA CIOTAT","Commune"
"059","LOMBARD","PAUL","M",1927-12-15,"CONSEILLER MUNICIPAL",1995-06-11,2001-03-10,"FM","M",1995-06-18,2001-03-10,"FM",1995,"COM","MARTIGUES","Commune"
"146","VAXES","MICHEL","M",1940-11-14,"CONSEILLER MUNICIPAL",1995-06-11,2001-03-10,"FM","M",1995-06-18,2001-03-10,"FM",1995,"COM","PORT DE BOUC","Commune"
"125","RALITE","JACK","M",1928-05-14,"CONSEILLER MUNICIPAL",1995-06-11,2001-03-10,"FM","M",1995-06-18,2001-03-10,"FM",1995,"COM","AUBERVILLIERS","Commune"
"160","BIRSINGER","BERNARD","M",1954-09-01,"CONSEILLER MUNICIPAL",1995-06-11,2001-03-10,"FM","M",1995-06-18,2001-03-10,"FM",1995,"COM","BOBIGNY","Commune"
"161","CONTE","GILBERT","M",1941-01-01,"CONSEILLER MUNICIPAL",1995-06-11,2001-03-10,"FM","M",1997-03-01,2001-03-10,"FM",1995,"COM","DRANCY","Commune"
"162","POUX","GILLES","M",1957-06-07,"CONSEILLER MUNICIPAL",1995-06-11,2001-03-10,"FM","M",1995-06-18,2001-03-10,"FM",1995,"COM","LA COURNEUVE","Commune"
"126","BRARD","JEAN PIERRE","M",1948-02-07,"CONSEILLER MUNICIPAL",1995-06-11,2001-03-10,"FM","M",1995-06-18,2001-03-10,"FM",1995,"COM","MONTREUIL","Commune"
"104","ISABET","JACQUES","M",1939-07-10,"CONSEILLER MUNICIPAL",1995-06-11,2001-03-10,"FM","M",1995-06-18,2001-03-10,"FM",1995,"COM","PANTIN","Commune"
"105","CLEMENT","ROBERT","M",1939-01-18,"CONSEILLER MUNICIPAL",1995-06-11,2001-03-10,"FM","M",1995-06-18,1998-05-19,"DM",1995,"COM","ROMAINVILLE","Commune"
"163","VALLS","CORINNE","F",1957-02-02,"CONSEILLER MUNICIPAL",1995-06-11,2001-03-10,"FM","M",1998-05-20,2001-03-10,"FM",1995,"COM","ROMAINVILLE","Commune"
"147","BRAOUEZEC","PATRICK","M",1950-12-11,"CONSEILLER MUNICIPAL",1995-06-11,2001-03-10,"FM","M",1995-06-18,2001-03-10,"FM",1995,"COM","SAINT DENIS","Commune"
"164","SUGUENOT","ALAIN","M",1951-09-17,"CONSEILLER MUNICIPAL",1995-06-11,2001-03-10,"FM","M",1995-03-11,2001-03-10,"FM",1995,"DROITE","BEAUNE","Commune"
"165","PIRALLA","GILLES","M",1949-10-05,"CONSEILLER MUNICIPAL",1995-06-11,2001-03-10,"FM","M",1995-06-11,2001-03-10,"FM",1995,"DROITE","AMBERIEU EN BUGEY","Commune"
"127","GUICHON","LUCIEN","M",1932-02-09,"CONSEILLER MUNICIPAL",1995-06-11,2001-03-10,"FM","M",1995-06-11,2001-03-10,"FM",1995,"DROITE","OYONNAX","Commune"
"128","BRENOT","LUCIEN","M",1948-03-29,"CONSEILLER MUNICIPAL",1995-06-11,2001-03-10,"FM","M",1995-06-11,2001-03-10,"FM",1995,"DROITE","CHEVIGNY SAINT SAUVEUR","Commune"
"087","POUJADE","ROBERT","M",1928-05-06,"CONSEILLER MUNICIPAL",1995-06-11,2001-03-10,"FM","M",1995-06-11,2001-03-10,"FM",1995,"DROITE","DIJON","Commune"
"129","CARMINATI","BAPTISTE","M",NA,"CONSEILLER MUNICIPAL",1995-06-11,1997-01-01,"DM","M",1995-06-11,1997-01-01,"DM",1995,"DROITE","TALANT","Commune"
"166","MENUT","GILBERT","M",1947-12-03,"CONSEILLER MUNICIPAL",1995-06-11,2001-03-10,"FM","M",1997-12-01,2001-03-10,NA,1995,"DROITE","TALANT","Commune"
"167","GAUDIN","JEAN CLAUDE","M",1939-10-08,"CONSEILLER MUNICIPAL",1995-06-11,2001-03-10,"FM","M",1995-06-18,2001-03-10,"FM",1995,"DROITE","MARSEILLE","Commune"
"130","AILLAUD","THERESE","F",1931-11-05,"CONSEILLER MUNICIPAL",1995-06-11,2001-03-10,"FM","M",1995-06-18,2001-03-10,"FM",1995,"DROITE","TARASCON","Commune"
"168","RAOULT","ERIC","M",1955-06-19,"CONSEILLER MUNICIPAL",1995-06-11,2001-03-10,"FM","M",1995-06-18,2001-03-10,"FM",1995,"DROITE","RAINCY","Commune"
"169","OUDOT","JACQUES","M",1934-06-15,"CONSEILLER MUNICIPAL",1995-06-11,2001-03-10,"FM","M",1995-06-18,2001-03-10,"FM",1995,"DROITE","SEVRAN","Commune"
"170","PAOLI","GERARD","M",1945-03-09,"CONSEILLER MUNICIPAL",1995-06-11,2001-03-10,"FM","M",1995-06-11,2001-03-10,"FM",1995,"DVD","GEX","Commune"
"171","JEAN","LISETTE","F",NA,"CONSEILLER MUNICIPAL",1995-06-11,2001-03-10,"FM","M",1995-06-11,2001-03-10,"FM",1995,"DVD","SAINT GENIS POUILLY","Commune"
"172","SIMONPIERI","DANIEL","M",NA,"CONSEILLER MUNICIPAL",1995-06-11,2001-03-10,"FM","M",1995-06-18,2001-03-10,"FM",1995,"EXTD","MARIGNANE","Commune"
"173","CHARPIN","PIERRE","M",NA,"CONSEILLER MUNICIPAL",1995-06-11,2001-03-10,"FM","M",1995-06-18,2001-03-10,"FM",1995,"IND","CABRIES","Commune"
"133","ABRIOUX","JEAN CLAUDE","M",1931-12-01,"CONSEILLER MUNICIPAL",1995-06-11,2001-03-10,"FM","M",1995-06-18,2001-03-10,"FM",1995,"UMP","AULNAY SOUS BOIS","Commune"
"048","NILES","MAURICE","M",1919-09-12,"CONSEILLER MUNICIPAL",1995-06-11,2001-03-10,"FM","M",1995-06-12,1997-01-18,"DM",1995,"PCF","DRANCY","Commune"
"134","MORELON","PAUL","M",1922-10-29,"CONSEILLER MUNICIPAL",1995-06-11,2001-03-10,"FM","M",1995-06-11,2001-03-10,"FM",1995,NA,"FONTAINE LES DIJON","Commune"
"174","ETIEVANT","MICHEL","M",1932-12-12,"CONSEILLER MUNICIPAL",1995-06-11,2001-03-10,"FM","M",1995-03-11,2001-03-10,"FM",1995,"SOC","LONGVIC","Commune"
"174","ETIEVANT","MICHEL","M",1932-12-12,"CONSEILLER MUNICIPAL",1995-06-11,2001-03-10,"FM","M",1995-06-11,2001-03-10,"FM",1995,"SOC","LONGVIC","Commune"
"175","GODIN","ANDRE","M",1942-05-18,"CONSEILLER MUNICIPAL",1995-06-11,2001-03-10,"FM","M",1995-06-11,2001-03-10,"FM",1995,"PS","BOURG EN BRESSE","Commune"
"155","ANDREONI","SERGE","M",1940-03-15,"CONSEILLER MUNICIPAL",1995-06-11,2001-03-10,"FM","M",1995-06-18,2001-03-10,"FM",1995,"PS","BERRE L ETANG","Commune"
"116","CARRAZ","ROLAND","M",1943-05-18,"CONSEILLER MUNICIPAL",1995-06-11,1999-12-09,"DC","M",1995-03-11,1999-12-09,"DC",1995,"SOC","CHENOVE","Commune"
"176","ESMONIN","JEAN","M",1937-02-27,"CONSEILLER MUNICIPAL",1995-06-11,2001-03-10,"FM","M",1999-12-10,2001-03-10,"FM",1995,"SOC","CHENOVE","Commune"
"177","VIANES","GEORGES","M",1938-06-17,"CONSEILLER MUNICIPAL",1995-06-11,2001-03-10,"FM","M",1995-06-11,2001-03-10,"FM",1995,"SOC","FERNEY VOLTAIRE","Commune"
"178","BERTHOU","JACQUES","M",1940-03-03,"CONSEILLER MUNICIPAL",1995-06-11,2001-03-10,"FM","M",1995-06-11,2001-03-10,"FM",1995,"SOC","MIRIBEL","Commune"
"116","CARRAZ","ROLAND","M",1943-05-18,"CONSEILLER MUNICIPAL",1995-06-11,1999-12-09,"DC","M",1995-06-11,1999-12-09,"DC",1995,"SOC","CHENOVE","Commune"
"138","VOUILLOT","HERVE","M",1943-04-01,"CONSEILLER MUNICIPAL",1995-06-11,2001-03-10,"FM","M",1995-06-11,2001-03-10,"FM",1995,"SOC","QUETIGNY","Commune"
"179","PICHERAL","JEAN FRANCOIS","M",1934-02-26,"CONSEILLER MUNICIPAL",1995-06-11,2001-03-10,"FM","M",1995-06-18,2001-03-10,"FM",1995,"SOC","AIX EN PROVENCE","Commune"
"180","VAUZELLE","MICHEL","M",1944-08-15,"CONSEILLER MUNICIPAL",1995-06-11,2001-03-10,"FM","M",1995-06-18,1998-03-15,"CUMUL",1995,"SOC","ARLES","Commune"
"181","TOESCHI","PAOLO","M",1955-01-01,"CONSEILLER MUNICIPAL",1995-06-11,2001-03-10,"FM","M",1998-03-20,2001-03-10,"FM",1995,"SOC","ARLES","Commune"
"118","MELLAN","VICTOR","M",1923-08-26,"CONSEILLER MUNICIPAL",1995-06-11,2001-03-10,"FM","M",1995-06-18,2001-03-10,"FM",1995,"SOC","PENNES MIRABEAU","Commune"
"119","VULPIAN","CLAUDE","M",1936-11-22,"CONSEILLER MUNICIPAL",1995-06-11,2001-03-10,"FM","M",1995-06-18,2001-03-10,"FM",1995,"SOC","SAINT MARTIN DE CRAU","Commune"
"182","ROGER","GILBERT","M",1953-11-09,"CONSEILLER MUNICIPAL",1995-06-11,2001-03-10,"FM","M",1995-06-18,2001-03-10,"FM",1995,"SOC","BONDY","Commune"
"183","GOLDBERG","DANIEL","M",1965-08-24,"CONSEILLER MUNICIPAL",1995-06-11,2001-03-10,"FM","M",1995-06-18,2001-03-10,"FM",1995,"SOC","LA COURNEUVE","Commune"
"184","PAJON","MICHEL","M",1949-06-30,"CONSEILLER MUNICIPAL",1995-06-11,2001-03-10,"FM","M",1995-06-18,2001-03-10,"FM",1995,"SOC","NOISY LE GRAND","Commune"
"185","DILAIN","CLAUDE","M",1948-08-12,"CONSEILLER MUNICIPAL",1995-06-11,2001-03-10,"FM","M",1995-06-18,2001-03-10,"FM",1995,"SOC","CLICHY SOUS BOIS","Commune"
"121","MILLON","CHARLES","M",1945-11-12,"CONSEILLER MUNICIPAL",1995-06-11,2001-03-10,"FM","M",1995-06-11,2001-03-10,"FM",1995,"UDF","BELLEY","Commune"
"156","BLANC","ETIENNE","M",1954-08-29,"CONSEILLER MUNICIPAL",2001-03-11,2008-03-01,"FM","M",2001-03-11,2008-03-01,"FM",2001,"CENTRE","DIVONNE LES BAINS","Commune"
"158","GAILLANT","FREDERIC","M",NA,"CONSEILLER MUNICIPAL",2001-03-11,2008-03-05,"FM","M",2001-03-11,2001-12-01,"DM",2001,"CENTRE","LE BOURGET","Commune"
"186","SCHIAVETTI","HERVE","M",1956-07-06,"CONSEILLER MUNICIPAL",2001-03-11,2008-03-01,"FM","M",2001-03-11,2008-03-01,"FM",2001,"COM","ARLES","Commune"
"187","FONTAINE","DANIEL","M",1945-01-01,"CONSEILLER MUNICIPAL",2001-03-11,2008-03-01,"FM","M",2001-03-11,2008-03-01,"FM",2001,"COM","AUBAGNE","Commune"
"059","LOMBARD","PAUL","M",1927-12-15,"CONSEILLER MUNICIPAL",2001-03-11,2008-03-01,"FM","M",2001-03-11,2008-03-01,"FM",2001,"COM","MARTIGUES","Commune"
"146","VAXES","MICHEL","M",1940-11-14,"CONSEILLER MUNICIPAL",2001-03-11,2008-03-01,"FM","M",2001-03-11,2005-06-19,NA,2001,"COM","PORT DE BOUC","Commune"
"188","FERNANDEZ","PATRICIA","F",1972-01-01,"CONSEILLER MUNICIPAL",2001-03-11,2008-03-01,"FM","M",2005-06-20,2008-03-01,"FM",2001,"COM","PORT DE BOUC","Commune"
"125","RALITE","JACK","M",1928-05-14,"CONSEILLER MUNICIPAL",2001-03-11,2008-03-01,"FM","M",2001-03-11,2003-03-29,"DM",2001,"COM","AUBERVILLIERS","Commune"
"189","BEAUDET","PASCAL","M",1956-10-09,"CONSEILLER MUNICIPAL",2001-03-11,2008-03-05,"FM","M",2003-03-31,2008-03-05,"FM",2001,"COM","AUBERVILLIERS","Commune"
"160","BIRSINGER","BERNARD","M",1954-09-01,"CONSEILLER MUNICIPAL",2001-03-11,2006-08-25,"DC","M",2001-03-11,2006-08-25,"DC",2001,"COM","BOBIGNY","Commune"
"190","PEYGE","Catherine","F",1959-10-08,"CONSEILLER MUNICIPAL",2001-03-11,2008-03-05,"FM","M",2006-06-20,2008-03-05,"FM",2001,"COM","BOBIGNY","Commune"
"162","POUX","GILLES","M",1957-06-07,"CONSEILLER MUNICIPAL",2001-03-11,2008-03-05,"FM","M",2001-03-11,2008-03-05,"FM",2001,"COM","LA COURNEUVE","Commune"
"126","BRARD","JEAN PIERRE","M",1948-02-07,"CONSEILLER MUNICIPAL",2001-03-11,2008-03-01,"FM","M",2001-03-11,2008-03-01,"FM",2001,"COM","MONTREUIL","Commune"
"147","BRAOUEZEC","PATRICK","M",1950-12-11,"CONSEILLER MUNICIPAL",2001-03-11,2008-03-01,"FM","M",2001-03-11,2004-12-10,NA,2001,"COM","SAINT DENIS","Commune"
"191","PAILLARD","DIDIER","M",1954-12-01,"CONSEILLER MUNICIPAL",2001-03-11,2008-03-01,"FM","M",2004-12-11,2008-03-01,"FM",2001,"COM","SAINT DENIS","Commune"
"192","GATIGNON","STEPHANE","M",1969-08-25,"CONSEILLER MUNICIPAL",2001-03-11,2008-03-05,"FM","M",2001-03-11,2008-03-05,"FM",2001,"COM","SEVRAN","Commune"
"164","SUGUENOT","ALAIN","M",1951-09-17,"CONSEILLER MUNICIPAL",2001-03-11,2008-03-01,"FM","M",2001-03-11,2008-03-01,"FM",2001,"DROITE","BEAUNE","Commune"
"193","CHAPUIS","PATRICK","M",1955-08-17,"CONSEILLER MUNICIPAL",2001-03-11,2008-03-01,"FM","M",2001-03-11,2008-03-01,"FM",2001,"DROITE","FONTAINE LES DIJON","Commune"
"166","MENUT","GILBERT","M",1947-12-03,"CONSEILLER MUNICIPAL",2001-03-11,2008-03-01,"FM","M",2001-03-11,2008-03-01,"FM",2001,"DROITE","TALANT","Commune"
"194","PERRIN","JEAN CLAUDE","M",NA,"CONSEILLER MUNICIPAL",2001-03-11,2008-03-01,"FM","M",2002-07-01,2008-03-01,"FM",2001,"DROITE","BOUC BEL AIR","Commune"
"195","FABRE AUBRESPY","HERVE","M",1956-07-20,"CONSEILLER MUNICIPAL",2001-03-11,2008-03-01,"FM","M",2001-03-11,2008-03-01,"FM",2001,"DROITE","CABRIES","Commune"
"196","BORE","PATRICK","M",1956-11-09,"CONSEILLER MUNICIPAL",2001-03-11,2008-03-01,"FM","M",2001-03-11,2008-03-01,"FM",2001,"DROITE","LA CIOTAT","Commune"
"167","GAUDIN","JEAN CLAUDE","M",1939-10-08,"CONSEILLER MUNICIPAL",2001-03-11,2008-03-01,"FM","M",2001-03-11,2008-03-01,"FM",2001,"DROITE","MARSEILLE","Commune"
"130","AILLAUD","THERESE","F",1931-11-05,"CONSEILLER MUNICIPAL",2001-03-11,2002-06-01,"DM","M",2001-03-11,2002-06-01,"DM",2001,"DROITE","TARASCON","Commune"
"197","REYNAUD","JEAN","M",NA,"CONSEILLER MUNICIPAL",2001-03-11,2008-03-01,"FM","M",2002-06-01,2005-01-01,NA,2001,"DROITE","TARASCON","Commune"
"198","FABRE","CHARLES","M",1946-01-01,"CONSEILLER MUNICIPAL",2001-03-11,2008-03-01,"FM","M",2005-06-01,2008-03-01,"FM",2001,"DROITE","TARASCON","Commune"
"199","GAUDRON","GERARD","M",1949-09-26,"CONSEILLER MUNICIPAL",2001-03-11,2008-03-01,"FM","M",2003-04-01,2008-03-01,"FM",2001,"DROITE","AULNAY SOUS BOIS","Commune"
"168","RAOULT","ERIC","M",1955-06-19,"CONSEILLER MUNICIPAL",2001-03-11,2008-03-01,"FM","M",2001-03-11,2008-03-01,"FM",2001,"DROITE","RAINCY","Commune"
"200","JOISSAINS MASINI","MARYSE","F",1942-08-15,"CONSEILLER MUNICIPAL",2001-03-11,2008-03-10,"FM","M",2001-03-19,2008-03-10,"FM",2001,"DROITE","AIX EN PROVENCE","Commune"
"170","PAOLI","GERARD","M",1945-03-09,"CONSEILLER MUNICIPAL",2001-03-11,2008-03-01,"FM","M",2001-03-11,2008-03-01,"FM",2001,"DVD","GEX","Commune"
"201","DUTY","PIERRE ETIENNE","M",NA,"CONSEILLER MUNICIPAL",2001-03-11,2008-03-01,"FM","M",2001-03-11,2008-03-01,"FM",2001,"DVD","FERNEY VOLTAIRE","Commune"
"165","PIRALLA","GILLES","M",1949-10-05,"CONSEILLER MUNICIPAL",2001-03-11,2008-03-01,"FM","M",2001-03-11,2008-03-01,"FM",2001,"DVD","AMBERIEU EN BUGEY","Commune"
"178","BERTHOU","JACQUES","M",1940-03-03,"CONSEILLER MUNICIPAL",2001-03-11,2008-03-01,"FM","M",2001-03-11,2008-03-01,"FM",2001,"DVG","MIRIBEL","Commune"
"172","SIMONPIERI","DANIEL","M",NA,"CONSEILLER MUNICIPAL",2001-03-11,2008-03-01,"FM","M",2001-03-11,2008-03-01,"FM",2001,"EXTD","MARIGNANE","Commune"
"202","LAGARDE","JEAN CHRISTOPHE","M",1967-10-24,"CONSEILLER MUNICIPAL",2001-03-11,2008-03-01,"FM","M",2001-03-11,2008-03-01,"FM",2001,"UDF","DRANCY","Commune"
"174","ETIEVANT","MICHEL","M",1932-12-12,"CONSEILLER MUNICIPAL",2001-03-11,2006-07-07,"DC","M",2001-03-11,2006-07-07,"DC",2001,"SOC","LONGVIC","Commune"
"203","BERTRAND","JEAN MICHEL","M",1943-06-06,"CONSEILLER MUNICIPAL",2001-03-11,2008-02-05,"FM","M",2001-03-25,2008-02-05,"FM",2001,"UMP","BOURG EN BRESSE","Commune"
"204","BERTRAND","HUBERT","M",1946-12-05,"CONSEILLER MUNICIPAL",2001-03-11,2008-03-01,"FM","M",2001-03-11,2008-03-01,"FM",2001,"PRG","SAINT GENIS POUILLY","Commune"
"155","ANDREONI","SERGE","M",1940-03-15,"CONSEILLER MUNICIPAL",2001-03-11,2008-03-01,"FM","M",2001-03-11,2008-03-01,"FM",2001,"PS","BERRE L ETANG","Commune"
"176","ESMONIN","JEAN","M",1937-02-27,"CONSEILLER MUNICIPAL",2001-03-11,2008-03-01,"FM","M",2001-03-11,2008-03-01,"FM",2001,"SOC","CHENOVE","Commune"
"205","REBSAMEN","FRANCOIS","M",1951-06-25,"CONSEILLER MUNICIPAL",2001-03-11,2008-03-01,"FM","M",2001-03-11,2008-03-01,"FM",2001,"SOC","DIJON","Commune"
"206","DARCIAUX","CLAUDE","F",1942-10-18,"CONSEILLER MUNICIPAL",2001-03-11,2008-03-01,"FM","M",2005-06-21,2008-03-01,"FM",2001,"SOC","LONGVIC","Commune"
"207","BACHELARD","MICHEL","M",1948-09-17,"CONSEILLER MUNICIPAL",2001-03-11,2008-03-01,"FM","M",2003-02-01,2008-03-01,"FM",2001,"SOC","QUETIGNY","Commune"
"138","VOUILLOT","HERVE","M",1943-04-01,"CONSEILLER MUNICIPAL",2001-03-11,2003-01-01,"DM","M",2001-03-11,2003-01-01,"DM",2001,"SOC","QUETIGNY","Commune"
"208","GARCIA","DANIELE","F",1948-03-12,"CONSEILLER MUNICIPAL",2001-03-11,2008-03-01,"FM","M",2001-03-11,2008-03-01,"FM",2001,"SOC","AURIOL","Commune"
"209","AMIEL","MICHEL","M",1954-07-03,"CONSEILLER MUNICIPAL",2001-03-11,2008-03-01,"FM","M",2001-03-11,2008-03-01,"FM",2001,"SOC","PENNES MIRABEAU","Commune"
"119","VULPIAN","CLAUDE","M",1936-11-22,"CONSEILLER MUNICIPAL",2001-03-11,2008-03-01,"FM","M",2001-03-11,2008-03-01,"FM",2001,"SOC","SAINT MARTIN DE CRAU","Commune"
"182","ROGER","GILBERT","M",1953-11-09,"CONSEILLER MUNICIPAL",2001-03-11,2008-03-01,"FM","M",2001-03-11,2008-03-01,"FM",2001,"SOC","BONDY","Commune"
"183","GOLDBERG","DANIEL","M",1965-08-24,"CONSEILLER MUNICIPAL",2001-03-11,2008-03-01,"FM","M",2001-03-11,2005-03-01,NA,2001,"SOC","LA COURNEUVE","Commune"
"184","PAJON","MICHEL","M",1949-06-30,"CONSEILLER MUNICIPAL",2001-03-11,2008-03-01,"FM","M",2001-03-11,2008-03-01,"FM",2001,"SOC","NOISY LE GRAND","Commune"
"210","KERN","BERTRAND","M",1962-02-04,"CONSEILLER MUNICIPAL",2001-03-11,2008-03-01,"FM","M",2001-03-11,2008-03-01,"FM",2001,"SOC","PANTIN","Commune"
"163","VALLS","CORINNE","F",1957-02-02,"CONSEILLER MUNICIPAL",2001-03-11,2008-03-05,"FM","M",2001-03-11,2008-03-05,"FM",2001,"SOC","ROMAINVILLE","Commune"
"185","DILAIN","CLAUDE","M",1948-08-12,"CONSEILLER MUNICIPAL",2001-03-11,2008-03-05,"FM","M",2001-03-11,2008-03-05,"FM",2001,"SOC","CLICHY SOUS BOIS","Commune"
"211","CAPO CANELLAS","VINCENT","M",1967-05-04,"CONSEILLER MUNICIPAL",2001-03-11,2008-03-01,"FM","M",2001-03-11,2008-03-01,"FM",2001,"UDF","LE BOURGET","Commune"
"212","TRAVERS","JEAN CLAUDE","M",1947-10-05,"CONSEILLER MUNICIPAL",2001-03-11,2008-03-01,"FM","M",2001-03-11,2008-03-01,"FM",2001,"UMP","BELLEY","Commune"
"213","GOBET","JACQUES","M",1948-08-24,"CONSEILLER MUNICIPAL",2001-03-11,2008-03-01,"FM","M",2001-03-11,2008-03-01,"FM",2001,"UMP","OYONNAX","Commune"
"186","SCHIAVETTI","HERVE","M",1956-07-06,"CONSEILLER MUNICIPAL",2008-03-09,2014-03-20,"FM","M",2008-03-09,2014-03-20,"FM",2008,"COM","ARLES","Commune"
"187","FONTAINE","DANIEL","M",1945-01-01,"CONSEILLER MUNICIPAL",2008-03-09,2014-03-20,"FM","M",2008-03-09,2014-03-20,"FM",2008,"COM","AUBAGNE","Commune"
"214","CHARROUX","GABY","M",1942-06-25,"CONSEILLER MUNICIPAL",2008-03-09,2014-03-20,"FM","M",2009-05-29,2014-03-20,"FM",2008,"COM","MARTIGUES","Commune"
"059","LOMBARD","PAUL","M",1927-12-15,"CONSEILLER MUNICIPAL",2008-03-09,2014-03-20,"FM","M",2008-03-09,2009-05-29,"DM",2008,"COM","MARTIGUES","Commune"
"188","FERNANDEZ","PATRICIA","F",1972-01-01,"CONSEILLER MUNICIPAL",2008-03-09,2014-03-20,"FM","M",2008-03-09,2014-03-20,"FM",2008,"COM","PORT DE BOUC","Commune"
"190","PEYGE","Catherine","F",1959-10-08,"CONSEILLER MUNICIPAL",2008-03-09,2014-03-20,"FM","M",2008-03-09,2014-03-20,"FM",2008,"COM","BOBIGNY","Commune"
"162","POUX","GILLES","M",1957-06-07,"CONSEILLER MUNICIPAL",2008-03-09,2014-03-20,"FM","M",2008-03-09,2014-03-20,"FM",2008,"COM","LA COURNEUVE","Commune"
"191","PAILLARD","DIDIER","M",1954-12-01,"CONSEILLER MUNICIPAL",2008-03-09,2014-03-20,"FM","M",2008-03-09,2014-03-20,"FM",2008,"COM","SAINT DENIS","Commune"
"164","SUGUENOT","ALAIN","M",1951-09-17,"CONSEILLER MUNICIPAL",2008-03-09,2014-03-20,"FM","M",2008-03-09,2014-03-20,"FM",2008,"DROITE","BEAUNE","Commune"
"193","CHAPUIS","PATRICK","M",1955-08-17,"CONSEILLER MUNICIPAL",2008-03-09,2014-03-20,"FM","M",2008-03-09,2014-03-20,"FM",2008,"DROITE","FONTAINE LES DIJON","Commune"
"166","MENUT","GILBERT","M",1947-12-03,"CONSEILLER MUNICIPAL",2008-03-09,2014-03-20,"FM","M",2008-03-09,2014-03-20,"FM",2008,"DROITE","TALANT","Commune"
"200","JOISSAINS MASINI","MARYSE","F",1942-08-15,"CONSEILLER MUNICIPAL",2008-03-09,2014-03-20,"FM","M",2008-03-09,2014-03-20,"FM",2008,"DROITE","AIX EN PROVENCE","Commune"
"194","PERRIN","JEAN CLAUDE","M",NA,"CONSEILLER MUNICIPAL",2008-03-09,2014-03-20,"FM","M",2008-03-09,2014-03-20,"FM",2008,"DROITE","BOUC BEL AIR","Commune"
"196","BORE","PATRICK","M",1956-11-09,"CONSEILLER MUNICIPAL",2008-03-09,2014-03-20,"FM","M",2008-03-09,2014-03-20,"FM",2008,"DROITE","LA CIOTAT","Commune"
"215","LE DISSES","ERIC","M",1955-07-05,"CONSEILLER MUNICIPAL",2008-03-09,2014-03-20,"FM","M",2008-03-09,2014-03-20,"FM",2008,"DROITE","MARIGNANE","Commune"
"167","GAUDIN","JEAN CLAUDE","M",1939-10-08,"CONSEILLER MUNICIPAL",2008-03-09,2014-03-20,"FM","M",2008-03-09,2014-03-20,"FM",2008,"DROITE","MARSEILLE","Commune"
"198","FABRE","CHARLES","M",1946-01-01,"CONSEILLER MUNICIPAL",2008-03-09,2014-03-20,"FM","M",2008-03-09,2014-03-20,"FM",2008,"DROITE","TARASCON","Commune"
"168","RAOULT","ERIC","M",1955-06-19,"CONSEILLER MUNICIPAL",2008-03-09,2014-03-20,"FM","M",2008-03-09,2014-03-20,"FM",2008,"DROITE","RAINCY","Commune"
"170","PAOLI","GERARD","M",1945-03-09,"CONSEILLER MUNICIPAL",2008-03-09,2014-03-20,"FM","M",2008-03-09,2014-03-20,"FM",2008,"DVD","GEX","Commune"
"178","BERTHOU","JACQUES","M",1940-03-03,"CONSEILLER MUNICIPAL",2008-03-09,2014-03-20,"FM","M",2008-03-09,2014-03-20,"FM",2008,"DVG","MIRIBEL","Commune"
"216","MEYLAN","FRANCOIS","M",1944-01-01,"CONSEILLER MUNICIPAL",2008-03-09,2014-03-20,"FM","M",2008-03-09,2014-03-20,"FM",2008,"DVG","FERNEY VOLTAIRE","Commune"
"217","FOGNINI","JEAN MARC","M",1958-03-29,"CONSEILLER MUNICIPAL",2008-03-09,2014-03-20,"FM","M",2008-03-17,2014-03-20,"FM",2008,"DVG","BELLEY","Commune"
"218","VOYNET","DOMINIQUE","F",1958-11-04,"CONSEILLER MUNICIPAL",2008-03-09,2014-03-20,"FM","M",2008-03-09,2014-03-20,"FM",2008,"ECO","MONTREUIL","Commune"
"192","GATIGNON","STEPHANE","M",1969-08-25,"CONSEILLER MUNICIPAL",2008-03-09,2014-03-20,"FM","M",2008-03-09,2014-03-20,"FM",2008,"ECO","SEVRAN","Commune"
"219","MARTIN","RICHARD","M",NA,"CONSEILLER MUNICIPAL",2008-03-09,2014-03-20,"FM","M",2008-03-09,2014-03-20,"FM",2008,"IND","CABRIES","Commune"
"202","LAGARDE","JEAN CHRISTOPHE","M",1967-10-24,"CONSEILLER MUNICIPAL",2008-03-09,2014-03-20,"FM","M",2008-03-09,2014-03-20,"FM",2008,"UDF","DRANCY","Commune"
"220","ROTGER","MICHEL","M",NA,"CONSEILLER MUNICIPAL",2008-03-09,2014-03-20,"FM","M",2012-10-15,2014-03-20,"FM",2008,"UMP","CHEVIGNY SAINT SAUVEUR","Commune"
"204","BERTRAND","HUBERT","M",1946-12-05,"CONSEILLER MUNICIPAL",2008-03-09,2014-03-20,"FM","M",2008-03-09,2014-03-20,"FM",2008,"PRG","SAINT GENIS POUILLY","Commune"
"155","ANDREONI","SERGE","M",1940-03-15,"CONSEILLER MUNICIPAL",2008-03-09,2014-03-20,"FM","M",2008-03-09,2014-03-20,"FM",2008,"PS","BERRE L ETANG","Commune"
"176","ESMONIN","JEAN","M",1937-02-27,"CONSEILLER MUNICIPAL",2008-03-09,2014-03-20,"FM","M",2008-03-09,2014-03-20,"FM",2008,"SOC","CHENOVE","Commune"
"205","REBSAMEN","FRANCOIS","M",1951-06-25,"CONSEILLER MUNICIPAL",2008-03-09,2014-03-20,"FM","M",2008-03-09,2014-03-20,"FM",2008,"SOC","DIJON","Commune"
"206","DARCIAUX","CLAUDE","F",1942-10-18,"CONSEILLER MUNICIPAL",2008-03-09,2014-03-20,"FM","M",2008-03-09,2014-03-20,"FM",2008,"SOC","LONGVIC","Commune"
"207","BACHELARD","MICHEL","M",1948-09-17,"CONSEILLER MUNICIPAL",2008-03-09,2014-03-20,"FM","M",2008-03-09,2014-03-20,"FM",2008,"SOC","QUETIGNY","Commune"
"208","GARCIA","DANIELE","F",1948-03-12,"CONSEILLER MUNICIPAL",2008-03-09,2014-03-20,"FM","M",2008-03-09,2014-03-20,"FM",2008,"SOC","AURIOL","Commune"
"209","AMIEL","MICHEL","M",1954-07-03,"CONSEILLER MUNICIPAL",2008-03-09,2014-03-20,"FM","M",2008-03-09,2014-03-20,"FM",2008,"SOC","PENNES MIRABEAU","Commune"
"119","VULPIAN","CLAUDE","M",1936-11-22,"CONSEILLER MUNICIPAL",2008-03-09,2014-03-20,"FM","M",2008-03-09,2014-03-20,"FM",2008,"SOC","SAINT MARTIN DE CRAU","Commune"
"182","ROGER","GILBERT","M",1953-11-09,"CONSEILLER MUNICIPAL",2008-03-09,2014-03-20,"FM","M",2008-03-09,2011-10-01,"CUMUL",2008,"SOC","BONDY","Commune"
"221","THOMASSIN","SYLVINE","F",1959-12-13,"CONSEILLER MUNICIPAL",2008-03-09,2014-03-20,"FM","M",2011-10-13,2014-03-20,"FM",2008,"SOC","BONDY","Commune"
"184","PAJON","MICHEL","M",1949-06-30,"CONSEILLER MUNICIPAL",2008-03-09,2014-03-20,"FM","M",2008-03-09,2014-03-20,"FM",2008,"SOC","NOISY LE GRAND","Commune"
"210","KERN","BERTRAND","M",1962-02-04,"CONSEILLER MUNICIPAL",2008-03-09,2014-03-20,"FM","M",2008-03-09,2014-03-20,"FM",2008,"SOC","PANTIN","Commune"
"163","VALLS","CORINNE","F",1957-02-02,"CONSEILLER MUNICIPAL",2008-03-09,2014-03-20,"FM","M",2008-03-09,2014-03-20,"FM",2008,"SOC","ROMAINVILLE","Commune"
"185","DILAIN","CLAUDE","M",1948-08-12,"CONSEILLER MUNICIPAL",2008-03-09,2014-03-20,"FM","M",2008-03-09,2011-10-01,"CUMUL",2008,"SOC","CLICHY SOUS BOIS","Commune"
"222","DEBAT","JEAN FRANCOIS","M",1966-01-24,"CONSEILLER MUNICIPAL",2008-03-09,2014-03-20,"FM","M",2008-03-16,2014-03-20,"FM",2008,"SOC","BOURG EN BRESSE","Commune"
"223","EXPOSITO","JOSIANE","F",1943-03-03,"CONSEILLER MUNICIPAL",2008-03-09,2014-03-20,"FM","M",2008-03-17,2014-03-20,"FM",2008,"SOC","AMBERIEU EN BUGEY","Commune"
"224","SEGURA","GERARD","M",1948-05-24,"CONSEILLER MUNICIPAL",2008-03-09,2014-04-01,"FM","M",2008-03-17,2014-04-01,"FM",2008,"SOC","AULNAY SOUS BOIS","Commune"
"156","BLANC","ETIENNE","M",1954-08-29,"CONSEILLER MUNICIPAL",2008-03-09,2014-03-20,"FM","M",2008-03-09,2014-03-20,"FM",2008,"UDF","DIVONNE LES BAINS","Commune"
"211","CAPO CANELLAS","VINCENT","M",1967-05-04,"CONSEILLER MUNICIPAL",2008-03-09,2014-03-20,"FM","M",2008-03-09,2014-03-20,"FM",2008,"UDI","LE BOURGET","Commune"
"225","PERRAUD","MICHEL","M",1953-04-15,"CONSEILLER MUNICIPAL",2008-03-09,2014-03-20,"FM","M",2008-03-09,2014-03-20,"FM",2008,"UDI","OYONNAX","Commune"
"226","SLISSA","MONIQUE","F",1948-01-01,"CONSEILLER MUNICIPAL",2014-03-23,2020-03-10,"FM","M",2017-06-01,2020-03-10,"FM",2014,"CENTRE","PENNES MIRABEAU","Commune"
"227","PAOLI","Stephane","M",1970-07-13,"CONSEILLER MUNICIPAL",2014-03-23,2020-03-15,"FM","M",2014-03-23,2020-03-15,"FM",2014,"CENTRE","BOBIGNY","Commune"
"228","HOPPE","YANNICK","M",1983-12-07,"CONSEILLER MUNICIPAL",2014-03-23,2020-03-15,"FM","M",2017-11-01,2020-03-15,"FM",2014,"CENTRE","LE BOURGET","Commune"
"186","SCHIAVETTI","HERVE","M",1956-07-06,"CONSEILLER MUNICIPAL",2014-03-23,2020-03-10,"FM","M",2014-03-23,2020-03-10,"FM",2014,"COM","ARLES","Commune"
"214","CHARROUX","GABY","M",1942-06-25,"CONSEILLER MUNICIPAL",2014-03-23,2020-03-10,"FM","M",2014-03-23,2020-03-10,"FM",2014,"COM","MARTIGUES","Commune"
"188","FERNANDEZ","PATRICIA","F",1972-01-01,"CONSEILLER MUNICIPAL",2014-03-23,2020-03-10,"FM","M",2014-03-23,2020-03-10,"FM",2014,"COM","PORT DE BOUC","Commune"
"229","DERKAOUI","MERIEM","F",1955-09-25,"CONSEILLER MUNICIPAL",2014-03-23,2020-03-15,"FM","M",2016-01-21,2020-03-15,"FM",2014,"COM","AUBERVILLIERS","Commune"
"189","BEAUDET","PASCAL","M",1956-10-09,"CONSEILLER MUNICIPAL",2014-03-23,2020-03-15,"FM","M",2014-03-23,2016-01-21,"DM",2014,"COM","AUBERVILLIERS","Commune"
"162","POUX","GILLES","M",1957-06-07,"CONSEILLER MUNICIPAL",2014-03-23,2020-03-15,"FM","M",2014-03-23,2020-03-15,"FM",2014,"COM","LA COURNEUVE","Commune"
"230","BESSAC","PATRICE","M",1978-06-17,"CONSEILLER MUNICIPAL",2014-03-23,2020-03-15,"FM","M",2014-03-23,2020-03-15,"FM",2014,"COM","MONTREUIL","Commune"
"191","PAILLARD","DIDIER","M",1954-12-01,"CONSEILLER MUNICIPAL",2014-03-23,2020-03-15,"FM","M",2014-03-23,2016-12-03,"DM",2014,"COM","SAINT DENIS","Commune"
"164","SUGUENOT","ALAIN","M",1951-09-17,"CONSEILLER MUNICIPAL",2014-03-23,2020-03-10,"FM","M",2014-03-23,2020-03-10,"FM",2014,"DROITE","BEAUNE","Commune"
"231","RUET","GUILLAUME","M",1983-06-22,"CONSEILLER MUNICIPAL",2014-03-23,2020-03-10,"FM","M",2019-02-02,2020-03-10,"FM",2014,"DROITE","CHEVIGNY SAINT SAUVEUR","Commune"
"193","CHAPUIS","PATRICK","M",1955-08-17,"CONSEILLER MUNICIPAL",2014-03-23,2020-03-10,"FM","M",2014-03-23,2020-03-10,"FM",2014,"DROITE","FONTAINE LES DIJON","Commune"
"166","MENUT","GILBERT","M",1947-12-03,"CONSEILLER MUNICIPAL",2014-03-23,2020-03-10,"FM","M",2014-03-23,2020-03-10,"FM",2014,"DROITE","TALANT","Commune"
"200","JOISSAINS MASINI","MARYSE","F",1942-08-15,"CONSEILLER MUNICIPAL",2014-03-23,2020-03-10,"FM","M",2014-03-23,2020-03-10,"FM",2014,"DROITE","AIX EN PROVENCE","Commune"
"232","GAZAY","GERARD","M",1957-11-23,"CONSEILLER MUNICIPAL",2014-03-23,2020-03-10,"FM","M",2014-03-23,2020-03-10,"FM",2014,"DROITE","AUBAGNE","Commune"
"142","MALLIE","RICHARD","M",1948-10-25,"CONSEILLER MUNICIPAL",2014-03-23,2020-03-10,"FM","M",2014-03-23,2020-03-10,"FM",2014,"DROITE","BOUC BEL AIR","Commune"
"195","FABRE AUBRESPY","HERVE","M",1956-07-20,"CONSEILLER MUNICIPAL",2014-03-23,2020-03-10,"FM","M",2014-03-23,2020-03-10,"FM",2014,"DROITE","CABRIES","Commune"
"196","BORE","PATRICK","M",1956-11-09,"CONSEILLER MUNICIPAL",2014-03-23,2020-03-10,"FM","M",2014-03-23,2020-03-10,"FM",2014,"DROITE","LA CIOTAT","Commune"
"215","LE DISSES","ERIC","M",1955-07-05,"CONSEILLER MUNICIPAL",2014-03-23,2020-03-10,"FM","M",2014-03-23,2020-03-10,"FM",2014,"DROITE","MARIGNANE","Commune"
"167","GAUDIN","JEAN CLAUDE","M",1939-10-08,"CONSEILLER MUNICIPAL",2014-03-23,2020-03-15,"FM","M",2014-03-23,2020-03-15,"FM",2014,"DROITE","MARSEILLE","Commune"
"233","LIMOUSIN","LUCIEN","M",1947-10-19,"CONSEILLER MUNICIPAL",2014-03-23,2020-03-10,"FM","M",2014-03-23,2020-03-10,"FM",2014,"DROITE","TARASCON","Commune"
"234","BESCHIZZA","BRUNO","M",1968-03-24,"CONSEILLER MUNICIPAL",2014-03-23,2020-03-15,"FM","M",2014-03-23,2020-03-15,"FM",2014,"DROITE","AULNAY SOUS BOIS","Commune"
"235","LAGARDE","AUDE","F",1976-05-15,"CONSEILLER MUNICIPAL",2014-03-23,2020-03-15,"FM","M",2017-09-02,2020-03-15,"FM",2014,"DROITE","DRANCY","Commune"
"236","JIMENEZ","CHRISTIAN","M",1950-02-28,"CONSEILLER MUNICIPAL",2014-03-23,2015-01-19,"DC","M",2014-03-23,2015-01-19,"DC",2014,"DVD","BELLEY","Commune"
"237","BERTHET","PIERRE","M",1949-01-01,"CONSEILLER MUNICIPAL",2014-03-23,2020-03-10,"FM","M",2015-01-30,2020-03-10,"FM",2014,"DVD","BELLEY","Commune"
"238","SCATTOLIN","VINCENT","M",1979-01-27,"CONSEILLER MUNICIPAL",2014-03-23,2020-03-10,"FM","M",2019-02-15,2020-03-10,"FM",2014,"DVD","DIVONNE LES BAINS","Commune"
"239","DUNAND","PASCAL","M",1968-10-15,"CONSEILLER MUNICIPAL",2014-03-23,2020-03-10,"FM","M",2014-03-23,2020-03-10,"FM",2014,"DVD","GEX","Commune"
"240","GENESTIER","JEAN MICHEL","M",1962-05-16,"CONSEILLER MUNICIPAL",2014-03-23,2020-03-15,"FM","M",2014-03-23,2020-03-15,"FM",2014,"DVD","RAINCY","Commune"
"241","VIRICEL","SYLVIE","F",1958-01-01,"CONSEILLER MUNICIPAL",2014-03-23,2020-03-10,"FM","M",2014-03-23,2020-03-10,"FM",2014,"DVG","MIRIBEL","Commune"
"242","TEIXIER","DOMINIQUE","M",1951-04-07,"CONSEILLER MUNICIPAL",2014-03-23,2020-03-10,"FM","M",2016-05-15,2020-03-10,"FM",2014,"DVG","SAINT MARTIN DE CRAU","Commune"
"243","BLANCHET","STEPHANE","M",1970-02-06,"CONSEILLER MUNICIPAL",2014-03-23,2020-03-15,"FM","M",2018-05-15,2020-03-15,"FM",2014,"DVG","SEVRAN","Commune"
"192","GATIGNON","STEPHANE","M",1969-08-25,"CONSEILLER MUNICIPAL",2014-03-23,2020-03-15,"FM","M",2014-03-23,2018-05-15,"DM",2014,"ECO","SEVRAN","Commune"
"209","AMIEL","MICHEL","M",1954-07-03,"CONSEILLER MUNICIPAL",2014-03-23,2020-03-10,"FM","M",2014-03-23,2017-09-21,"CUMUL",2014,"LREM","PENNES MIRABEAU","Commune"
"220","ROTGER","MICHEL","M",NA,"CONSEILLER MUNICIPAL",2014-03-23,2020-03-10,"FM","M",2014-03-23,2019-02-01,"DM",2014,"LR","CHEVIGNY SAINT SAUVEUR","Commune"
"202","LAGARDE","JEAN CHRISTOPHE","M",1967-10-24,"CONSEILLER MUNICIPAL",2014-03-23,2020-03-15,"FM","M",2014-03-26,2017-09-02,"CUMUL",2014,"UDF","DRANCY","Commune"
"204","BERTRAND","HUBERT","M",1946-12-05,"CONSEILLER MUNICIPAL",2014-03-23,2020-03-10,"FM","M",2014-03-23,2020-03-10,"FM",2014,"PRG","SAINT GENIS POUILLY","Commune"
"155","ANDREONI","SERGE","M",1940-03-15,"CONSEILLER MUNICIPAL",2014-03-23,2020-03-10,NA,"M",2014-03-23,2016-09-14,NA,2014,"PS","BERRE L ETANG","Commune"
"222","DEBAT","JEAN FRANCOIS","M",1966-01-24,"CONSEILLER MUNICIPAL",2014-03-23,2020-03-10,"FM","M",2014-03-23,2020-03-10,"FM",2014,"SOC","BOURG EN BRESSE","Commune"
"244","FALCONNET","THIERRY","M",1964-11-27,"CONSEILLER MUNICIPAL",2014-03-23,2020-03-10,"FM","M",2015-09-01,2020-03-10,"FM",2014,"SOC","CHENOVE","Commune"
"245","ALMEIDA","JOSE","M",NA,"CONSEILLER MUNICIPAL",2014-03-23,2020-03-10,"FM","M",2014-03-23,2020-03-10,"FM",2014,"SOC","LONGVIC","Commune"
"207","BACHELARD","MICHEL","M",1948-09-17,"CONSEILLER MUNICIPAL",2014-03-23,2016-01-22,"DM","M",2014-03-23,2016-01-22,"DM",2014,"SOC","QUETIGNY","Commune"
"246","DETANG","REMI","M",1956-05-03,"CONSEILLER MUNICIPAL",2014-03-23,2020-03-10,"FM","M",2016-02-01,2020-03-10,"FM",2014,"SOC","QUETIGNY","Commune"
"208","GARCIA","DANIELE","F",1948-03-12,"CONSEILLER MUNICIPAL",2014-03-23,2020-03-10,"FM","M",2014-03-23,2020-03-10,"FM",2014,"SOC","AURIOL","Commune"
"247","MARTINET","MARIO","M",1956-09-20,"CONSEILLER MUNICIPAL",2014-03-23,2020-03-10,"FM","M",2016-09-14,2020-03-10,"FM",2014,"SOC","BERRE L ETANG","Commune"
"119","VULPIAN","CLAUDE","M",1936-11-22,"CONSEILLER MUNICIPAL",2014-03-23,2020-03-10,"FM","M",2014-03-23,2016-05-10,"DM",2014,"SOC","SAINT MARTIN DE CRAU","Commune"
"221","THOMASSIN","SYLVINE","F",1959-12-13,"CONSEILLER MUNICIPAL",2014-03-23,2020-03-15,"FM","M",2014-03-23,2020-03-15,"FM",2014,"SOC","BONDY","Commune"
"210","KERN","BERTRAND","M",1962-02-04,"CONSEILLER MUNICIPAL",2014-03-23,2020-03-15,"FM","M",2014-03-23,2020-03-15,"FM",2014,"SOC","PANTIN","Commune"
"163","VALLS","CORINNE","F",1957-02-02,"CONSEILLER MUNICIPAL",2014-03-23,2020-03-15,"FM","M",2014-03-23,2020-03-15,"FM",2014,"SOC","ROMAINVILLE","Commune"
"156","BLANC","ETIENNE","M",1954-08-29,"CONSEILLER MUNICIPAL",2014-03-23,2019-02-01,"AU","M",2014-03-23,2019-02-01,"AU",2014,"UDF","DIVONNE LES BAINS","Commune"
"211","CAPO CANELLAS","VINCENT","M",1967-05-04,"CONSEILLER MUNICIPAL",2014-03-23,2017-10-11,"DM","M",2014-03-23,2017-10-11,"CUMUL",2014,"UDI","LE BOURGET","Commune"
"248","FABRE","DANIEL","M",1961-09-07,"CONSEILLER MUNICIPAL",2014-03-23,2020-03-10,"FM","M",2014-03-23,2020-03-10,"FM",2014,"UDI","AMBERIEU EN BUGEY","Commune"
"225","PERRAUD","MICHEL","M",1953-04-15,"CONSEILLER MUNICIPAL",2014-03-23,2020-03-10,"FM","M",2014-03-23,2020-03-10,"FM",2014,"UDI","OYONNAX","Commune"
"249","RAPHOZ","DANIEL","M",1955-12-06,"CONSEILLER MUNICIPAL",2014-03-23,2020-03-10,"FM","M",2014-03-23,2020-03-10,"FM",2014,"UDI","FERNEY VOLTAIRE","Commune"
"176","ESMONIN","JEAN","M",1937-02-27,"CONSEILLER MUNICIPAL",2014-09-23,2015-08-20,"DM","M",2014-09-23,2015-08-20,"DM",2014,"SOC","CHENOVE","Commune"
"205","REBSAMEN","FRANCOIS","M",1951-06-25,"CONSEILLER MUNICIPAL",2015-08-10,2020-07-01,"FM","M",2015-08-10,2020-07-01,"FM",2014,"SOC","DIJON","Commune"
"250","MARSIGNY","BRIGITTE","F",1952-07-11,"CONSEILLER MUNICIPAL",2015-09-25,2020-03-15,"FM","M",2015-09-25,2020-03-15,"FM",2014,"DROITE","NOISY LE GRAND","Commune"
"251","FRANCLET","KARINE","F",1981-12-13,"CONSEILLER MUNICIPAL",2020-06-28,NA,NA,"M",2020-06-28,NA,NA,2020,"CENTRE","AUBERVILLIERS","Commune"
"230","BESSAC","PATRICE","M",1978-06-17,"CONSEILLER MUNICIPAL",2020-06-28,NA,NA,"M",2020-06-28,NA,NA,2020,"COM","MONTREUIL","Commune"
"252","SADI","ABDEL","M",1962-02-11,"CONSEILLER MUNICIPAL",2020-06-28,NA,NA,"M",2020-06-28,NA,NA,2020,"COM","BOBIGNY","Commune"
"162","POUX","GILLES","M",1957-06-07,"CONSEILLER MUNICIPAL",2020-06-28,NA,NA,"M",2020-06-28,NA,NA,2020,"COM","LA COURNEUVE","Commune"
"214","CHARROUX","GABY","M",1942-06-25,"CONSEILLER MUNICIPAL",2020-06-28,NA,NA,"M",2020-06-28,NA,NA,2020,"COM","MARTIGUES","Commune"
"164","SUGUENOT","ALAIN","M",1951-09-17,"CONSEILLER MUNICIPAL",2020-06-28,NA,NA,"M",2020-06-28,NA,NA,2020,"DROITE","BEAUNE","Commune"
"232","GAZAY","GERARD","M",1957-11-23,"CONSEILLER MUNICIPAL",2020-06-28,NA,NA,"M",2020-06-28,NA,NA,2020,"DROITE","AUBAGNE","Commune"
"215","LE DISSES","ERIC","M",1955-07-05,"CONSEILLER MUNICIPAL",2020-06-28,NA,NA,"M",2020-06-28,NA,NA,2020,"DROITE","MARIGNANE","Commune"
"233","LIMOUSIN","LUCIEN","M",1947-10-19,"CONSEILLER MUNICIPAL",2020-06-28,NA,NA,"M",2020-06-28,NA,NA,2020,"DROITE","TARASCON","Commune"
"231","RUET","GUILLAUME","M",1983-06-22,"CONSEILLER MUNICIPAL",2020-06-28,NA,NA,"M",2020-06-28,NA,NA,2020,"DROITE","CHEVIGNY SAINT SAUVEUR","Commune"
"193","CHAPUIS","PATRICK","M",1955-08-17,"CONSEILLER MUNICIPAL",2020-06-28,NA,NA,"M",2020-06-28,NA,NA,2020,"DROITE","FONTAINE LES DIJON","Commune"
"253","RUINET","FRANCOIS","M",1972-06-14,"CONSEILLER MUNICIPAL",2020-06-28,NA,NA,"M",2020-06-28,NA,NA,2020,"DROITE","TALANT","Commune"
"254","HERVE","STEPHEN","M",NA,"CONSEILLER MUNICIPAL",2020-06-28,NA,NA,"M",2020-06-28,NA,NA,2020,"DROITE","BONDY","Commune"
"235","LAGARDE","AUDE","F",1976-05-15,"CONSEILLER MUNICIPAL",2020-06-28,NA,NA,"M",2020-06-28,NA,NA,2020,"DROITE","DRANCY","Commune"
"250","MARSIGNY","BRIGITTE","F",1952-07-11,"CONSEILLER MUNICIPAL",2020-06-28,NA,NA,"M",2020-06-28,NA,NA,2020,"DROITE","NOISY LE GRAND","Commune"
"234","BESCHIZZA","BRUNO","M",1968-03-24,"CONSEILLER MUNICIPAL",2020-06-28,NA,NA,"M",2020-06-28,NA,NA,2020,"DROITE","AULNAY SOUS BOIS","Commune"
"200","JOISSAINS MASINI","MARYSE","F",1942-08-15,"CONSEILLER MUNICIPAL",2020-06-28,NA,NA,"M",2020-06-28,NA,NA,2020,"DROITE","AIX EN PROVENCE","Commune"
"142","MALLIE","RICHARD","M",1948-10-25,"CONSEILLER MUNICIPAL",2020-06-28,NA,NA,"M",2020-06-28,NA,NA,2020,"DROITE","BOUC BEL AIR","Commune"
"255","SALVO","ARLETTE","M",1946-03-13,"CONSEILLER MUNICIPAL",2020-06-28,NA,NA,"M",2020-06-28,NA,NA,2020,"DROITE","LA CIOTAT","Commune"
"256","MIQUELLY","VERONIQUE","F",1971-02-15,"CONSEILLER MUNICIPAL",2020-06-28,NA,NA,"M",2020-06-28,NA,NA,2020,"DVD","AURIOL","Commune"
"257","LAHUERTA","DIMITRI","M",1980-10-20,"CONSEILLER MUNICIPAL",2020-06-28,NA,"FM","M",2020-06-28,NA,"FM",2020,"DVD","BELLEY","Commune"
"238","SCATTOLIN","VINCENT","M",1979-01-27,"CONSEILLER MUNICIPAL",2020-06-28,NA,NA,"M",2020-06-28,NA,NA,2020,"DVD","DIVONNE LES BAINS","Commune"
"239","DUNAND","PASCAL","M",1968-10-15,"CONSEILLER MUNICIPAL",2020-06-28,NA,NA,"M",2020-06-28,NA,NA,2020,"DVD","GEX","Commune"
"258","GAITET","JEAN PIERRE","M",1954-01-21,"CONSEILLER MUNICIPAL",2020-06-28,NA,NA,"M",2020-06-28,NA,NA,2020,"DVD","MIRIBEL","Commune"
"259","BORSALI","JEAN BAPTISTE","M",1988-04-04,"CONSEILLER MUNICIPAL",2020-06-28,NA,NA,"M",2020-06-28,NA,NA,2020,"DVD","LE BOURGET","Commune"
"240","GENESTIER","JEAN MICHEL","M",1962-05-16,"CONSEILLER MUNICIPAL",2020-06-28,NA,NA,"M",2020-06-28,NA,NA,2020,"DVD","RAINCY","Commune"
"260","LEXCELLENT","MARIE ROSE","F",1947-02-10,"CONSEILLER MUNICIPAL",2020-06-28,NA,NA,"M",2020-06-28,NA,NA,2020,"DVG","SAINT MARTIN DE CRAU","Commune"
"243","BLANCHET","STEPHANE","M",1970-02-06,"CONSEILLER MUNICIPAL",2020-06-28,NA,NA,"M",2020-06-28,NA,NA,2020,"DVG","SEVRAN","Commune"
"261","DECHY","FRANCOIS","M",1979-09-07,"CONSEILLER MUNICIPAL",2020-06-28,NA,NA,"M",2020-06-28,NA,NA,2020,"DVG","ROMAINVILLE","Commune"
"262","VENTRON","AMAPOLA","F",NA,"CONSEILLER MUNICIPAL",2020-06-28,NA,NA,"M",2020-06-28,NA,NA,2020,"ECO","CABRIES","Commune"
"263","DE CAROLIS","PATRICK","M",1953-11-19,"CONSEILLER MUNICIPAL",2020-06-28,NA,NA,"M",2020-06-28,NA,NA,2020,"HORIZONS","ARLES","Commune"
"209","AMIEL","MICHEL","M",1954-07-03,"CONSEILLER MUNICIPAL",2020-06-28,NA,NA,"M",2020-06-28,NA,NA,2020,"LREM","PENNES MIRABEAU","Commune"
"264","JOISSAINS","SOPHIE","F",1969-10-25,"CONSEILLER MUNICIPAL",2020-06-28,NA,NA,"M",2020-06-28,NA,NA,2020,"UDI","AIX EN PROVENCE","Commune"
"265","BELSOLA","LAURENT","M",1970-01-12,"CONSEILLER MUNICIPAL",2020-06-28,NA,NA,"M",2020-06-28,NA,NA,2020,"PCF","PORT DE BOUC","Commune"
"204","BERTRAND","HUBERT","M",1946-12-05,"CONSEILLER MUNICIPAL",2020-06-28,NA,NA,"M",2020-06-28,NA,NA,2020,"PRG","SAINT GENIS POUILLY","Commune"
"266","HANOTIN","MATHIEU","M",1978-08-22,"CONSEILLER MUNICIPAL",2020-06-28,NA,NA,"M",2020-06-28,NA,NA,2020,"PS","SAINT DENIS","Commune"
"247","MARTINET","MARIO","M",1956-09-20,"CONSEILLER MUNICIPAL",2020-06-28,NA,NA,"M",2020-06-28,NA,NA,2020,"SOC","BERRE L ETANG","Commune"
"222","DEBAT","JEAN FRANCOIS","M",1966-01-24,"CONSEILLER MUNICIPAL",2020-06-28,NA,NA,"M",2020-06-28,NA,NA,2020,"SOC","BOURG EN BRESSE","Commune"
"244","FALCONNET","THIERRY","M",1964-11-27,"CONSEILLER MUNICIPAL",2020-06-28,NA,"FM","M",2020-06-28,NA,NA,2020,"SOC","CHENOVE","Commune"
"245","ALMEIDA","JOSE","M",NA,"CONSEILLER MUNICIPAL",2020-06-28,NA,NA,"M",2020-06-28,NA,NA,2020,"SOC","LONGVIC","Commune"
"246","DETANG","REMI","M",1956-05-03,"CONSEILLER MUNICIPAL",2020-06-28,NA,NA,"M",2020-06-28,NA,NA,2020,"SOC","QUETIGNY","Commune"
"210","KERN","BERTRAND","M",1962-02-04,"CONSEILLER MUNICIPAL",2020-06-28,NA,NA,"M",2020-06-28,NA,NA,2020,"SOC","PANTIN","Commune"
"267","KLEIN","OLIVIER","M",1967-02-16,"CONSEILLER MUNICIPAL",2020-06-28,NA,NA,"M",2020-06-28,NA,NA,2020,"SOC","CLICHY SOUS BOIS","Commune"
"268","PAYPAN","BENOIT","M",1978-01-31,"CONSEILLER MUNICIPAL",2020-06-28,NA,NA,"M",2020-06-28,NA,NA,2020,"SOC","MARSEILLE","Commune"
"205","REBSAMEN","FRANCOIS","M",1951-06-25,"CONSEILLER MUNICIPAL",2020-06-28,NA,NA,"M",2020-06-28,NA,NA,2020,"SOC","DIJON","Commune"
"248","FABRE","DANIEL","M",1961-09-07,"CONSEILLER MUNICIPAL",2020-06-28,NA,NA,"M",2020-06-28,NA,NA,2020,"UDI","AMBERIEU EN BUGEY","Commune"
"225","PERRAUD","MICHEL","M",1953-04-15,"CONSEILLER MUNICIPAL",2020-06-28,NA,NA,"M",2020-06-28,NA,NA,2020,"UDI","OYONNAX","Commune"
"249","RAPHOZ","DANIEL","M",1955-12-06,"CONSEILLER MUNICIPAL",2020-06-28,NA,NA,"M",2020-06-28,NA,NA,2020,"UDI","FERNEY VOLTAIRE","Commune"
