NomDeNaissance;Prenom;Sexe;DateDeNaissance;TypeMandat;DateDebutMandat;DateFinMandat;MotifFinMandat;TypeFonction;DateDebutFonction;DateFinFonction;MotifFinFonction;Mandature;NuancePolitique;NomTerritoire;TypeTerritoire
MERCIER;AMEDEE;M;1890-12-02;CONSEILLER MUNICIPAL;26/04/1953;01/03/1959;FM;M;16/04/1953;01/03/1959;FM;1953;SOC;BOURG EN BRESSE;Commune
FROUSSART;JEAN;M;16/05/1908;CONSEILLER MUNICIPAL;26/04/1953;05/03/1959;FM;M;26/04/1953;05/03/1959;FM;1953;CENTRE;CHEVIGNY SAINT SAUVEUR;Commune
ANTHONIOZ;MARCEL;M;26/04/1911;CONSEILLER MUNICIPAL;26/04/1953;05/03/1959;FM;M;26/04/1953;05/03/1959;FM;1953;CNI;DIVONNE LES BAINS;Commune
MARTIN;ROGER;M;NA;CONSEILLER MUNICIPAL;26/04/1953;01/03/1959;FM;M;26/04/1953;01/03/1959;FM;1953;COM;BERRE L ETANG;Commune
KARMAN;ANDRE;M;10/03/1924;CONSEILLER MUNICIPAL;26/04/1953;01/03/1959;FM;M;01/01/1957;01/03/1959;FM;1953;COM;AUBERVILLIERS;Commune
GREGOIRE;ANDRE;M;01/01/1911;CONSEILLER MUNICIPAL;26/04/1953;01/03/1959;FM;M;01/01/1958;01/03/1959;FM;1953;COM;MONTREUIL;Commune
GILLOT;AUGUSTE;M;07/02/1905;CONSEILLER MUNICIPAL;26/04/1953;01/03/1959;FM;M;26/04/1953;01/03/1959;FM;1953;COM;SAINT DENIS;Commune
CORRIEZ;GEORGES;M;NA;CONSEILLER MUNICIPAL;26/04/1953;01/03/1959;FM;M;26/04/1953;01/03/1959;FM;1953;COM;CLICHY SOUS BOIS;Commune
DELEUIL;LAURENS;M;08/11/1918;CONSEILLER MUNICIPAL;26/04/1953;01/03/1959;FM;M;26/04/1953;01/03/1959;FM;1953;DVD;MARIGNANE;Commune
VALETTE;HONORE;M;NA;CONSEILLER MUNICIPAL;26/04/1953;01/03/1959;FM;M;26/04/1953;01/03/1959;FM;1953;DVD;TARASCON;Commune
COLSON;MARCEL;M;NA;CONSEILLER MUNICIPAL;26/04/1953;01/03/1959;FM;M;26/04/1953;01/03/1959;FM;1953;DVD;RAINCY;Commune
CADOZ;MARIUS;M;30/12/1914;CONSEILLER MUNICIPAL;26/04/1953;05/03/1959;FM;M;26/04/1953;05/03/1959;FM;1953;DVG;GEX;Commune
MOURET;HENRI;M;NA;CONSEILLER MUNICIPAL;26/04/1953;01/03/1959;FM;M;26/04/1953;01/03/1959;FM;1953;IND;AIX EN PROVENCE;Commune
PRIVAT;CHARLES;M;08/06/1914;CONSEILLER MUNICIPAL;26/04/1953;01/03/1959;FM;M;26/04/1953;01/03/1959;FM;1953;SFIO;ARLES;Commune
GUESNIER;RENE;M;07/01/1919;CONSEILLER MUNICIPAL;26/04/1953;01/03/1959;FM;M;12/11/1955;01/03/1959;FM;1953;PCF;BOBIGNY;Commune
BONNET;ADOLPHE;M;NA;CONSEILLER MUNICIPAL;26/04/1953;01/03/1959;FM;M;26/04/1953;01/03/1959;FM;1953;NA;AURIOL;Commune
CHASTEL;PAUL;M;28/01/1905;CONSEILLER MUNICIPAL;26/04/1953;05/03/1959;FM;M;26/04/1953;05/03/1959;FM;1953;NA;BELLEY;Commune
GUIS;MAURICE;M;NA;CONSEILLER MUNICIPAL;26/04/1953;01/03/1959;FM;M;26/04/1953;01/03/1959;FM;1953;NA;BOUC BEL AIR;Commune
MARTIN;RAYMOND;M;NA;CONSEILLER MUNICIPAL;26/04/1953;01/03/1959;FM;M;26/04/1953;01/03/1959;FM;1953;NA;CABRIES;Commune
MARY;GUSTAVE;M;NA;CONSEILLER MUNICIPAL;26/04/1953;01/03/1959;FM;M;26/04/1953;01/03/1959;FM;1953;NA;LE BOURGET;Commune
ODDE;AUGUSTE;M;NA;CONSEILLER MUNICIPAL;26/04/1953;01/03/1959;FM;M;26/04/1953;01/03/1959;FM;1953;NA;PENNES MIRABEAU;Commune
RIEUBON;RENE;M;04/03/1918;CONSEILLER MUNICIPAL;26/04/1953;01/03/1959;FM;M;26/04/1953;01/03/1959;FM;1953;PCF;PORT DE BOUC;Commune
GRILLET;ARISTIDE;M;NA;CONSEILLER MUNICIPAL;26/04/1953;05/03/1959;FM;M;26/04/1953;05/03/1959;FM;1953;NA;SAINT GENIS POUILLY;Commune
COUTROT;MAURICE;M;03/12/1907;CONSEILLER MUNICIPAL;26/04/1953;01/03/1959;FM;M;26/04/1953;01/03/1959;FM;1953;SOC;BONDY;Commune
HECLER;ALBERT;M;1889-01-01;CONSEILLER MUNICIPAL;26/04/1953;01/03/1959;FM;M;26/04/1953;01/03/1959;FM;1953;RAD;FERNEY VOLTAIRE;Commune
BOYER;MARIUS;M;1887-11-07;CONSEILLER MUNICIPAL;26/04/1953;01/03/1959;FM;M;26/04/1953;01/03/1959;FM;1953;RAD;AUBAGNE;Commune
TOURNIER BILLION;LEON;M;1899-04-02;CONSEILLER MUNICIPAL;26/04/1953;05/03/1959;FM;M;26/04/1953;05/03/1959;NA;1953;SFIO;AMBERIEU EN BUGEY;Commune
GRAILLE;JEAN;M;18/05/1907;CONSEILLER MUNICIPAL;26/04/1953;01/03/1959;FM;M;26/04/1953;01/03/1959;FM;1953;SOC;LA CIOTAT;Commune
DEFFERRE;GASTON;M;14/09/1910;CONSEILLER MUNICIPAL;26/04/1953;01/03/1959;FM;M;26/04/1953;01/03/1959;FM;1953;SOC;MARSEILLE;Commune
PASCAL;PAUL;M;NA;CONSEILLER MUNICIPAL;26/04/1953;01/03/1959;FM;M;26/04/1953;01/03/1959;FM;1953;SOC;MARTIGUES;Commune
BAGNANINCHI;JOSEPH;M;NA;CONSEILLER MUNICIPAL;26/04/1953;01/03/1959;FM;M;26/04/1953;01/03/1959;FM;1953;SOC;SAINT MARTIN DE CRAU;Commune
COLLAVERI;LOUIS;M;1878-09-13;CONSEILLER MUNICIPAL;26/04/1953;01/03/1959;FM;M;26/04/1953;01/03/1959;FM;1953;SOC;PANTIN;Commune
KERAUTRET;PIERRE;M;1899-05-11;CONSEILLER MUNICIPAL;26/04/1953;01/03/1959;FM;M;26/04/1953;01/03/1959;FM;1953;SOC;ROMAINVILLE;Commune
LAMBERTON;LEONCE;M;1886-11-14;CONSEILLER MUNICIPAL;26/05/1953;05/03/1959;FM;M;26/05/1953;05/03/1959;FM;1953;DROITE;FONTAINE LES DIJON;Commune
KIR;FELIX;M;1876-01-22;CONSEILLER MUNICIPAL;26/05/1953;05/03/1959;FM;M;26/05/1953;05/03/1959;FM;1953;CNI;DIJON;Commune
DUCHET;ROGER;M;04/07/1904;CONSEILLER MUNICIPAL;26/05/1953;05/03/1959;FM;M;26/05/1953;05/03/1959;FM;1953;CNI;BEAUNE;Commune
ROSSILLE;AIME;M;NA;CONSEILLER MUNICIPAL;26/05/1953;05/03/1959;FM;M;26/05/1953;05/03/1959;FM;1953;NA;TALANT;Commune
BERTHAUD;DOMINIQUE;M;NA;CONSEILLER MUNICIPAL;26/05/1953;05/03/1959;FM;M;26/05/1953;05/03/1959;FM;1953;SOC;LONGVIC;Commune
ORY;ANDRE;M;NA;CONSEILLER MUNICIPAL;01/10/1957;01/03/1959;FM;M;01/10/1957;01/03/1959;FM;1953;COM;NOISY LE GRAND;Commune
FROUSSART;JEAN;M;16/05/1908;CONSEILLER MUNICIPAL;08/03/1959;10/03/1965;FM;M;08/03/1959;10/03/1965;FM;1959;CENTRE;CHEVIGNY SAINT SAUVEUR;Commune
ANTHONIOZ;MARCEL;M;26/04/1911;CONSEILLER MUNICIPAL;08/03/1959;10/03/1965;FM;M;08/03/1959;10/03/1965;FM;1959;CNI;DIVONNE LES BAINS;Commune
RUET;ROLAND;M;29/10/1921;CONSEILLER MUNICIPAL;08/03/1959;10/03/1965;FM;M;08/03/1959;10/03/1965;FM;1959;CNI;FERNEY VOLTAIRE;Commune
BAILLY;HENRI;M;1891-05-14;CONSEILLER MUNICIPAL;08/03/1959;10/03/1965;FM;M;08/03/1959;10/03/1965;FM;1959;CNI;CHENOVE;Commune
MARTIN;ROGER;M;NA;CONSEILLER MUNICIPAL;08/03/1959;10/03/1965;FM;M;08/03/1959;10/03/1965;FM;1959;COM;BERRE L ETANG;Commune
TURCAN;FRANCIS;M;23/02/1912;CONSEILLER MUNICIPAL;08/03/1959;10/03/1965;FM;M;08/03/1959;10/03/1965;FM;1959;COM;MARTIGUES;Commune
KARMAN;ANDRE;M;10/03/1924;CONSEILLER MUNICIPAL;08/03/1959;10/03/1965;FM;M;08/03/1959;10/03/1965;FM;1959;COM;AUBERVILLIERS;Commune
HOUDREMONT;JEAN;M;04/10/1924;CONSEILLER MUNICIPAL;08/03/1959;10/03/1965;FM;M;08/03/1959;10/03/1965;FM;1959;COM;LA COURNEUVE;Commune
GREGOIRE;ANDRE;M;01/01/1911;CONSEILLER MUNICIPAL;08/03/1959;10/03/1965;FM;M;08/03/1959;10/03/1965;FM;1959;COM;MONTREUIL;Commune
ORY;ANDRE;M;NA;CONSEILLER MUNICIPAL;08/03/1959;01/07/1962;DM;M;08/03/1959;01/07/1962;DM;1959;COM;NOISY LE GRAND;Commune
BESSERER;JEAN;M;NA;CONSEILLER MUNICIPAL;08/03/1959;10/03/1965;FM;M;10/07/1962;10/03/1965;FM;1959;COM;NOISY LE GRAND;Commune
LOLIVE;JEAN;M;06/06/1910;CONSEILLER MUNICIPAL;08/03/1959;10/03/1965;FM;M;08/03/1959;10/03/1965;FM;1959;COM;PANTIN;Commune
GILLOT;AUGUSTE;M;07/02/1905;CONSEILLER MUNICIPAL;08/03/1959;10/03/1965;FM;M;08/03/1959;10/03/1965;FM;1959;COM;SAINT DENIS;Commune
CALTOT;ROGER;M;NA;CONSEILLER MUNICIPAL;08/03/1959;10/03/1965;FM;M;08/03/1959;10/03/1965;FM;1959;COM;CLICHY SOUS BOIS;Commune
LAMBERTON;LEONCE;M;1886-11-14;CONSEILLER MUNICIPAL;08/03/1959;01/03/1964;NA;M;08/03/1959;01/03/1964;NA;1959;DROITE;FONTAINE LES DIJON;Commune
DELEUIL;LAURENS;M;08/11/1918;CONSEILLER MUNICIPAL;08/03/1959;10/03/1965;FM;M;08/03/1959;10/03/1965;FM;1959;DVD;MARIGNANE;Commune
VALETTE;HONORE;M;NA;CONSEILLER MUNICIPAL;08/03/1959;10/03/1965;FM;M;08/03/1959;10/03/1965;FM;1959;DVD;TARASCON;Commune
COLSON;MARCEL;M;NA;CONSEILLER MUNICIPAL;08/03/1959;10/03/1965;FM;M;08/03/1959;10/03/1965;FM;1959;DVD;RAINCY;Commune
CADOZ;MARIUS;M;30/12/1914;CONSEILLER MUNICIPAL;08/03/1959;10/03/1965;FM;M;08/03/1959;10/03/1965;FM;1959;DVG;GEX;Commune
MOURET;HENRI;M;NA;CONSEILLER MUNICIPAL;08/03/1959;10/03/1965;FM;M;08/03/1959;10/03/1965;FM;1959;IND;AIX EN PROVENCE;Commune
CHOUQUET;YVES;M;NA;CONSEILLER MUNICIPAL;08/03/1959;10/03/1965;FM;M;08/03/1959;10/03/1965;FM;1959;IND;AUBAGNE;Commune
CHASTEL;PAUL;M;28/01/1905;CONSEILLER MUNICIPAL;08/03/1959;10/03/1965;FM;M;08/03/1959;10/03/1965;FM;1959;IND;BELLEY;Commune
PRIVAT;CHARLES;M;08/06/1914;CONSEILLER MUNICIPAL;08/03/1959;10/03/1965;FM;M;08/03/1959;10/03/1965;FM;1959;SFIO;ARLES;Commune
KIR;FELIX;M;1876-01-22;CONSEILLER MUNICIPAL;08/03/1959;10/03/1965;FM;M;08/03/1959;10/03/1965;FM;1959;CNI;DIJON;Commune
DUCHET;ROGER;M;04/07/1904;CONSEILLER MUNICIPAL;08/03/1959;10/03/1965;FM;M;08/03/1959;10/03/1965;FM;1959;CNI;BEAUNE;Commune
GUESNIER;RENE;M;07/01/1919;CONSEILLER MUNICIPAL;08/03/1959;10/03/1965;FM;M;08/03/1959;10/03/1965;FM;1959;PCF;BOBIGNY;Commune
BONNET;ADOLPHE;M;NA;CONSEILLER MUNICIPAL;08/03/1959;10/03/1965;FM;M;08/03/1959;10/03/1965;FM;1959;NA;AURIOL;Commune
GUIS;MAURICE;M;NA;CONSEILLER MUNICIPAL;08/03/1959;10/03/1965;FM;M;08/03/1959;10/03/1965;FM;1959;NA;BOUC BEL AIR;Commune
MARTIN;RAYMOND;M;NA;CONSEILLER MUNICIPAL;08/03/1959;10/03/1965;FM;M;08/03/1959;10/03/1965;FM;1959;NA;CABRIES;Commune
NILES;MAURICE;M;12/09/1919;CONSEILLER MUNICIPAL;08/03/1959;10/03/1965;FM;M;08/03/1959;10/03/1965;FM;1959;PCF;DRANCY;Commune
CORRE;CHARLES;M;NA;CONSEILLER MUNICIPAL;08/03/1959;10/03/1965;FM;M;08/03/1959;10/03/1965;FM;1959;NA;LE BOURGET;Commune
EMIN;LEON;M;11/07/1903;CONSEILLER MUNICIPAL;08/03/1959;10/03/1965;FM;M;08/03/1959;10/03/1965;FM;1959;NA;OYONNAX;Commune
SUMEIRE;FERNAND;M;NA;CONSEILLER MUNICIPAL;08/03/1959;10/03/1965;FM;M;01/06/1961;10/03/1965;FM;1959;NA;PENNES MIRABEAU;Commune
ODDE;AUGUSTE;M;NA;CONSEILLER MUNICIPAL;08/03/1959;01/06/1961;NA;M;08/03/1959;01/06/1961;NA;1959;NA;PENNES MIRABEAU;Commune
RIEUBON;RENE;M;04/03/1918;CONSEILLER MUNICIPAL;08/03/1959;10/03/1965;FM;M;08/03/1959;10/03/1965;FM;1959;PCF;PORT DE BOUC;Commune
GRILLET;ARISTIDE;M;NA;CONSEILLER MUNICIPAL;08/03/1959;10/03/1965;FM;M;08/03/1959;10/03/1965;FM;1959;NA;SAINT GENIS POUILLY;Commune
ROSSILLE;AIME;M;NA;CONSEILLER MUNICIPAL;08/03/1959;10/03/1965;FM;M;08/03/1959;10/03/1965;FM;1959;NA;TALANT;Commune
COUTROT;MAURICE;M;03/12/1907;CONSEILLER MUNICIPAL;08/03/1959;10/03/1965;FM;M;08/03/1959;10/03/1965;FM;1959;SOC;BONDY;Commune
MEIFFRE;JEAN CHARLES;M;18/04/1908;CONSEILLER MUNICIPAL;08/03/1959;10/03/1965;FM;M;08/03/1959;10/03/1965;FM;1959;RAD;MIRIBEL;Commune
TOURNIER BILLION;LEON;M;1899-04-02;CONSEILLER MUNICIPAL;08/03/1959;10/03/1965;FM;M;08/03/1959;10/03/1965;NA;1959;SFIO;AMBERIEU EN BUGEY;Commune
MERCIER;AMEDEE;M;1890-12-02;CONSEILLER MUNICIPAL;08/03/1959;10/03/1965;FM;M;08/03/1959;10/03/1965;FM;1959;SOC;BOURG EN BRESSE;Commune
BERTHAUD;DOMINIQUE;M;NA;CONSEILLER MUNICIPAL;08/03/1959;01/01/1963;DC;M;08/03/1959;01/01/1963;DC;1959;SOC;LONGVIC;Commune
MAZUE;MAURICE ANDRE GUILLAUME;M;24/02/1911;CONSEILLER MUNICIPAL;08/03/1959;10/03/1965;FM;M;01/02/1963;10/03/1965;FM;1959;SOC;LONGVIC;Commune
REMOND;ROGER;M;04/02/1925;CONSEILLER MUNICIPAL;08/03/1959;10/03/1965;FM;M;08/03/1959;10/03/1965;FM;1959;SOC;QUETIGNY;Commune
GRAILLE;JEAN;M;18/05/1907;CONSEILLER MUNICIPAL;08/03/1959;10/03/1965;FM;M;08/03/1959;10/03/1965;FM;1959;SOC;LA CIOTAT;Commune
DEFFERRE;GASTON;M;14/09/1910;CONSEILLER MUNICIPAL;08/03/1959;10/03/1965;FM;M;08/03/1959;10/03/1965;FM;1959;SOC;MARSEILLE;Commune
BAGNANINCHI;JOSEPH;M;NA;CONSEILLER MUNICIPAL;08/03/1959;10/03/1965;FM;M;08/03/1959;10/03/1965;FM;1959;SOC;SAINT MARTIN DE CRAU;Commune
COURTAT;ROBERT;M;26/04/1922;CONSEILLER MUNICIPAL;08/03/1959;05/06/1964;DM;M;08/03/1959;05/06/1964;DM;1959;SOC;AULNAY SOUS BOIS;Commune
KERAUTRET;PIERRE;M;1899-05-11;CONSEILLER MUNICIPAL;08/03/1959;10/03/1965;FM;M;08/03/1959;10/03/1965;FM;1959;SOC;ROMAINVILLE;Commune
TOUTAIN;ANDRE;M;01/03/1905;CONSEILLER MUNICIPAL;08/03/1959;10/03/1965;FM;M;08/03/1959;10/03/1965;FM;1959;SOC;SEVRAN;Commune
SOUNY;JEAN;M;1897-11-20;CONSEILLER MUNICIPAL;07/03/1964;10/03/1965;FM;M;07/03/1964;10/03/1965;FM;1959;DROITE;FONTAINE LES DIJON;Commune
CADOT;MAURICE;M;1899-08-05;CONSEILLER MUNICIPAL;10/06/1964;10/03/1965;FM;M;10/06/1964;10/03/1965;FM;1959;SOC;AULNAY SOUS BOIS;Commune
FROUSSART;JEAN;M;16/05/1908;CONSEILLER MUNICIPAL;14/03/1965;10/03/1971;FM;M;14/03/1965;10/03/1971;FM;1965;CENTRE;CHEVIGNY SAINT SAUVEUR;Commune
ANTHONIOZ;MARCEL;M;26/04/1911;CONSEILLER MUNICIPAL;14/03/1965;10/03/1971;FM;M;14/03/1965;10/03/1971;FM;1965;CNI;DIVONNE LES BAINS;Commune
RUET;ROLAND;M;29/10/1921;CONSEILLER MUNICIPAL;14/03/1965;10/03/1971;FM;M;14/03/1965;10/03/1971;FM;1965;CNI;FERNEY VOLTAIRE;Commune
BAILLY;HENRI;M;1891-05-14;CONSEILLER MUNICIPAL;14/03/1965;10/03/1971;FM;M;14/03/1965;10/03/1971;FM;1965;CNI;CHENOVE;Commune
MARTIN;ROGER;M;NA;CONSEILLER MUNICIPAL;14/03/1965;10/03/1971;FM;M;14/03/1965;10/03/1971;FM;1965;COM;BERRE L ETANG;Commune
LOMBARD;PAUL;M;15/12/1927;CONSEILLER MUNICIPAL;14/03/1965;10/03/1971;FM;M;10/12/1968;10/03/1971;FM;1965;COM;MARTIGUES;Commune
TURCAN;FRANCIS;M;23/02/1912;CONSEILLER MUNICIPAL;14/03/1965;08/12/1968;DC;M;14/03/1965;08/12/1968;DC;1965;COM;MARTIGUES;Commune
KARMAN;ANDRE;M;10/03/1924;CONSEILLER MUNICIPAL;14/03/1965;10/03/1971;FM;M;14/03/1965;10/03/1971;FM;1965;COM;AUBERVILLIERS;Commune
SOLBES;LOUIS;M;27/03/1924;CONSEILLER MUNICIPAL;14/03/1965;10/03/1971;FM;M;14/03/1965;10/03/1971;FM;1965;COM;AULNAY SOUS BOIS;Commune
HOUDREMONT;JEAN;M;04/10/1924;CONSEILLER MUNICIPAL;14/03/1965;10/03/1971;FM;M;14/03/1965;10/03/1971;FM;1965;COM;LA COURNEUVE;Commune
GREGOIRE;ANDRE;M;01/01/1911;CONSEILLER MUNICIPAL;14/03/1965;10/03/1971;FM;M;14/03/1965;10/03/1971;FM;1965;COM;MONTREUIL;Commune
LOLIVE;JEAN;M;06/06/1910;CONSEILLER MUNICIPAL;14/03/1965;06/09/1968;DC;M;14/03/1965;06/09/1968;DC;1965;COM;PANTIN;Commune
LAINAT;FERNAND;M;01/11/1924;CONSEILLER MUNICIPAL;14/03/1965;10/03/1971;FM;M;10/09/1968;10/03/1971;FM;1965;COM;PANTIN;Commune
GILLOT;AUGUSTE;M;07/02/1905;CONSEILLER MUNICIPAL;14/03/1965;10/03/1971;FM;M;14/03/1965;10/03/1971;FM;1965;COM;SAINT DENIS;Commune
DECHAMPS;ANDRE;M;NA;CONSEILLER MUNICIPAL;14/03/1965;10/03/1971;FM;M;14/03/1965;10/03/1971;FM;1965;COM;CLICHY SOUS BOIS;Commune
SOUNY;JEAN;M;1897-11-20;CONSEILLER MUNICIPAL;14/03/1965;10/03/1971;FM;M;14/03/1965;10/03/1971;FM;1965;DROITE;FONTAINE LES DIJON;Commune
DELEUIL;LAURENS;M;08/11/1918;CONSEILLER MUNICIPAL;14/03/1965;10/03/1971;FM;M;14/03/1965;10/03/1971;FM;1965;DVD;MARIGNANE;Commune
HOUYOUX;MAURICE;M;NA;CONSEILLER MUNICIPAL;14/03/1965;10/03/1971;FM;M;14/03/1965;10/03/1971;FM;1965;DVD;LE BOURGET;Commune
SERELLE;MARIUS;M;07/09/1905;CONSEILLER MUNICIPAL;14/03/1965;10/03/1971;FM;M;14/03/1965;10/03/1971;FM;1965;DVD;NOISY LE GRAND;Commune
COLSON;MARCEL;M;NA;CONSEILLER MUNICIPAL;14/03/1965;01/03/1968;DC;M;14/03/1965;01/03/1968;DC;1965;DVD;RAINCY;Commune
DOUDEY;LUCIEN;M;NA;CONSEILLER MUNICIPAL;14/03/1965;10/03/1971;FM;M;01/03/1968;10/03/1971;FM;1965;DVD;RAINCY;Commune
CADOZ;MARIUS;M;30/12/1914;CONSEILLER MUNICIPAL;14/03/1965;10/03/1971;FM;M;14/03/1965;10/03/1971;FM;1965;DVG;GEX;Commune
GISCLON;JOFFRE;M;14/04/1915;CONSEILLER MUNICIPAL;14/03/1965;10/03/1971;FM;M;14/03/1965;10/03/1971;FM;1965;DVG;TALANT;Commune
MOURET;HENRI;M;NA;CONSEILLER MUNICIPAL;14/03/1965;10/03/1971;FM;M;14/03/1965;10/03/1971;FM;1965;IND;AIX EN PROVENCE;Commune
CHASTEL;PAUL;M;28/01/1905;CONSEILLER MUNICIPAL;14/03/1965;10/03/1971;FM;M;14/03/1965;10/03/1971;FM;1965;IND;BELLEY;Commune
PRIVAT;CHARLES;M;08/06/1914;CONSEILLER MUNICIPAL;14/03/1965;10/03/1971;FM;M;14/03/1965;10/03/1971;FM;1965;SFIO;ARLES;Commune
GARCIN;EDMOND;M;24/04/1917;CONSEILLER MUNICIPAL;14/03/1965;10/03/1971;FM;M;14/03/1965;10/03/1971;FM;1965;PCF;AUBAGNE;Commune
MOINE;HENRI;M;22/03/1921;CONSEILLER MUNICIPAL;14/03/1965;10/03/1971;FM;M;30/12/1968;10/03/1971;FM;1965;RPR;BEAUNE;Commune
PERRIAUX;LUCIEN;M;1898-11-07;CONSEILLER MUNICIPAL;14/03/1965;01/01/1968;NA;M;14/03/1965;01/01/1968;NA;1965;UNR;BEAUNE;Commune
KIR;FELIX;M;1876-01-22;CONSEILLER MUNICIPAL;14/03/1965;25/04/1968;DC;M;14/03/1965;25/04/1968;DC;1965;CNI;DIJON;Commune
VALBON;GEORGES;M;08/08/1924;CONSEILLER MUNICIPAL;14/03/1965;10/03/1971;FM;M;14/03/1965;10/03/1971;FM;1965;PCF;BOBIGNY;Commune
BARBEROT;PAUL;M;26/10/1915;CONSEILLER MUNICIPAL;14/03/1965;10/03/1971;FM;M;14/03/1965;10/03/1971;FM;1965;MRP;BOURG EN BRESSE;Commune
FERAUD;PAUL;M;NA;CONSEILLER MUNICIPAL;14/03/1965;10/03/1971;FM;M;14/03/1965;10/03/1971;FM;1965;NA;AURIOL;Commune
BERGEON;JEAN;M;NA;CONSEILLER MUNICIPAL;14/03/1965;10/03/1971;FM;M;01/06/1967;10/03/1971;FM;1965;NA;BOUC BEL AIR;Commune
GUIS;MAURICE;M;NA;CONSEILLER MUNICIPAL;14/03/1965;01/06/1967;NA;M;14/03/1965;01/06/1967;NA;1965;NA;BOUC BEL AIR;Commune
MARTIN;RAYMOND;M;NA;CONSEILLER MUNICIPAL;14/03/1965;10/03/1971;FM;M;14/03/1965;10/03/1971;FM;1965;NA;CABRIES;Commune
NILES;MAURICE;M;12/09/1919;CONSEILLER MUNICIPAL;14/03/1965;10/03/1971;FM;M;14/03/1965;10/03/1971;FM;1965;PCF;DRANCY;Commune
EMIN;LEON;M;11/07/1903;CONSEILLER MUNICIPAL;14/03/1965;10/03/1971;FM;M;14/03/1965;10/03/1971;FM;1965;NA;OYONNAX;Commune
SUMEIRE;FERNAND;M;NA;CONSEILLER MUNICIPAL;14/03/1965;10/03/1971;FM;M;14/03/1965;10/03/1971;FM;1965;NA;PENNES MIRABEAU;Commune
RIEUBON;RENE;M;04/03/1918;CONSEILLER MUNICIPAL;14/03/1965;10/03/1971;FM;M;14/03/1965;10/03/1971;FM;1965;PCF;PORT DE BOUC;Commune
DESPIERRE;RENE;M;NA;CONSEILLER MUNICIPAL;14/03/1965;10/03/1971;FM;M;15/11/1970;10/03/1971;FM;1965;NA;SAINT GENIS POUILLY;Commune
GRILLET;ARISTIDE;M;NA;CONSEILLER MUNICIPAL;14/03/1965;01/11/1970;DC;M;14/03/1965;01/11/1970;DC;1965;NA;SAINT GENIS POUILLY;Commune
ANDRE;JEAN;M;NA;CONSEILLER MUNICIPAL;14/03/1965;10/03/1971;FM;M;14/03/1965;10/03/1971;FM;1965;NA;TARASCON;Commune
COUTROT;MAURICE;M;03/12/1907;CONSEILLER MUNICIPAL;14/03/1965;10/03/1971;FM;M;14/03/1965;10/03/1971;FM;1965;SOC;BONDY;Commune
MEIFFRE;JEAN CHARLES;M;18/04/1908;CONSEILLER MUNICIPAL;14/03/1965;10/03/1971;FM;M;14/03/1965;10/03/1971;FM;1965;RAD;MIRIBEL;Commune
COMBIER;PAUL;M;01/01/1933;CONSEILLER MUNICIPAL;14/03/1965;10/03/1971;FM;M;14/03/1965;10/03/1971;FM;1965;SOC;AMBERIEU EN BUGEY;Commune
MAZUE;MAURICE ANDRE GUILLAUME;M;24/02/1911;CONSEILLER MUNICIPAL;14/03/1965;10/03/1971;FM;M;14/03/1965;10/03/1971;FM;1965;SOC;LONGVIC;Commune
REMOND;ROGER;M;04/02/1925;CONSEILLER MUNICIPAL;14/03/1965;10/03/1971;FM;M;14/03/1965;10/03/1971;FM;1965;SOC;QUETIGNY;Commune
GRAILLE;JEAN;M;18/05/1907;CONSEILLER MUNICIPAL;14/03/1965;10/03/1971;FM;M;14/03/1965;10/03/1971;FM;1965;SOC;LA CIOTAT;Commune
DEFFERRE;GASTON;M;14/09/1910;CONSEILLER MUNICIPAL;14/03/1965;10/03/1971;FM;M;14/03/1965;10/03/1971;FM;1965;SOC;MARSEILLE;Commune
BAGNANINCHI;JOSEPH;M;NA;CONSEILLER MUNICIPAL;14/03/1965;10/03/1971;FM;M;14/03/1965;10/03/1971;FM;1965;SOC;SAINT MARTIN DE CRAU;Commune
CADOT;MAURICE;M;1899-08-05;CONSEILLER MUNICIPAL;14/03/1965;10/03/1971;FM;M;14/03/1965;10/03/1971;FM;1965;SOC;AULNAY SOUS BOIS;Commune
MARCHELART;GERARD;M;01/01/1928;CONSEILLER MUNICIPAL;14/03/1965;10/03/1971;FM;M;12/01/1967;10/03/1971;NA;1965;SOC;ROMAINVILLE;Commune
KERAUTRET;PIERRE;M;1899-05-11;CONSEILLER MUNICIPAL;14/03/1965;11/01/1967;DC;M;14/03/1965;11/01/1967;DC;1965;SOC;ROMAINVILLE;Commune
TOUTAIN;ANDRE;M;01/03/1905;CONSEILLER MUNICIPAL;14/03/1965;10/03/1971;FM;M;14/03/1965;10/03/1971;FM;1965;SOC;SEVRAN;Commune
CICCOLINI;FELIX;M;02/10/1916;CONSEILLER MUNICIPAL;27/01/1967;10/03/1971;FM;M;27/01/1967;10/03/1971;FM;1965;SOC;AIX EN PROVENCE;Commune
VEILLET;JEAN;M;14/05/1901;CONSEILLER MUNICIPAL;25/04/1968;10/03/1971;FM;M;25/04/1968;10/03/1971;FM;1965;CNI;DIJON;Commune
MEYLAN;PASCAL;M;01/05/1935;CONSEILLER MUNICIPAL;14/03/1971;10/03/1977;FM;M;14/03/1971;10/03/1977;FM;1971;CDP;FERNEY VOLTAIRE;Commune
FROUSSART;JEAN;M;16/05/1908;CONSEILLER MUNICIPAL;14/03/1971;10/03/1977;FM;M;13/03/1971;10/03/1977;FM;1971;CENTRE;CHEVIGNY SAINT SAUVEUR;Commune
BARBEROT;PAUL;M;26/10/1915;CONSEILLER MUNICIPAL;14/03/1971;10/03/1977;FM;M;14/03/1971;10/03/1977;FM;1971;CNI;BOURG EN BRESSE;Commune
PERROT;JACQUES;M;01/09/1926;CONSEILLER MUNICIPAL;14/03/1971;10/03/1977;FM;M;14/03/1971;10/03/1977;FM;1971;COM;ARLES;Commune
MARTIN;LUCIENNE;F;01/01/1937;CONSEILLER MUNICIPAL;14/03/1971;10/03/1977;FM;M;01/02/1973;10/03/1977;FM;1971;COM;AURIOL;Commune
MARTIN;ROGER;M;NA;CONSEILLER MUNICIPAL;14/03/1971;10/03/1977;FM;M;14/03/1971;10/03/1977;FM;1971;COM;BERRE L ETANG;Commune
LOMBARD;PAUL;M;15/12/1927;CONSEILLER MUNICIPAL;14/03/1971;10/03/1977;FM;M;14/03/1971;10/03/1977;FM;1971;COM;MARTIGUES;Commune
BENDER;ALFRED;M;NA;CONSEILLER MUNICIPAL;14/03/1971;10/03/1977;FM;M;01/06/1973;10/03/1977;FM;1971;COM;PENNES MIRABEAU;Commune
KARMAN;ANDRE;M;10/03/1924;CONSEILLER MUNICIPAL;14/03/1971;10/03/1977;FM;M;14/03/1971;10/03/1977;FM;1971;COM;AUBERVILLIERS;Commune
BALLANGER;ROBERT;M;02/11/1912;CONSEILLER MUNICIPAL;14/03/1971;10/03/1977;FM;M;14/03/1971;10/03/1977;FM;1971;COM;AULNAY SOUS BOIS;Commune
MARSON;JAMES;M;01/11/1926;CONSEILLER MUNICIPAL;14/03/1971;10/03/1977;FM;M;13/03/1973;10/03/1977;FM;1971;COM;LA COURNEUVE;Commune
HOUDREMONT;JEAN;M;04/10/1924;CONSEILLER MUNICIPAL;14/03/1971;25/01/1973;DC;M;14/03/1971;25/01/1973;DC;1971;COM;LA COURNEUVE;Commune
DUFRICHE;MARCEL;M;16/10/1911;CONSEILLER MUNICIPAL;14/03/1971;10/03/1977;FM;M;14/03/1971;10/03/1977;FM;1971;COM;MONTREUIL;Commune
LAINAT;FERNAND;M;01/11/1924;CONSEILLER MUNICIPAL;14/03/1971;10/03/1977;FM;M;14/03/1971;10/03/1977;FM;1971;COM;PANTIN;Commune
DECHAMPS;ANDRE;M;NA;CONSEILLER MUNICIPAL;14/03/1971;10/03/1977;FM;M;14/03/1971;10/03/1977;FM;1971;COM;CLICHY SOUS BOIS;Commune
POUJADE;ROBERT;M;06/05/1928;CONSEILLER MUNICIPAL;14/03/1971;10/03/1977;FM;M;14/03/1971;10/03/1977;FM;1971;DROITE;DIJON;Commune
DELEUIL;LAURENS;M;08/11/1918;CONSEILLER MUNICIPAL;14/03/1971;10/03/1977;FM;M;14/03/1971;10/03/1977;FM;1971;DVD;MARIGNANE;Commune
HOUYOUX;MAURICE;M;NA;CONSEILLER MUNICIPAL;14/03/1971;10/03/1977;FM;M;14/03/1971;10/03/1977;FM;1971;DVD;LE BOURGET;Commune
SERELLE;MARIUS;M;07/09/1905;CONSEILLER MUNICIPAL;14/03/1971;10/03/1977;FM;M;14/03/1971;10/03/1977;FM;1971;DVD;NOISY LE GRAND;Commune
DOUDEY;LUCIEN;M;NA;CONSEILLER MUNICIPAL;14/03/1971;01/01/1976;DC;M;14/03/1971;01/01/1976;DC;1971;DVD;RAINCY;Commune
BUY;ANTOINE;M;22/08/1907;CONSEILLER MUNICIPAL;14/03/1971;10/03/1977;FM;M;14/03/1971;10/03/1977;FM;1971;DVG;AMBERIEU EN BUGEY;Commune
CADOZ;MARIUS;M;30/12/1914;CONSEILLER MUNICIPAL;14/03/1971;01/01/1976;DC;M;14/03/1971;01/01/1976;DC;1971;DVG;GEX;Commune
BILLANDON;CHARLES;M;24/12/1921;CONSEILLER MUNICIPAL;14/03/1971;10/03/1977;FM;M;14/03/1971;10/03/1977;FM;1971;DVG;MIRIBEL;Commune
JACQUES;PIERRE;M;18/10/1910;CONSEILLER MUNICIPAL;14/03/1971;10/03/1977;FM;M;14/03/1971;10/03/1977;FM;1971;DVG;FONTAINE LES DIJON;Commune
GISCLON;JOFFRE;M;14/04/1915;CONSEILLER MUNICIPAL;14/03/1971;10/03/1977;FM;M;14/03/1971;10/03/1977;FM;1971;DVG;TALANT;Commune
VULLIOD;CHARLES;M;09/01/1909;CONSEILLER MUNICIPAL;14/03/1971;10/03/1977;FM;M;14/03/1971;10/03/1977;FM;1971;DVG;BELLEY;Commune
GARCIN;EDMOND;M;24/04/1917;CONSEILLER MUNICIPAL;14/03/1971;10/03/1977;FM;M;14/03/1971;10/03/1977;FM;1971;PCF;AUBAGNE;Commune
MOINE;HENRI;M;22/03/1921;CONSEILLER MUNICIPAL;14/03/1971;10/03/1977;FM;M;14/03/1971;10/03/1977;FM;1971;RPR;BEAUNE;Commune
VALBON;GEORGES;M;08/08/1924;CONSEILLER MUNICIPAL;14/03/1971;10/03/1977;FM;M;14/03/1971;10/03/1977;FM;1971;PCF;BOBIGNY;Commune
FERAUD;PAUL;M;NA;CONSEILLER MUNICIPAL;14/03/1971;01/06/1972;DM;M;14/03/1971;01/06/1972;DM;1971;NA;AURIOL;Commune
MARTIN;RAYMOND;M;NA;CONSEILLER MUNICIPAL;14/03/1971;10/03/1977;FM;M;14/03/1971;10/03/1977;FM;1971;NA;CABRIES;Commune
NILES;MAURICE;M;12/09/1919;CONSEILLER MUNICIPAL;14/03/1971;10/03/1977;FM;M;14/03/1971;10/03/1977;FM;1971;PCF;DRANCY;Commune
EMIN;LEON;M;11/07/1903;CONSEILLER MUNICIPAL;14/03/1971;10/03/1977;FM;M;14/03/1971;10/03/1977;FM;1971;NA;OYONNAX;Commune
SUMEIRE;FERNAND;M;NA;CONSEILLER MUNICIPAL;14/03/1971;10/03/1977;FM;M;14/03/1971;01/06/1973;NA;1971;NA;PENNES MIRABEAU;Commune
RIEUBON;RENE;M;04/03/1918;CONSEILLER MUNICIPAL;14/03/1971;10/03/1977;FM;M;14/03/1971;10/03/1977;FM;1971;PCF;PORT DE BOUC;Commune
BLAISON;PIERRE;M;28/06/1903;CONSEILLER MUNICIPAL;14/03/1971;10/03/1977;FM;M;14/03/1971;10/03/1977;FM;1971;NA;SAINT GENIS POUILLY;Commune
COUTROT;MAURICE;M;03/12/1907;CONSEILLER MUNICIPAL;14/03/1971;10/03/1977;FM;M;14/03/1971;10/03/1977;FM;1971;SOC;BONDY;Commune
BERTHELOT;MARCELIN;M;09/10/1927;CONSEILLER MUNICIPAL;14/03/1971;10/03/1977;FM;M;14/03/1971;10/03/1977;FM;1971;PCF;SAINT DENIS;Commune
ANTHONIOZ;MARCEL;M;26/04/1911;CONSEILLER MUNICIPAL;14/03/1971;31/08/1976;FM;M;14/03/1971;31/08/1976;DC;1971;CNI;DIVONNE LES BAINS;Commune
PROST;JEAN;M;26/10/1925;CONSEILLER MUNICIPAL;14/03/1971;10/03/1977;FM;M;17/10/1976;10/03/1977;FM;1971;NA;DIVONNE LES BAINS;Commune
SUREAU;HENRI;M;02/03/1909;CONSEILLER MUNICIPAL;14/03/1971;10/03/1977;FM;M;14/03/1971;10/03/1977;FM;1971;NA;CHENOVE;Commune
REMOND;ROGER;M;04/02/1925;CONSEILLER MUNICIPAL;14/03/1971;10/03/1977;FM;M;13/03/1971;10/03/1977;FM;1971;SOC;QUETIGNY;Commune
MAZUE;MAURICE ANDRE GUILLAUME;M;24/02/1911;CONSEILLER MUNICIPAL;14/03/1971;10/03/1977;FM;M;14/03/1971;10/03/1977;FM;1971;SOC;LONGVIC;Commune
CICCOLINI;FELIX;M;02/10/1916;CONSEILLER MUNICIPAL;14/03/1971;10/03/1977;FM;M;14/03/1971;10/03/1977;FM;1971;SOC;AIX EN PROVENCE;Commune
GABELIER;ANTONIN;M;NA;CONSEILLER MUNICIPAL;14/03/1971;10/03/1977;FM;M;01/12/1975;10/03/1977;FM;1971;SOC;BOUC BEL AIR;Commune
NAL;ELIE;M;NA;CONSEILLER MUNICIPAL;14/03/1971;10/03/1977;FM;M;14/03/1971;01/11/1975;NA;1971;SOC;BOUC BEL AIR;Commune
GRAILLE;JEAN;M;18/05/1907;CONSEILLER MUNICIPAL;14/03/1971;10/03/1977;FM;M;14/03/1971;10/03/1977;FM;1971;SOC;LA CIOTAT;Commune
DEFFERRE;GASTON;M;14/09/1910;CONSEILLER MUNICIPAL;14/03/1971;10/03/1977;FM;M;14/03/1971;10/03/1977;FM;1971;SOC;MARSEILLE;Commune
BAGNANINCHI;JOSEPH;M;NA;CONSEILLER MUNICIPAL;14/03/1971;10/03/1977;FM;M;14/03/1971;10/03/1977;FM;1971;SOC;SAINT MARTIN DE CRAU;Commune
SAINT MICHEL;ANTONIN;M;NA;CONSEILLER MUNICIPAL;14/03/1971;10/03/1977;FM;M;14/03/1971;10/03/1977;FM;1971;SOC;TARASCON;Commune
MARCHELART;GERARD;M;01/01/1928;CONSEILLER MUNICIPAL;14/03/1971;10/03/1977;FM;M;14/03/1971;10/03/1977;FM;1971;SOC;ROMAINVILLE;Commune
TOUTAIN;ANDRE;M;01/03/1905;CONSEILLER MUNICIPAL;14/03/1971;10/03/1977;FM;M;14/03/1971;10/03/1977;FM;1971;SOC;SEVRAN;Commune
PROST;JEAN;M;26/10/1925;CONSEILLER MUNICIPAL;13/03/1977;05/03/1983;FM;M;13/03/1977;05/03/1983;FM;1977;CENTRE;DIVONNE LES BAINS;Commune
MEYLAN;PASCAL;M;01/05/1935;CONSEILLER MUNICIPAL;13/03/1977;05/03/1983;FM;M;13/03/1977;05/03/1983;FM;1977;CENTRE;FERNEY VOLTAIRE;Commune
CHAVANNE;GUY;M;21/04/1935;CONSEILLER MUNICIPAL;13/03/1977;01/01/1982;DM;M;13/03/1977;01/01/1982;NA;1977;COM;OYONNAX;Commune
SUBTIL;ROBERT;M;14/03/1884;CONSEILLER MUNICIPAL;13/03/1977;01/03/1983;FM;M;01/02/1982;01/03/1983;FM;1977;COM;OYONNAX;Commune
PERROT;JACQUES;M;01/09/1926;CONSEILLER MUNICIPAL;13/03/1977;01/03/1983;FM;M;13/03/1977;01/03/1983;FM;1977;COM;ARLES;Commune
MARTIN;LUCIENNE;F;01/01/1937;CONSEILLER MUNICIPAL;13/03/1977;01/03/1983;FM;M;13/03/1977;01/03/1983;FM;1977;COM;AURIOL;Commune
MARTIN;ROGER;M;NA;CONSEILLER MUNICIPAL;13/03/1977;01/03/1983;FM;M;13/03/1977;01/03/1983;FM;1977;COM;BERRE L ETANG;Commune
ROMAND;GEORGES;M;NA;CONSEILLER MUNICIPAL;13/03/1977;01/05/1979;NA;M;13/03/1977;01/05/1979;NA;1977;COM;LA CIOTAT;Commune
PERRIMOND;LOUIS;M;NA;CONSEILLER MUNICIPAL;13/03/1977;01/03/1983;FM;M;13/06/1979;01/03/1983;FM;1977;COM;LA CIOTAT;Commune
LOMBARD;PAUL;M;15/12/1927;CONSEILLER MUNICIPAL;13/03/1977;01/03/1983;FM;M;13/03/1977;01/03/1983;FM;1977;COM;MARTIGUES;Commune
KARMAN;ANDRE;M;10/03/1924;CONSEILLER MUNICIPAL;13/03/1977;01/03/1983;FM;M;13/03/1977;01/03/1983;FM;1977;COM;AUBERVILLIERS;Commune
THOMAS;PIERRE;M;01/01/1929;CONSEILLER MUNICIPAL;13/03/1977;01/03/1983;FM;M;01/01/1978;01/03/1983;FM;1977;COM;AULNAY SOUS BOIS;Commune
MARSON;JAMES;M;01/11/1926;CONSEILLER MUNICIPAL;13/03/1977;01/03/1983;FM;M;13/03/1977;01/03/1983;FM;1977;COM;LA COURNEUVE;Commune
DUFRICHE;MARCEL;M;16/10/1911;CONSEILLER MUNICIPAL;13/03/1977;01/03/1983;FM;M;13/03/1977;01/03/1983;FM;1977;COM;MONTREUIL;Commune
ISABET;JACQUES;M;10/07/1939;CONSEILLER MUNICIPAL;13/03/1977;01/03/1983;FM;M;13/03/1977;01/03/1983;FM;1977;COM;PANTIN;Commune
CLEMENT;ROBERT;M;18/01/1939;CONSEILLER MUNICIPAL;13/03/1977;01/03/1983;FM;M;15/03/1980;01/03/1983;NA;1977;COM;ROMAINVILLE;Commune
VERGNAUD;BERNARD;M;01/01/1932;CONSEILLER MUNICIPAL;13/03/1977;01/03/1983;FM;M;13/03/1977;01/03/1983;FM;1977;COM;SEVRAN;Commune
DECHAMPS;ANDRE;M;NA;CONSEILLER MUNICIPAL;13/03/1977;01/03/1983;FM;M;13/03/1977;01/03/1983;FM;1977;COM;CLICHY SOUS BOIS;Commune
POUJADE;ROBERT;M;06/05/1928;CONSEILLER MUNICIPAL;13/03/1977;01/03/1983;FM;M;13/03/1977;01/03/1983;FM;1977;DROITE;DIJON;Commune
MARCELPOIL;ROBERT;M;NA;CONSEILLER MUNICIPAL;13/03/1977;05/03/1983;FM;M;13/03/1977;05/03/1983;FM;1977;DVD;AMBERIEU EN BUGEY;Commune
DELEUIL;LAURENS;M;08/11/1918;CONSEILLER MUNICIPAL;13/03/1977;01/03/1983;FM;M;13/03/1977;01/03/1983;FM;1977;DVD;MARIGNANE;Commune
CADOT;ANDRE;M;NA;CONSEILLER MUNICIPAL;13/03/1977;01/03/1983;FM;M;13/03/1977;01/03/1983;FM;1977;DVD;LE BOURGET;Commune
MEGE;RAYMOND;M;01/01/1919;CONSEILLER MUNICIPAL;13/03/1977;01/03/1983;FM;M;13/03/1977;01/03/1983;FM;1977;DVD;RAINCY;Commune
BILLANDON;CHARLES;M;24/12/1921;CONSEILLER MUNICIPAL;13/03/1977;05/03/1983;FM;M;13/03/1977;05/03/1983;FM;1977;DVG;MIRIBEL;Commune
GARCIN;EDMOND;M;24/04/1917;CONSEILLER MUNICIPAL;13/03/1977;01/03/1983;FM;M;13/03/1977;01/03/1983;FM;1977;PCF;AUBAGNE;Commune
MOINE;HENRI;M;22/03/1921;CONSEILLER MUNICIPAL;13/03/1977;01/03/1983;FM;M;13/03/1977;01/03/1983;FM;1977;RPR;BEAUNE;Commune
VALBON;GEORGES;M;08/08/1924;CONSEILLER MUNICIPAL;13/03/1977;01/03/1983;FM;M;13/03/1977;01/03/1983;FM;1977;PCF;BOBIGNY;Commune
MARTIN;RAYMOND;M;NA;CONSEILLER MUNICIPAL;13/03/1977;01/03/1983;FM;M;13/03/1977;01/03/1983;FM;1977;NA;CABRIES;Commune
NILES;MAURICE;M;12/09/1919;CONSEILLER MUNICIPAL;13/03/1977;01/03/1983;FM;M;13/03/1977;01/03/1983;FM;1977;PCF;DRANCY;Commune
BOURGOIN;GEORGES;M;NA;CONSEILLER MUNICIPAL;13/03/1977;05/03/1983;FM;M;13/03/1977;05/03/1983;FM;1977;NA;FONTAINE LES DIJON;Commune
ANDRE;RENE;M;NA;CONSEILLER MUNICIPAL;13/03/1977;01/03/1983;FM;M;01/02/1976;01/03/1983;FM;1977;NA;GEX;Commune
GOUTMANN;MARIE THERESE;F;29/08/1933;CONSEILLER MUNICIPAL;13/03/1977;01/03/1983;FM;M;13/03/1977;01/03/1983;FM;1977;PCF;NOISY LE GRAND;Commune
RIEUBON;RENE;M;04/03/1918;CONSEILLER MUNICIPAL;13/03/1977;01/03/1983;FM;M;13/03/1977;01/03/1983;FM;1977;PCF;PORT DE BOUC;Commune
DURET;LUCIENNE;F;22/02/1922;CONSEILLER MUNICIPAL;13/03/1977;01/03/1983;FM;M;13/03/1977;01/03/1983;FM;1977;NA;SAINT GENIS POUILLY;Commune
RASERA;MICHEL;M;30/05/1947;CONSEILLER MUNICIPAL;13/03/1977;01/03/1983;FM;M;13/03/1977;01/03/1983;FM;1977;PS;CHEVIGNY SAINT SAUVEUR;Commune
ROBIN ;LOUIS;M;01/05/1923;CONSEILLER MUNICIPAL;13/03/1977;05/03/1983;FM;M;13/03/1977;05/03/1983;FM;1977;PS;BOURG EN BRESSE;Commune
BERTHELOT;MARCELIN;M;09/10/1927;CONSEILLER MUNICIPAL;13/03/1977;01/03/1983;FM;M;13/03/1977;01/03/1983;FM;1977;PCF;SAINT DENIS;Commune
CARRAZ;ROLAND;M;18/05/1943;CONSEILLER MUNICIPAL;13/03/1977;05/03/1983;FM;M;13/03/1977;05/03/1983;FM;1977;SOC;CHENOVE;Commune
MAZUE;MAURICE ANDRE GUILLAUME;M;24/02/1911;CONSEILLER MUNICIPAL;13/03/1977;05/03/1983;FM;M;13/03/1977;05/03/1983;FM;1977;SOC;LONGVIC;Commune
REMOND;ROGER;M;04/02/1925;CONSEILLER MUNICIPAL;13/03/1977;05/03/1983;FM;M;13/03/1977;05/03/1983;FM;1977;SOC;QUETIGNY;Commune
HOUELLE;MICHEL;M;09/08/1933;CONSEILLER MUNICIPAL;13/03/1977;05/03/1983;FM;M;13/03/1977;05/03/1983;FM;1977;SOC;TALANT;Commune
GABELIER;ANTONIN;M;NA;CONSEILLER MUNICIPAL;13/03/1977;01/03/1983;FM;M;13/03/1977;01/03/1983;FM;1977;SOC;BOUC BEL AIR;Commune
DEFFERRE;GASTON;M;14/09/1910;CONSEILLER MUNICIPAL;13/03/1977;01/03/1983;FM;M;13/03/1977;01/03/1983;FM;1977;SOC;MARSEILLE;Commune
MELLAN;VICTOR;M;26/08/1923;CONSEILLER MUNICIPAL;13/03/1977;01/03/1983;FM;M;13/03/1977;01/03/1983;FM;1977;SOC;PENNES MIRABEAU;Commune
VULPIAN;CLAUDE;M;22/11/1936;CONSEILLER MUNICIPAL;13/03/1977;01/03/1983;FM;M;13/03/1977;01/03/1983;FM;1977;SOC;SAINT MARTIN DE CRAU;Commune
SAINT MICHEL;ANTONIN;M;NA;CONSEILLER MUNICIPAL;13/03/1977;01/03/1983;FM;M;13/03/1977;01/03/1983;FM;1977;SOC;TARASCON;Commune
FUZIER;CLAUDE;M;02/06/1924;CONSEILLER MUNICIPAL;13/03/1977;01/03/1983;FM;M;13/03/1977;01/03/1983;FM;1977;SOC;BONDY;Commune
MARCHELART;GERARD;M;01/01/1928;CONSEILLER MUNICIPAL;13/03/1977;01/03/1983;FM;M;13/03/1977;10/03/1980;DM;1977;SOC;ROMAINVILLE;Commune
MILLON;CHARLES;M;12/11/1945;CONSEILLER MUNICIPAL;13/03/1977;05/03/1983;FM;M;13/03/1977;05/03/1983;FM;1977;UDF;BELLEY;Commune
JOISSAINS;ALAIN;M;30/06/1942;CONSEILLER MUNICIPAL;29/06/1978;01/03/1983;FM;M;29/06/1978;01/03/1983;FM;1977;RAD;AIX EN PROVENCE;Commune
PROST;JEAN;M;26/10/1925;CONSEILLER MUNICIPAL;06/03/1983;10/03/1989;FM;M;06/03/1983;10/03/1989;FM;1983;CENTRE;DIVONNE LES BAINS;Commune
MEYLAN;PASCAL;M;01/05/1935;CONSEILLER MUNICIPAL;06/03/1983;10/03/1989;FM;M;06/03/1983;10/03/1989;FM;1983;CENTRE;FERNEY VOLTAIRE;Commune
DE PERETTI DE LA ROCCA;JEAN PIERRE;M;26/06/1930;CONSEILLER MUNICIPAL;06/03/1983;10/03/1989;FM;M;06/03/1983;10/03/1989;FM;1983;CENTRE;AIX EN PROVENCE;Commune
MARTIN;LUCIENNE;F;01/01/1937;CONSEILLER MUNICIPAL;06/03/1983;10/03/1989;FM;M;06/03/1983;10/03/1989;FM;1983;COM;AURIOL;Commune
GUIOU;MAURICE;M;01/01/1926;CONSEILLER MUNICIPAL;06/03/1983;10/03/1989;FM;M;06/03/1983;10/03/1989;FM;1983;COM;BERRE L ETANG;Commune
PERRIMOND;LOUIS;M;NA;CONSEILLER MUNICIPAL;06/03/1983;10/03/1989;FM;M;06/03/1983;10/03/1989;FM;1983;COM;LA CIOTAT;Commune
LOMBARD;PAUL;M;15/12/1927;CONSEILLER MUNICIPAL;06/03/1983;10/03/1989;FM;M;06/03/1983;10/03/1989;FM;1983;COM;MARTIGUES;Commune
RALITE;JACK;M;14/05/1928;CONSEILLER MUNICIPAL;06/03/1983;10/03/1989;FM;M;06/03/1983;10/03/1989;FM;1983;COM;AUBERVILLIERS;Commune
MARSON;JAMES;M;01/11/1926;CONSEILLER MUNICIPAL;06/03/1983;10/03/1989;FM;M;06/03/1983;10/03/1989;FM;1983;COM;LA COURNEUVE;Commune
BRARD;JEAN PIERRE;M;07/02/1948;CONSEILLER MUNICIPAL;06/03/1983;10/03/1989;FM;M;31/03/1984;10/03/1989;FM;1983;COM;MONTREUIL;Commune
DUFRICHE;MARCEL;M;16/10/1911;CONSEILLER MUNICIPAL;06/03/1983;01/03/1984;NA;M;06/03/1983;01/03/1984;NA;1983;COM;MONTREUIL;Commune
ISABET;JACQUES;M;10/07/1939;CONSEILLER MUNICIPAL;06/03/1983;10/03/1989;FM;M;06/03/1983;10/03/1989;FM;1983;COM;PANTIN;Commune
CLEMENT;ROBERT;M;18/01/1939;CONSEILLER MUNICIPAL;06/03/1983;10/03/1989;FM;M;06/03/1983;10/03/1989;FM;1983;COM;ROMAINVILLE;Commune
VERGNAUD;BERNARD;M;01/01/1932;CONSEILLER MUNICIPAL;06/03/1983;10/03/1989;FM;M;06/03/1983;10/03/1989;FM;1983;COM;SEVRAN;Commune
DECHAMPS;ANDRE;M;NA;CONSEILLER MUNICIPAL;06/03/1983;10/03/1989;FM;M;06/03/1983;10/03/1989;FM;1983;COM;CLICHY SOUS BOIS;Commune
GUICHON;LUCIEN;M;09/02/1932;CONSEILLER MUNICIPAL;06/03/1983;10/03/1989;FM;M;06/03/1983;10/03/1989;FM;1983;DROITE;OYONNAX;Commune
BRENOT;LUCIEN;M;29/03/1948;CONSEILLER MUNICIPAL;06/03/1983;10/03/1989;FM;M;06/03/1983;10/03/1989;FM;1983;DROITE;CHEVIGNY SAINT SAUVEUR;Commune
POUJADE;ROBERT;M;06/05/1928;CONSEILLER MUNICIPAL;06/03/1983;10/03/1989;FM;M;06/03/1983;10/03/1989;FM;1983;DROITE;DIJON;Commune
CARMINATI;BAPTISTE;M;NA;CONSEILLER MUNICIPAL;06/03/1983;10/03/1989;FM;M;06/03/1983;10/03/1989;FM;1983;DROITE;TALANT;Commune
AILLAUD;THERESE;F;05/11/1931;CONSEILLER MUNICIPAL;06/03/1983;10/03/1989;FM;M;06/03/1983;10/03/1989;FM;1983;DROITE;TARASCON;Commune
MARCELPOIL;ROBERT;M;NA;CONSEILLER MUNICIPAL;06/03/1983;10/03/1989;FM;M;06/03/1983;10/03/1989;FM;1983;DVD;AMBERIEU EN BUGEY;Commune
JACQUELINET;MARCEL;M;NA;CONSEILLER MUNICIPAL;06/03/1983;01/01/1986;NA;M;06/03/1983;01/01/1986;NA;1983;DVD;LONGVIC;Commune
DELEUIL;LAURENS;M;08/11/1918;CONSEILLER MUNICIPAL;06/03/1983;10/03/1989;FM;M;06/03/1983;10/03/1989;FM;1983;DVD;MARIGNANE;Commune
CADOT;ANDRE;M;NA;CONSEILLER MUNICIPAL;06/03/1983;10/03/1989;FM;M;06/03/1983;10/03/1989;FM;1983;DVD;LE BOURGET;Commune
MEGE;RAYMOND;M;01/01/1919;CONSEILLER MUNICIPAL;06/03/1983;10/03/1989;FM;M;06/03/1983;10/03/1989;FM;1983;DVD;RAINCY;Commune
CAMOIN;JEAN PIERRE;M;09/05/1942;CONSEILLER MUNICIPAL;06/03/1983;10/03/1989;FM;M;06/03/1983;10/03/1989;FM;1983;RPR;ARLES;Commune
GARCIN;EDMOND;M;24/04/1917;CONSEILLER MUNICIPAL;06/03/1983;10/03/1989;FM;M;06/03/1983;01/02/1987;DM;1983;PCF;AUBAGNE;Commune
ABRIOUX;JEAN CLAUDE;M;01/12/1931;CONSEILLER MUNICIPAL;06/03/1983;10/03/1989;FM;M;06/03/1983;10/03/1989;FM;1983;RPR;AULNAY SOUS BOIS;Commune
MOINE;HENRI;M;22/03/1921;CONSEILLER MUNICIPAL;06/03/1983;10/03/1989;FM;M;06/03/1983;10/03/1989;FM;1983;RPR;BEAUNE;Commune
VALBON;GEORGES;M;08/08/1924;CONSEILLER MUNICIPAL;06/03/1983;10/03/1989;FM;M;06/03/1983;10/03/1989;FM;1983;PCF;BOBIGNY;Commune
MARTIN;RAYMOND;M;NA;CONSEILLER MUNICIPAL;06/03/1983;10/03/1989;FM;M;06/03/1983;10/03/1989;FM;1983;NA;CABRIES;Commune
NILES;MAURICE;M;12/09/1919;CONSEILLER MUNICIPAL;06/03/1983;10/03/1989;FM;M;06/03/1983;10/03/1989;FM;1983;PCF;DRANCY;Commune
MORELON;PAUL;M;29/10/1922;CONSEILLER MUNICIPAL;06/03/1983;10/03/1989;FM;M;06/03/1983;10/03/1989;FM;1983;NA;FONTAINE LES DIJON;Commune
NICOD;MICHEL;M;08/10/1939;CONSEILLER MUNICIPAL;06/03/1983;10/03/1989;FM;M;06/03/1983;10/03/1989;FM;1983;NA;GEX;Commune
BEAUFORT;JEAN;M;04/02/1928;CONSEILLER MUNICIPAL;06/03/1983;10/03/1989;FM;M;06/03/1983;10/03/1989;FM;1983;DVD;MIRIBEL;Commune
RIEUBON;RENE;M;04/03/1918;CONSEILLER MUNICIPAL;06/03/1983;10/03/1989;FM;M;06/03/1983;10/03/1989;FM;1983;PCF;PORT DE BOUC;Commune
DURET;LUCIENNE;F;22/02/1922;CONSEILLER MUNICIPAL;06/03/1983;10/03/1989;FM;M;06/03/1983;10/03/1989;FM;1983;NA;SAINT GENIS POUILLY;Commune
ROBIN ;LOUIS;M;01/05/1923;CONSEILLER MUNICIPAL;06/03/1983;01/01/1985;DM;M;06/03/1983;01/01/1985;DM;1983;PS;BOURG EN BRESSE;Commune
BERTHELOT;MARCELIN;M;09/10/1927;CONSEILLER MUNICIPAL;06/03/1983;10/03/1989;FM;M;06/03/1983;10/03/1989;FM;1983;PCF;SAINT DENIS;Commune
CARRAZ;ROLAND;M;18/05/1943;CONSEILLER MUNICIPAL;06/03/1983;10/03/1989;FM;M;06/03/1983;10/03/1989;FM;1983;SOC;CHENOVE;Commune
REMOND;ROGER;M;04/02/1925;CONSEILLER MUNICIPAL;06/03/1983;01/01/1984;DM;M;06/03/1983;01/01/1984;DM;1983;SOC;QUETIGNY;Commune
GABELIER;ANTONIN;M;NA;CONSEILLER MUNICIPAL;06/03/1983;10/03/1989;FM;M;06/03/1983;10/03/1989;FM;1983;SOC;BOUC BEL AIR;Commune
DEFFERRE;GASTON;M;14/09/1910;CONSEILLER MUNICIPAL;06/03/1983;07/05/1986;DC;M;06/03/1983;07/05/1986;DC;1983;SOC;MARSEILLE;Commune
VIGOUROUX;ROBERT;M;21/03/1923;CONSEILLER MUNICIPAL;06/03/1983;10/03/1989;FM;M;17/05/1986;10/03/1989;FM;1983;SOC;MARSEILLE;Commune
MELLAN;VICTOR;M;26/08/1923;CONSEILLER MUNICIPAL;06/03/1983;10/03/1989;FM;M;06/03/1983;10/03/1989;FM;1983;SOC;PENNES MIRABEAU;Commune
VULPIAN;CLAUDE;M;22/11/1936;CONSEILLER MUNICIPAL;06/03/1983;10/03/1989;FM;M;06/03/1983;10/03/1989;FM;1983;SOC;SAINT MARTIN DE CRAU;Commune
FUZIER;CLAUDE;M;02/06/1924;CONSEILLER MUNICIPAL;06/03/1983;10/03/1989;FM;M;06/03/1983;10/03/1989;FM;1983;SOC;BONDY;Commune
MILLON;CHARLES;M;12/11/1945;CONSEILLER MUNICIPAL;06/03/1983;10/03/1989;FM;M;06/03/1983;10/03/1989;FM;1983;UDF;BELLEY;Commune
VOUILLOT;HERVE;M;01/04/1943;CONSEILLER MUNICIPAL;01/02/1984;10/03/1989;FM;M;01/02/1984;10/03/1989;FM;1983;SOC;QUETIGNY;Commune
MASSONNAUD RICHARD;FRANCOISE;F;NA;CONSEILLER MUNICIPAL;15/05/1984;10/03/1989;FM;M;15/05/1984;10/03/1989;FM;1983;DROITE;NOISY LE GRAND;Commune
MORETEAU;JEAN;M;23/06/1942;CONSEILLER MUNICIPAL;01/02/1985;10/03/1989;FM;M;01/02/1985;10/03/1989;FM;1983;PS;BOURG EN BRESSE;Commune
COLSON;MAURICE;M;01/01/1932;CONSEILLER MUNICIPAL;01/02/1986;10/03/1989;FM;M;01/02/1986;10/03/1989;FM;1983;DVD;LONGVIC;Commune
MEYLAN;PASCAL;M;01/05/1935;CONSEILLER MUNICIPAL;12/03/1989;10/06/1995;FM;M;01/01/1991;10/06/1995;FM;1989;CENTRE;FERNEY VOLTAIRE;Commune
MALLIE;RICHARD;M;25/10/1948;CONSEILLER MUNICIPAL;12/03/1989;10/06/1995;FM;M;04/05/1990;10/06/1995;FM;1989;CENTRE;BOUC BEL AIR;Commune
PONTONE;ANTOINE;M;NA;CONSEILLER MUNICIPAL;12/03/1989;10/06/1995;FM;M;10/05/1989;10/06/1995;FM;1989;CENTRE;NOISY LE GRAND;Commune
PROBERT;GERARD;M;NA;CONSEILLER MUNICIPAL;12/03/1989;10/06/1995;FM;M;01/01/1993;10/06/1995;FM;1989;CENTRE;CLICHY SOUS BOIS;Commune
TARDITO;JEAN;M;19/12/1933;CONSEILLER MUNICIPAL;12/03/1989;10/06/1995;FM;M;19/03/1989;10/06/1995;FM;1989;COM;AUBAGNE;Commune
MARTIN;LUCIENNE;F;01/01/1937;CONSEILLER MUNICIPAL;12/03/1989;10/06/1995;FM;M;19/03/1989;10/06/1995;FM;1989;COM;AURIOL;Commune
LOMBARD;PAUL;M;15/12/1927;CONSEILLER MUNICIPAL;12/03/1989;10/06/1995;FM;M;19/03/1989;10/06/1995;FM;1989;COM;MARTIGUES;Commune
VAXES;MICHEL;M;14/11/1940;CONSEILLER MUNICIPAL;12/03/1989;10/06/1995;FM;M;04/05/1990;10/06/1995;FM;1989;COM;PORT DE BOUC;Commune
RALITE;JACK;M;14/05/1928;CONSEILLER MUNICIPAL;12/03/1989;10/06/1995;FM;M;19/03/1989;10/06/1995;FM;1989;COM;AUBERVILLIERS;Commune
MARSON;JAMES;M;01/11/1926;CONSEILLER MUNICIPAL;12/03/1989;10/06/1995;FM;M;19/03/1989;10/06/1995;FM;1989;COM;LA COURNEUVE;Commune
BRARD;JEAN PIERRE;M;07/02/1948;CONSEILLER MUNICIPAL;12/03/1989;10/06/1995;FM;M;19/03/1989;10/06/1995;FM;1989;COM;MONTREUIL;Commune
ISABET;JACQUES;M;10/07/1939;CONSEILLER MUNICIPAL;12/03/1989;10/06/1995;FM;M;19/03/1989;10/06/1995;FM;1989;COM;PANTIN;Commune
CLEMENT;ROBERT;M;18/01/1939;CONSEILLER MUNICIPAL;12/03/1989;10/06/1995;FM;M;19/03/1989;10/06/1995;FM;1989;COM;ROMAINVILLE;Commune
BRAOUEZEC;PATRICK;M;11/12/1950;CONSEILLER MUNICIPAL;12/03/1989;10/06/1995;FM;M;13/06/1991;10/06/1995;FM;1989;COM;SAINT DENIS;Commune
VERGNAUD;BERNARD;M;01/01/1932;CONSEILLER MUNICIPAL;12/03/1989;10/06/1995;FM;M;19/03/1989;10/06/1995;FM;1989;COM;SEVRAN;Commune
DECHAMPS;ANDRE;M;NA;CONSEILLER MUNICIPAL;12/03/1989;01/03/1990;NA;M;19/03/1989;01/03/1990;NA;1989;COM;CLICHY SOUS BOIS;Commune
CHAPUIS;CHRISTIAN;M;NA;CONSEILLER MUNICIPAL;12/03/1989;10/06/1995;FM;M;01/03/1990;01/02/1991;NA;1989;COM;CLICHY SOUS BOIS;Commune
GUICHON;LUCIEN;M;09/02/1932;CONSEILLER MUNICIPAL;12/03/1989;10/06/1995;FM;M;12/03/1989;10/06/1995;FM;1989;DROITE;OYONNAX;Commune
BRENOT;LUCIEN;M;29/03/1948;CONSEILLER MUNICIPAL;12/03/1989;10/06/1995;FM;M;12/03/1989;10/06/1995;FM;1989;DROITE;CHEVIGNY SAINT SAUVEUR;Commune
POUJADE;ROBERT;M;06/05/1928;CONSEILLER MUNICIPAL;12/03/1989;10/06/1995;FM;M;12/03/1989;10/06/1995;FM;1989;DROITE;DIJON;Commune
CARMINATI;BAPTISTE;M;NA;CONSEILLER MUNICIPAL;12/03/1989;10/06/1995;FM;M;12/03/1989;10/06/1995;FM;1989;DROITE;TALANT;Commune
AILLAUD;THERESE;F;05/11/1931;CONSEILLER MUNICIPAL;12/03/1989;10/06/1995;FM;M;19/03/1989;10/06/1995;FM;1989;DROITE;TARASCON;Commune
MASSONNAUD RICHARD;FRANCOISE;F;NA;CONSEILLER MUNICIPAL;12/03/1989;06/09/1993;DM;M;19/03/1989;06/09/1993;DM;1989;DROITE;NOISY LE GRAND;Commune
MARCELPOIL;ROBERT;M;NA;CONSEILLER MUNICIPAL;12/03/1989;22/12/1991;DC;M;12/03/1989;22/12/1991;DC;1989;DVD;AMBERIEU EN BUGEY;Commune
COLSON;MAURICE;M;01/01/1932;CONSEILLER MUNICIPAL;12/03/1989;05/06/1995;FM;M;12/03/1989;05/06/1995;FM;1989;DVD;LONGVIC;Commune
DELEUIL;LAURENS;M;08/11/1918;CONSEILLER MUNICIPAL;12/03/1989;10/06/1995;FM;M;19/03/1989;10/06/1995;FM;1989;DVD;MARIGNANE;Commune
CADOT;ANDRE;M;NA;CONSEILLER MUNICIPAL;12/03/1989;01/02/1993;DM;M;19/03/1989;01/02/1993;DM;1989;DVD;LE BOURGET;Commune
LE BRIS;ALBERT;M;NA;CONSEILLER MUNICIPAL;12/03/1989;10/06/1995;FM;M;01/02/1993;10/06/1995;FM;1989;DVD;LE BOURGET;Commune
MEGE;RAYMOND;M;01/01/1919;CONSEILLER MUNICIPAL;12/03/1989;10/06/1995;FM;M;19/03/1989;10/06/1995;FM;1989;DVD;RAINCY;Commune
HUBERT;BERTRAND;M;NA;CONSEILLER MUNICIPAL;12/03/1989;10/06/1995;FM;M;12/03/1989;10/06/1995;FM;1989;DVG;SAINT GENIS POUILLY;Commune
PRUVOST;JEAN CLAUDE;M;NA;CONSEILLER MUNICIPAL;12/03/1989;01/12/1990;NA;M;12/03/1989;01/12/1990;NA;1989;GE;DIVONNE LES BAINS;Commune
CAMOIN;JEAN PIERRE;M;09/05/1942;CONSEILLER MUNICIPAL;12/03/1989;10/06/1995;FM;M;19/03/1989;10/06/1995;FM;1989;RPR;ARLES;Commune
ABRIOUX;JEAN CLAUDE;M;01/12/1931;CONSEILLER MUNICIPAL;12/03/1989;10/06/1995;FM;M;19/03/1989;10/06/1995;FM;1989;RPR;AULNAY SOUS BOIS;Commune
MOINE;HENRI;M;22/03/1921;CONSEILLER MUNICIPAL;12/03/1989;01/06/1995;FM;M;12/03/1989;01/06/1995;FM;1989;RPR;BEAUNE;Commune
VALBON;GEORGES;M;08/08/1924;CONSEILLER MUNICIPAL;12/03/1989;10/06/1995;FM;M;19/03/1989;10/06/1995;FM;1989;PCF;BOBIGNY;Commune
MARTIN;RAYMOND;M;NA;CONSEILLER MUNICIPAL;12/03/1989;01/06/1993;DC;M;19/03/1989;01/06/1993;DC;1989;NA;CABRIES;Commune
MATTEODA;MARCEL;M;NA;CONSEILLER MUNICIPAL;12/03/1989;10/06/1995;FM;M;02/06/1993;10/06/1995;FM;1989;NA;CABRIES;Commune
NILES;MAURICE;M;12/09/1919;CONSEILLER MUNICIPAL;12/03/1989;10/06/1995;FM;M;19/03/1989;10/06/1995;FM;1989;PCF;DRANCY;Commune
MORELON;PAUL;M;29/10/1922;CONSEILLER MUNICIPAL;12/03/1989;05/06/1995;FM;M;12/03/1989;05/06/1995;FM;1989;NA;FONTAINE LES DIJON;Commune
NICOD;MICHEL;M;08/10/1939;CONSEILLER MUNICIPAL;12/03/1989;10/06/1995;FM;M;12/03/1989;10/06/1995;FM;1989;NA;GEX;Commune
LAFOND;JEAN PIERRE;M;17/02/1940;CONSEILLER MUNICIPAL;12/03/1989;10/06/1995;FM;M;19/03/1989;10/06/1995;FM;1989;UDF;LA CIOTAT;Commune
BEAUFORT;JEAN;M;04/02/1928;CONSEILLER MUNICIPAL;12/03/1989;10/06/1995;FM;M;12/03/1989;10/06/1995;FM;1989;DVD;MIRIBEL;Commune
RIEUBON;RENE;M;04/03/1918;CONSEILLER MUNICIPAL;12/03/1989;10/06/1995;FM;M;19/03/1989;19/03/1990;DM;1989;PCF;PORT DE BOUC;Commune
MORIN;PAUL;M;29/06/1924;CONSEILLER MUNICIPAL;12/03/1989;10/06/1995;FM;M;12/03/1989;10/06/1995;FM;1989;RAD;BOURG EN BRESSE;Commune
BERTHELOT;MARCELIN;M;09/10/1927;CONSEILLER MUNICIPAL;12/03/1989;12/06/1991;DM;M;19/03/1989;12/06/1991;DM;1989;PCF;SAINT DENIS;Commune
ANDREONI;SERGE;M;15/03/1940;CONSEILLER MUNICIPAL;12/03/1989;10/06/1995;FM;M;19/03/1989;10/06/1995;FM;1989;PS;BERRE L ETANG;Commune
CARRAZ;ROLAND;M;18/05/1943;CONSEILLER MUNICIPAL;12/03/1989;10/06/1995;FM;M;12/03/1989;10/06/1995;FM;1989;SOC;CHENOVE;Commune
VOUILLOT;HERVE;M;01/04/1943;CONSEILLER MUNICIPAL;12/03/1989;10/06/1995;FM;M;12/03/1989;10/06/1995;FM;1989;SOC;QUETIGNY;Commune
VIGOUROUX;ROBERT;M;21/03/1923;CONSEILLER MUNICIPAL;12/03/1989;10/06/1995;FM;M;19/03/1989;10/06/1995;FM;1989;SOC;MARSEILLE;Commune
MELLAN;VICTOR;M;26/08/1923;CONSEILLER MUNICIPAL;12/03/1989;10/06/1995;FM;M;19/03/1989;10/06/1995;FM;1989;SOC;PENNES MIRABEAU;Commune
VULPIAN;CLAUDE;M;22/11/1936;CONSEILLER MUNICIPAL;12/03/1989;10/06/1995;FM;M;19/03/1989;10/06/1995;FM;1989;SOC;SAINT MARTIN DE CRAU;Commune
FUZIER;CLAUDE;M;02/06/1924;CONSEILLER MUNICIPAL;12/03/1989;10/06/1995;FM;M;19/03/1989;10/06/1995;FM;1989;SOC;BONDY;Commune
MILLON;CHARLES;M;12/11/1945;CONSEILLER MUNICIPAL;12/03/1989;10/06/1995;FM;M;12/03/1989;10/06/1995;FM;1989;UDF;BELLEY;Commune
BLANC;ETIENNE;M;29/08/1954;CONSEILLER MUNICIPAL;20/01/1991;05/06/1995;FM;M;20/01/1991;05/06/1995;FM;1989;CENTRE;DIVONNE LES BAINS;Commune
DECHAMPS;ANDRE;M;NA;CONSEILLER MUNICIPAL;01/02/1991;01/01/1993;NA;M;01/02/1991;01/01/1993;NA;1989;DVG;CLICHY SOUS BOIS;Commune
BOLLIET;GILLES;M;NA;CONSEILLER MUNICIPAL;01/01/1992;10/06/1995;FM;M;01/01/1992;10/06/1995;FM;1989;DVD;AMBERIEU EN BUGEY;Commune
BLANC;ETIENNE;M;29/08/1954;CONSEILLER MUNICIPAL;11/06/1995;10/03/2001;FM;M;11/06/1995;10/03/2001;FM;1995;CENTRE;DIVONNE LES BAINS;Commune
MALLIE;RICHARD;M;25/10/1948;CONSEILLER MUNICIPAL;11/06/1995;10/03/2001;FM;M;18/06/1995;10/03/2001;FM;1995;CENTRE;BOUC BEL AIR;Commune
GAILLANT;FREDERIC;M;NA;CONSEILLER MUNICIPAL;11/06/1995;10/03/2001;FM;M;18/06/1995;10/03/2001;FM;1995;CENTRE;LE BOURGET;Commune
MARSON;JAMES;M;01/11/1926;CONSEILLER MUNICIPAL;11/06/1995;10/03/2001;FM;M;12/06/1995;25/10/1996;DM;1995;COM;LA COURNEUVE;Commune
TARDITO;JEAN;M;19/12/1933;CONSEILLER MUNICIPAL;11/06/1995;10/03/2001;FM;M;18/06/1995;10/03/2001;FM;1995;COM;AUBAGNE;Commune
MARTIN;LUCIENNE;F;01/01/1937;CONSEILLER MUNICIPAL;11/06/1995;10/03/2001;FM;M;18/06/1995;10/03/2001;FM;1995;COM;AURIOL;Commune
SANNA;ROSY;F;01/01/1940;CONSEILLER MUNICIPAL;11/06/1995;10/03/2001;FM;M;18/06/1995;10/03/2001;FM;1995;COM;LA CIOTAT;Commune
LOMBARD;PAUL;M;15/12/1927;CONSEILLER MUNICIPAL;11/06/1995;10/03/2001;FM;M;18/06/1995;10/03/2001;FM;1995;COM;MARTIGUES;Commune
VAXES;MICHEL;M;14/11/1940;CONSEILLER MUNICIPAL;11/06/1995;10/03/2001;FM;M;18/06/1995;10/03/2001;FM;1995;COM;PORT DE BOUC;Commune
RALITE;JACK;M;14/05/1928;CONSEILLER MUNICIPAL;11/06/1995;10/03/2001;FM;M;18/06/1995;10/03/2001;FM;1995;COM;AUBERVILLIERS;Commune
BIRSINGER;BERNARD;M;01/09/1954;CONSEILLER MUNICIPAL;11/06/1995;10/03/2001;FM;M;18/06/1995;10/03/2001;FM;1995;COM;BOBIGNY;Commune
CONTE;GILBERT;M;01/01/1941;CONSEILLER MUNICIPAL;11/06/1995;10/03/2001;FM;M;01/03/1997;10/03/2001;FM;1995;COM;DRANCY;Commune
POUX;GILLES;M;07/06/1957;CONSEILLER MUNICIPAL;11/06/1995;10/03/2001;FM;M;18/06/1995;10/03/2001;FM;1995;COM;LA COURNEUVE;Commune
BRARD;JEAN PIERRE;M;07/02/1948;CONSEILLER MUNICIPAL;11/06/1995;10/03/2001;FM;M;18/06/1995;10/03/2001;FM;1995;COM;MONTREUIL;Commune
ISABET;JACQUES;M;10/07/1939;CONSEILLER MUNICIPAL;11/06/1995;10/03/2001;FM;M;18/06/1995;10/03/2001;FM;1995;COM;PANTIN;Commune
CLEMENT;ROBERT;M;18/01/1939;CONSEILLER MUNICIPAL;11/06/1995;10/03/2001;FM;M;18/06/1995;19/05/1998;DM;1995;COM;ROMAINVILLE;Commune
VALLS;CORINNE;F;02/02/1957;CONSEILLER MUNICIPAL;11/06/1995;10/03/2001;FM;M;20/05/1998;10/03/2001;FM;1995;COM;ROMAINVILLE;Commune
BRAOUEZEC;PATRICK;M;11/12/1950;CONSEILLER MUNICIPAL;11/06/1995;10/03/2001;FM;M;18/06/1995;10/03/2001;FM;1995;COM;SAINT DENIS;Commune
SUGUENOT;ALAIN;M;17/09/1951;CONSEILLER MUNICIPAL;11/06/1995;10/03/2001;FM;M;11/03/1995;10/03/2001;FM;1995;DROITE;BEAUNE;Commune
PIRALLA;GILLES;M;05/10/1949;CONSEILLER MUNICIPAL;11/06/1995;10/03/2001;FM;M;11/06/1995;10/03/2001;FM;1995;DROITE;AMBERIEU EN BUGEY;Commune
GUICHON;LUCIEN;M;09/02/1932;CONSEILLER MUNICIPAL;11/06/1995;10/03/2001;FM;M;11/06/1995;10/03/2001;FM;1995;DROITE;OYONNAX;Commune
BRENOT;LUCIEN;M;29/03/1948;CONSEILLER MUNICIPAL;11/06/1995;10/03/2001;FM;M;11/06/1995;10/03/2001;FM;1995;DROITE;CHEVIGNY SAINT SAUVEUR;Commune
POUJADE;ROBERT;M;06/05/1928;CONSEILLER MUNICIPAL;11/06/1995;10/03/2001;FM;M;11/06/1995;10/03/2001;FM;1995;DROITE;DIJON;Commune
CARMINATI;BAPTISTE;M;NA;CONSEILLER MUNICIPAL;11/06/1995;01/01/1997;DM;M;11/06/1995;01/01/1997;DM;1995;DROITE;TALANT;Commune
MENUT;GILBERT;M;03/12/1947;CONSEILLER MUNICIPAL;11/06/1995;10/03/2001;FM;M;01/12/1997;10/03/2001;NA;1995;DROITE;TALANT;Commune
GAUDIN;JEAN CLAUDE;M;08/10/1939;CONSEILLER MUNICIPAL;11/06/1995;10/03/2001;FM;M;18/06/1995;10/03/2001;FM;1995;DROITE;MARSEILLE;Commune
AILLAUD;THERESE;F;05/11/1931;CONSEILLER MUNICIPAL;11/06/1995;10/03/2001;FM;M;18/06/1995;10/03/2001;FM;1995;DROITE;TARASCON;Commune
RAOULT;ERIC;M;19/06/1955;CONSEILLER MUNICIPAL;11/06/1995;10/03/2001;FM;M;18/06/1995;10/03/2001;FM;1995;DROITE;RAINCY;Commune
OUDOT;JACQUES;M;15/06/1934;CONSEILLER MUNICIPAL;11/06/1995;10/03/2001;FM;M;18/06/1995;10/03/2001;FM;1995;DROITE;SEVRAN;Commune
PAOLI;GERARD;M;09/03/1945;CONSEILLER MUNICIPAL;11/06/1995;10/03/2001;FM;M;11/06/1995;10/03/2001;FM;1995;DVD;GEX;Commune
JEAN;LISETTE;F;NA;CONSEILLER MUNICIPAL;11/06/1995;10/03/2001;FM;M;11/06/1995;10/03/2001;FM;1995;DVD;SAINT GENIS POUILLY;Commune
SIMONPIERI;DANIEL;M;NA;CONSEILLER MUNICIPAL;11/06/1995;10/03/2001;FM;M;18/06/1995;10/03/2001;FM;1995;EXTD;MARIGNANE;Commune
CHARPIN;PIERRE;M;NA;CONSEILLER MUNICIPAL;11/06/1995;10/03/2001;FM;M;18/06/1995;10/03/2001;FM;1995;IND;CABRIES;Commune
ABRIOUX;JEAN CLAUDE;M;01/12/1931;CONSEILLER MUNICIPAL;11/06/1995;10/03/2001;FM;M;18/06/1995;10/03/2001;FM;1995;UMP;AULNAY SOUS BOIS;Commune
NILES;MAURICE;M;12/09/1919;CONSEILLER MUNICIPAL;11/06/1995;10/03/2001;FM;M;12/06/1995;18/01/1997;DM;1995;PCF;DRANCY;Commune
MORELON;PAUL;M;29/10/1922;CONSEILLER MUNICIPAL;11/06/1995;10/03/2001;FM;M;11/06/1995;10/03/2001;FM;1995;NA;FONTAINE LES DIJON;Commune
ETIEVANT;MICHEL;M;12/12/1932;CONSEILLER MUNICIPAL;11/06/1995;10/03/2001;FM;M;11/03/1995;10/03/2001;FM;1995;SOC;LONGVIC;Commune
ETIEVANT;MICHEL;M;12/12/1932;CONSEILLER MUNICIPAL;11/06/1995;10/03/2001;FM;M;11/06/1995;10/03/2001;FM;1995;SOC;LONGVIC;Commune
GODIN;ANDRE;M;18/05/1942;CONSEILLER MUNICIPAL;11/06/1995;10/03/2001;FM;M;11/06/1995;10/03/2001;FM;1995;PS;BOURG EN BRESSE;Commune
ANDREONI;SERGE;M;15/03/1940;CONSEILLER MUNICIPAL;11/06/1995;10/03/2001;FM;M;18/06/1995;10/03/2001;FM;1995;PS;BERRE L ETANG;Commune
CARRAZ;ROLAND;M;18/05/1943;CONSEILLER MUNICIPAL;11/06/1995;09/12/1999;DC;M;11/03/1995;09/12/1999;DC;1995;SOC;CHENOVE;Commune
ESMONIN;JEAN;M;27/02/1937;CONSEILLER MUNICIPAL;11/06/1995;10/03/2001;FM;M;10/12/1999;10/03/2001;FM;1995;SOC;CHENOVE;Commune
VIANES;GEORGES;M;17/06/1938;CONSEILLER MUNICIPAL;11/06/1995;10/03/2001;FM;M;11/06/1995;10/03/2001;FM;1995;SOC;FERNEY VOLTAIRE;Commune
BERTHOU;JACQUES;M;03/03/1940;CONSEILLER MUNICIPAL;11/06/1995;10/03/2001;FM;M;11/06/1995;10/03/2001;FM;1995;SOC;MIRIBEL;Commune
CARRAZ;ROLAND;M;18/05/1943;CONSEILLER MUNICIPAL;11/06/1995;09/12/1999;DC;M;11/06/1995;09/12/1999;DC;1995;SOC;CHENOVE;Commune
VOUILLOT;HERVE;M;01/04/1943;CONSEILLER MUNICIPAL;11/06/1995;10/03/2001;FM;M;11/06/1995;10/03/2001;FM;1995;SOC;QUETIGNY;Commune
PICHERAL;JEAN FRANCOIS;M;26/02/1934;CONSEILLER MUNICIPAL;11/06/1995;10/03/2001;FM;M;18/06/1995;10/03/2001;FM;1995;SOC;AIX EN PROVENCE;Commune
VAUZELLE;MICHEL;M;15/08/1944;CONSEILLER MUNICIPAL;11/06/1995;10/03/2001;FM;M;18/06/1995;15/03/1998;CUMUL;1995;SOC;ARLES;Commune
TOESCHI;PAOLO;M;01/01/1955;CONSEILLER MUNICIPAL;11/06/1995;10/03/2001;FM;M;20/03/1998;10/03/2001;FM;1995;SOC;ARLES;Commune
MELLAN;VICTOR;M;26/08/1923;CONSEILLER MUNICIPAL;11/06/1995;10/03/2001;FM;M;18/06/1995;10/03/2001;FM;1995;SOC;PENNES MIRABEAU;Commune
VULPIAN;CLAUDE;M;22/11/1936;CONSEILLER MUNICIPAL;11/06/1995;10/03/2001;FM;M;18/06/1995;10/03/2001;FM;1995;SOC;SAINT MARTIN DE CRAU;Commune
ROGER;GILBERT;M;09/11/1953;CONSEILLER MUNICIPAL;11/06/1995;10/03/2001;FM;M;18/06/1995;10/03/2001;FM;1995;SOC;BONDY;Commune
GOLDBERG;DANIEL;M;24/08/1965;CONSEILLER MUNICIPAL;11/06/1995;10/03/2001;FM;M;18/06/1995;10/03/2001;FM;1995;SOC;LA COURNEUVE;Commune
PAJON;MICHEL;M;30/06/1949;CONSEILLER MUNICIPAL;11/06/1995;10/03/2001;FM;M;18/06/1995;10/03/2001;FM;1995;SOC;NOISY LE GRAND;Commune
DILAIN;CLAUDE;M;12/08/1948;CONSEILLER MUNICIPAL;11/06/1995;10/03/2001;FM;M;18/06/1995;10/03/2001;FM;1995;SOC;CLICHY SOUS BOIS;Commune
MILLON;CHARLES;M;12/11/1945;CONSEILLER MUNICIPAL;11/06/1995;10/03/2001;FM;M;11/06/1995;10/03/2001;FM;1995;UDF;BELLEY;Commune
BLANC;ETIENNE;M;29/08/1954;CONSEILLER MUNICIPAL;11/03/2001;01/03/2008;FM;M;11/03/2001;01/03/2008;FM;2001;CENTRE;DIVONNE LES BAINS;Commune
GAILLANT;FREDERIC;M;NA;CONSEILLER MUNICIPAL;11/03/2001;05/03/2008;FM;M;11/03/2001;01/12/2001;DM;2001;CENTRE;LE BOURGET;Commune
SCHIAVETTI;HERVE;M;06/07/1956;CONSEILLER MUNICIPAL;11/03/2001;01/03/2008;FM;M;11/03/2001;01/03/2008;FM;2001;COM;ARLES;Commune
FONTAINE;DANIEL;M;01/01/1945;CONSEILLER MUNICIPAL;11/03/2001;01/03/2008;FM;M;11/03/2001;01/03/2008;FM;2001;COM;AUBAGNE;Commune
LOMBARD;PAUL;M;15/12/1927;CONSEILLER MUNICIPAL;11/03/2001;01/03/2008;FM;M;11/03/2001;01/03/2008;FM;2001;COM;MARTIGUES;Commune
VAXES;MICHEL;M;14/11/1940;CONSEILLER MUNICIPAL;11/03/2001;01/03/2008;FM;M;11/03/2001;19/06/2005;NA;2001;COM;PORT DE BOUC;Commune
FERNANDEZ;PATRICIA;F;01/01/1972;CONSEILLER MUNICIPAL;11/03/2001;01/03/2008;FM;M;20/06/2005;01/03/2008;FM;2001;COM;PORT DE BOUC;Commune
RALITE;JACK;M;14/05/1928;CONSEILLER MUNICIPAL;11/03/2001;01/03/2008;FM;M;11/03/2001;29/03/2003;DM;2001;COM;AUBERVILLIERS;Commune
BEAUDET;PASCAL;M;09/10/1956;CONSEILLER MUNICIPAL;11/03/2001;05/03/2008;FM;M;31/03/2003;05/03/2008;FM;2001;COM;AUBERVILLIERS;Commune
BIRSINGER;BERNARD;M;01/09/1954;CONSEILLER MUNICIPAL;11/03/2001;25/08/2006;DC;M;11/03/2001;25/08/2006;DC;2001;COM;BOBIGNY;Commune
PEYGE;Catherine;F;08/10/1959;CONSEILLER MUNICIPAL;11/03/2001;05/03/2008;FM;M;20/06/2006;05/03/2008;FM;2001;COM;BOBIGNY;Commune
POUX;GILLES;M;07/06/1957;CONSEILLER MUNICIPAL;11/03/2001;05/03/2008;FM;M;11/03/2001;05/03/2008;FM;2001;COM;LA COURNEUVE;Commune
BRARD;JEAN PIERRE;M;07/02/1948;CONSEILLER MUNICIPAL;11/03/2001;01/03/2008;FM;M;11/03/2001;01/03/2008;FM;2001;COM;MONTREUIL;Commune
BRAOUEZEC;PATRICK;M;11/12/1950;CONSEILLER MUNICIPAL;11/03/2001;01/03/2008;FM;M;11/03/2001;10/12/2004;NA;2001;COM;SAINT DENIS;Commune
PAILLARD;DIDIER;M;01/12/1954;CONSEILLER MUNICIPAL;11/03/2001;01/03/2008;FM;M;11/12/2004;01/03/2008;FM;2001;COM;SAINT DENIS;Commune
GATIGNON;STEPHANE;M;25/08/1969;CONSEILLER MUNICIPAL;11/03/2001;05/03/2008;FM;M;11/03/2001;05/03/2008;FM;2001;COM;SEVRAN;Commune
SUGUENOT;ALAIN;M;17/09/1951;CONSEILLER MUNICIPAL;11/03/2001;01/03/2008;FM;M;11/03/2001;01/03/2008;FM;2001;DROITE;BEAUNE;Commune
CHAPUIS;PATRICK;M;17/08/1955;CONSEILLER MUNICIPAL;11/03/2001;01/03/2008;FM;M;11/03/2001;01/03/2008;FM;2001;DROITE;FONTAINE LES DIJON;Commune
MENUT;GILBERT;M;03/12/1947;CONSEILLER MUNICIPAL;11/03/2001;01/03/2008;FM;M;11/03/2001;01/03/2008;FM;2001;DROITE;TALANT;Commune
PERRIN;JEAN CLAUDE;M;NA;CONSEILLER MUNICIPAL;11/03/2001;01/03/2008;FM;M;01/07/2002;01/03/2008;FM;2001;DROITE;BOUC BEL AIR;Commune
FABRE AUBRESPY;HERVE;M;20/07/1956;CONSEILLER MUNICIPAL;11/03/2001;01/03/2008;FM;M;11/03/2001;01/03/2008;FM;2001;DROITE;CABRIES;Commune
BORE;PATRICK;M;09/11/1956;CONSEILLER MUNICIPAL;11/03/2001;01/03/2008;FM;M;11/03/2001;01/03/2008;FM;2001;DROITE;LA CIOTAT;Commune
GAUDIN;JEAN CLAUDE;M;08/10/1939;CONSEILLER MUNICIPAL;11/03/2001;01/03/2008;FM;M;11/03/2001;01/03/2008;FM;2001;DROITE;MARSEILLE;Commune
AILLAUD;THERESE;F;05/11/1931;CONSEILLER MUNICIPAL;11/03/2001;01/06/2002;JUSTICE;M;11/03/2001;01/06/2002;JUSTICE;2001;DROITE;TARASCON;Commune
REYNAUD;JEAN;M;NA;CONSEILLER MUNICIPAL;11/03/2001;01/03/2008;FM;M;01/06/2002;01/01/2005;NA;2001;DROITE;TARASCON;Commune
FABRE;CHARLES;M;01/01/1946;CONSEILLER MUNICIPAL;11/03/2001;01/03/2008;FM;M;01/06/2005;01/03/2008;FM;2001;DROITE;TARASCON;Commune
GAUDRON;GERARD;M;26/09/1949;CONSEILLER MUNICIPAL;11/03/2001;01/03/2008;FM;M;01/04/2003;01/03/2008;FM;2001;DROITE;AULNAY SOUS BOIS;Commune
RAOULT;ERIC;M;19/06/1955;CONSEILLER MUNICIPAL;11/03/2001;01/03/2008;FM;M;11/03/2001;01/03/2008;FM;2001;DROITE;RAINCY;Commune
JOISSAINS MASINI;MARYSE;F;15/08/1942;CONSEILLER MUNICIPAL;11/03/2001;10/03/2008;FM;M;19/03/2001;10/03/2008;FM;2001;DROITE;AIX EN PROVENCE;Commune
PAOLI;GERARD;M;09/03/1945;CONSEILLER MUNICIPAL;11/03/2001;01/03/2008;FM;M;11/03/2001;01/03/2008;FM;2001;DVD;GEX;Commune
DUTY;PIERRE ETIENNE;M;;CONSEILLER MUNICIPAL;11/03/2001;01/03/2008;FM;M;11/03/2001;01/03/2008;FM;2001;DVD;FERNEY VOLTAIRE;Commune
PIRALLA;GILLES;M;05/10/1949;CONSEILLER MUNICIPAL;11/03/2001;01/03/2008;FM;M;11/03/2001;01/03/2008;FM;2001;DVD;AMBERIEU EN BUGEY;Commune
BERTHOU;JACQUES;M;03/03/1940;CONSEILLER MUNICIPAL;11/03/2001;01/03/2008;FM;M;11/03/2001;01/03/2008;FM;2001;DVG;MIRIBEL;Commune
SIMONPIERI;DANIEL;M;NA;CONSEILLER MUNICIPAL;11/03/2001;01/03/2008;FM;M;11/03/2001;01/03/2008;FM;2001;EXTD;MARIGNANE;Commune
LAGARDE;JEAN CHRISTOPHE;M;24/10/1967;CONSEILLER MUNICIPAL;11/03/2001;01/03/2008;FM;M;11/03/2001;01/03/2008;FM;2001;UDF;DRANCY;Commune
ETIEVANT;MICHEL;M;12/12/1932;CONSEILLER MUNICIPAL;11/03/2001;07/07/2006;DC;M;11/03/2001;07/07/2006;DC;2001;SOC;LONGVIC;Commune
BERTRAND;JEAN MICHEL;M;06/06/1943;CONSEILLER MUNICIPAL;11/03/2001;05/02/2008;FM;M;25/03/2001;05/02/2008;FM;2001;UMP;BOURG EN BRESSE;Commune
BERTRAND;HUBERT;M;05/12/1946;CONSEILLER MUNICIPAL;11/03/2001;01/03/2008;FM;M;11/03/2001;01/03/2008;FM;2001;PRG;SAINT GENIS POUILLY;Commune
ANDREONI;SERGE;M;15/03/1940;CONSEILLER MUNICIPAL;11/03/2001;01/03/2008;FM;M;11/03/2001;01/03/2008;FM;2001;PS;BERRE L ETANG;Commune
ESMONIN;JEAN;M;27/02/1937;CONSEILLER MUNICIPAL;11/03/2001;01/03/2008;FM;M;11/03/2001;01/03/2008;FM;2001;SOC;CHENOVE;Commune
REBSAMEN;FRANCOIS;M;25/06/1951;CONSEILLER MUNICIPAL;11/03/2001;01/03/2008;FM;M;11/03/2001;01/03/2008;FM;2001;SOC;DIJON;Commune
DARCIAUX;CLAUDE;F;18/10/1942;CONSEILLER MUNICIPAL;11/03/2001;01/03/2008;FM;M;21/06/2005;01/03/2008;FM;2001;SOC;LONGVIC;Commune
BACHELARD;MICHEL;M;17/09/1948;CONSEILLER MUNICIPAL;11/03/2001;01/03/2008;FM;M;01/02/2003;01/03/2008;FM;2001;SOC;QUETIGNY;Commune
VOUILLOT;HERVE;M;01/04/1943;CONSEILLER MUNICIPAL;11/03/2001;01/01/2003;DM;M;11/03/2001;01/01/2003;DM;2001;SOC;QUETIGNY;Commune
GARCIA;DANIELE;F;12/03/1948;CONSEILLER MUNICIPAL;11/03/2001;01/03/2008;FM;M;11/03/2001;01/03/2008;FM;2001;SOC;AURIOL;Commune
AMIEL;MICHEL;M;03/07/1954;CONSEILLER MUNICIPAL;11/03/2001;01/03/2008;FM;M;11/03/2001;01/03/2008;FM;2001;SOC;PENNES MIRABEAU;Commune
VULPIAN;CLAUDE;M;22/11/1936;CONSEILLER MUNICIPAL;11/03/2001;01/03/2008;FM;M;11/03/2001;01/03/2008;FM;2001;SOC;SAINT MARTIN DE CRAU;Commune
ROGER;GILBERT;M;09/11/1953;CONSEILLER MUNICIPAL;11/03/2001;01/03/2008;FM;M;11/03/2001;01/03/2008;FM;2001;SOC;BONDY;Commune
GOLDBERG;DANIEL;M;24/08/1965;CONSEILLER MUNICIPAL;11/03/2001;01/03/2008;FM;M;11/03/2001;01/03/2005;NA;2001;SOC;LA COURNEUVE;Commune
PAJON;MICHEL;M;30/06/1949;CONSEILLER MUNICIPAL;11/03/2001;01/03/2008;FM;M;11/03/2001;01/03/2008;FM;2001;SOC;NOISY LE GRAND;Commune
KERN;BERTRAND;M;04/02/1962;CONSEILLER MUNICIPAL;11/03/2001;01/03/2008;FM;M;11/03/2001;01/03/2008;FM;2001;SOC;PANTIN;Commune
VALLS;CORINNE;F;02/02/1957;CONSEILLER MUNICIPAL;11/03/2001;05/03/2008;FM;M;11/03/2001;05/03/2008;FM;2001;SOC;ROMAINVILLE;Commune
DILAIN;CLAUDE;M;12/08/1948;CONSEILLER MUNICIPAL;11/03/2001;05/03/2008;FM;M;11/03/2001;05/03/2008;FM;2001;SOC;CLICHY SOUS BOIS;Commune
CAPO CANELLAS;VINCENT;M;04/05/1967;CONSEILLER MUNICIPAL;11/03/2001;01/03/2008;FM;M;11/03/2001;01/03/2008;FM;2001;UDF;LE BOURGET;Commune
TRAVERS;JEAN CLAUDE;M;05/10/1947;CONSEILLER MUNICIPAL;11/03/2001;01/03/2008;FM;M;11/03/2001;01/03/2008;FM;2001;UMP;BELLEY;Commune
GOBET;JACQUES;M;24/08/1948;CONSEILLER MUNICIPAL;11/03/2001;01/03/2008;FM;M;11/03/2001;01/03/2008;FM;2001;UMP;OYONNAX;Commune
SCHIAVETTI;HERVE;M;06/07/1956;CONSEILLER MUNICIPAL;09/03/2008;20/03/2014;FM;M;09/03/2008;20/03/2014;FM;2008;COM;ARLES;Commune
FONTAINE;DANIEL;M;01/01/1945;CONSEILLER MUNICIPAL;09/03/2008;20/03/2014;FM;M;09/03/2008;20/03/2014;FM;2008;COM;AUBAGNE;Commune
CHARROUX;GABY;M;25/06/1942;CONSEILLER MUNICIPAL;09/03/2008;20/03/2014;FM;M;29/05/2009;20/03/2014;FM;2008;COM;MARTIGUES;Commune
LOMBARD;PAUL;M;15/12/1927;CONSEILLER MUNICIPAL;09/03/2008;20/03/2014;FM;M;09/03/2008;29/05/2009;DM;2008;COM;MARTIGUES;Commune
FERNANDEZ;PATRICIA;F;01/01/1972;CONSEILLER MUNICIPAL;09/03/2008;20/03/2014;FM;M;09/03/2008;20/03/2014;FM;2008;COM;PORT DE BOUC;Commune
PEYGE;Catherine;F;08/10/1959;CONSEILLER MUNICIPAL;09/03/2008;20/03/2014;FM;M;09/03/2008;20/03/2014;FM;2008;COM;BOBIGNY;Commune
POUX;GILLES;M;07/06/1957;CONSEILLER MUNICIPAL;09/03/2008;20/03/2014;FM;M;09/03/2008;20/03/2014;FM;2008;COM;LA COURNEUVE;Commune
PAILLARD;DIDIER;M;01/12/1954;CONSEILLER MUNICIPAL;09/03/2008;20/03/2014;FM;M;09/03/2008;20/03/2014;FM;2008;COM;SAINT DENIS;Commune
SUGUENOT;ALAIN;M;17/09/1951;CONSEILLER MUNICIPAL;09/03/2008;20/03/2014;FM;M;09/03/2008;20/03/2014;FM;2008;DROITE;BEAUNE;Commune
CHAPUIS;PATRICK;M;17/08/1955;CONSEILLER MUNICIPAL;09/03/2008;20/03/2014;FM;M;09/03/2008;20/03/2014;FM;2008;DROITE;FONTAINE LES DIJON;Commune
MENUT;GILBERT;M;03/12/1947;CONSEILLER MUNICIPAL;09/03/2008;20/03/2014;FM;M;09/03/2008;20/03/2014;FM;2008;DROITE;TALANT;Commune
JOISSAINS MASINI;MARYSE;F;15/08/1942;CONSEILLER MUNICIPAL;09/03/2008;20/03/2014;FM;M;09/03/2008;20/03/2014;FM;2008;DROITE;AIX EN PROVENCE;Commune
PERRIN;JEAN CLAUDE;M;NA;CONSEILLER MUNICIPAL;09/03/2008;20/03/2014;FM;M;09/03/2008;20/03/2014;FM;2008;DROITE;BOUC BEL AIR;Commune
BORE;PATRICK;M;09/11/1956;CONSEILLER MUNICIPAL;09/03/2008;20/03/2014;FM;M;09/03/2008;20/03/2014;FM;2008;DROITE;LA CIOTAT;Commune
LE DISSES;ERIC;M;05/07/1955;CONSEILLER MUNICIPAL;09/03/2008;20/03/2014;FM;M;09/03/2008;20/03/2014;FM;2008;DROITE;MARIGNANE;Commune
GAUDIN;JEAN CLAUDE;M;08/10/1939;CONSEILLER MUNICIPAL;09/03/2008;20/03/2014;FM;M;09/03/2008;20/03/2014;FM;2008;DROITE;MARSEILLE;Commune
FABRE;CHARLES;M;01/01/1946;CONSEILLER MUNICIPAL;09/03/2008;20/03/2014;FM;M;09/03/2008;20/03/2014;FM;2008;DROITE;TARASCON;Commune
RAOULT;ERIC;M;19/06/1955;CONSEILLER MUNICIPAL;09/03/2008;20/03/2014;FM;M;09/03/2008;20/03/2014;FM;2008;DROITE;RAINCY;Commune
PAOLI;GERARD;M;09/03/1945;CONSEILLER MUNICIPAL;09/03/2008;20/03/2014;FM;M;09/03/2008;20/03/2014;FM;2008;DVD;GEX;Commune
BERTHOU;JACQUES;M;03/03/1940;CONSEILLER MUNICIPAL;09/03/2008;20/03/2014;FM;M;09/03/2008;20/03/2014;FM;2008;DVG;MIRIBEL;Commune
MEYLAN;FRANCOIS;M;01/01/1944;CONSEILLER MUNICIPAL;09/03/2008;20/03/2014;FM;M;09/03/2008;20/03/2014;FM;2008;DVG;FERNEY VOLTAIRE;Commune
FOGNINI;JEAN MARC;M;29/03/1958;CONSEILLER MUNICIPAL;09/03/2008;20/03/2014;FM;M;17/03/2008;20/03/2014;FM;2008;DVG;BELLEY;Commune
VOYNET;DOMINIQUE;F;04/11/1958;CONSEILLER MUNICIPAL;09/03/2008;20/03/2014;FM;M;09/03/2008;20/03/2014;FM;2008;ECO;MONTREUIL;Commune
GATIGNON;STEPHANE;M;25/08/1969;CONSEILLER MUNICIPAL;09/03/2008;20/03/2014;FM;M;09/03/2008;20/03/2014;FM;2008;ECO;SEVRAN;Commune
MARTIN;RICHARD;M;NA;CONSEILLER MUNICIPAL;09/03/2008;20/03/2014;FM;M;09/03/2008;20/03/2014;FM;2008;IND;CABRIES;Commune
LAGARDE;JEAN CHRISTOPHE;M;24/10/1967;CONSEILLER MUNICIPAL;09/03/2008;20/03/2014;FM;M;09/03/2008;20/03/2014;FM;2008;UDF;DRANCY;Commune
ROTGER;MICHEL;M;NA;CONSEILLER MUNICIPAL;09/03/2008;20/03/2014;FM;M;15/10/2012;20/03/2014;FM;2008;UMP;CHEVIGNY SAINT SAUVEUR;Commune
BERTRAND;HUBERT;M;05/12/1946;CONSEILLER MUNICIPAL;09/03/2008;20/03/2014;FM;M;09/03/2008;20/03/2014;FM;2008;PRG;SAINT GENIS POUILLY;Commune
ANDREONI;SERGE;M;15/03/1940;CONSEILLER MUNICIPAL;09/03/2008;20/03/2014;FM;M;09/03/2008;20/03/2014;FM;2008;PS;BERRE L ETANG;Commune
ESMONIN;JEAN;M;27/02/1937;CONSEILLER MUNICIPAL;09/03/2008;20/03/2014;FM;M;09/03/2008;20/03/2014;FM;2008;SOC;CHENOVE;Commune
REBSAMEN;FRANCOIS;M;25/06/1951;CONSEILLER MUNICIPAL;09/03/2008;20/03/2014;FM;M;09/03/2008;20/03/2014;FM;2008;SOC;DIJON;Commune
DARCIAUX;CLAUDE;F;18/10/1942;CONSEILLER MUNICIPAL;09/03/2008;20/03/2014;FM;M;09/03/2008;20/03/2014;FM;2008;SOC;LONGVIC;Commune
BACHELARD;MICHEL;M;17/09/1948;CONSEILLER MUNICIPAL;09/03/2008;20/03/2014;FM;M;09/03/2008;20/03/2014;FM;2008;SOC;QUETIGNY;Commune
GARCIA;DANIELE;F;12/03/1948;CONSEILLER MUNICIPAL;09/03/2008;20/03/2014;FM;M;09/03/2008;20/03/2014;FM;2008;SOC;AURIOL;Commune
AMIEL;MICHEL;M;03/07/1954;CONSEILLER MUNICIPAL;09/03/2008;20/03/2014;FM;M;09/03/2008;20/03/2014;FM;2008;SOC;PENNES MIRABEAU;Commune
VULPIAN;CLAUDE;M;22/11/1936;CONSEILLER MUNICIPAL;09/03/2008;20/03/2014;FM;M;09/03/2008;20/03/2014;FM;2008;SOC;SAINT MARTIN DE CRAU;Commune
ROGER;GILBERT;M;09/11/1953;CONSEILLER MUNICIPAL;09/03/2008;20/03/2014;FM;M;09/03/2008;01/10/2011;CUMUL;2008;SOC;BONDY;Commune
THOMASSIN;SYLVINE;F;13/12/1959;CONSEILLER MUNICIPAL;09/03/2008;20/03/2014;FM;M;13/10/2011;20/03/2014;FM;2008;SOC;BONDY;Commune
PAJON;MICHEL;M;30/06/1949;CONSEILLER MUNICIPAL;09/03/2008;20/03/2014;FM;M;09/03/2008;20/03/2014;FM;2008;SOC;NOISY LE GRAND;Commune
KERN;BERTRAND;M;04/02/1962;CONSEILLER MUNICIPAL;09/03/2008;20/03/2014;FM;M;09/03/2008;20/03/2014;FM;2008;SOC;PANTIN;Commune
VALLS;CORINNE;F;02/02/1957;CONSEILLER MUNICIPAL;09/03/2008;20/03/2014;FM;M;09/03/2008;20/03/2014;FM;2008;SOC;ROMAINVILLE;Commune
DILAIN;CLAUDE;M;12/08/1948;CONSEILLER MUNICIPAL;09/03/2008;20/03/2014;FM;M;09/03/2008;01/10/2011;CUMUL;2008;SOC;CLICHY SOUS BOIS;Commune
DEBAT;JEAN FRANCOIS;M;24/01/1966;CONSEILLER MUNICIPAL;09/03/2008;20/03/2014;FM;M;16/03/2008;20/03/2014;FM;2008;SOC;BOURG EN BRESSE;Commune
EXPOSITO;JOSIANE;F;03/03/1943;CONSEILLER MUNICIPAL;09/03/2008;20/03/2014;FM;M;17/03/2008;20/03/2014;FM;2008;SOC;AMBERIEU EN BUGEY;Commune
SEGURA;GERARD;M;24/05/1948;CONSEILLER MUNICIPAL;09/03/2008;01/04/2014;FM;M;17/03/2008;01/04/2014;FM;2008;SOC;AULNAY SOUS BOIS;Commune
BLANC;ETIENNE;M;29/08/1954;CONSEILLER MUNICIPAL;09/03/2008;20/03/2014;FM;M;09/03/2008;20/03/2014;FM;2008;UDF;DIVONNE LES BAINS;Commune
CAPO CANELLAS;VINCENT;M;04/05/1967;CONSEILLER MUNICIPAL;09/03/2008;20/03/2014;FM;M;09/03/2008;20/03/2014;FM;2008;UDI;LE BOURGET;Commune
PERRAUD;MICHEL;M;15/04/1953;CONSEILLER MUNICIPAL;09/03/2008;20/03/2014;FM;M;09/03/2008;20/03/2014;FM;2008;UDI;OYONNAX;Commune
SLISSA;MONIQUE;F;01/01/1948;CONSEILLER MUNICIPAL;23/03/2014;10/03/2020;FM;M;01/06/2017;10/03/2020;FM;2014;CENTRE;PENNES MIRABEAU;Commune
PAOLI;Stephane;M;13/07/1970;CONSEILLER MUNICIPAL;23/03/2014;15/03/2020;FM;M;23/03/2014;15/03/2020;FM;2014;CENTRE;BOBIGNY;Commune
HOPPE;YANNICK;M;07/12/1983;CONSEILLER MUNICIPAL;23/03/2014;15/03/2020;FM;M;01/11/2017;15/03/2020;FM;2014;CENTRE;LE BOURGET;Commune
SCHIAVETTI;HERVE;M;06/07/1956;CONSEILLER MUNICIPAL;23/03/2014;10/03/2020;FM;M;23/03/2014;10/03/2020;FM;2014;COM;ARLES;Commune
CHARROUX;GABY;M;25/06/1942;CONSEILLER MUNICIPAL;23/03/2014;10/03/2020;FM;M;23/03/2014;10/03/2020;FM;2014;COM;MARTIGUES;Commune
FERNANDEZ;PATRICIA;F;01/01/1972;CONSEILLER MUNICIPAL;23/03/2014;10/03/2020;FM;M;23/03/2014;10/03/2020;FM;2014;COM;PORT DE BOUC;Commune
DERKAOUI;MERIEM;F;25/09/1955;CONSEILLER MUNICIPAL;23/03/2014;15/03/2020;FM;M;21/01/2016;15/03/2020;FM;2014;COM;AUBERVILLIERS;Commune
BEAUDET;PASCAL;M;09/10/1956;CONSEILLER MUNICIPAL;23/03/2014;15/03/2020;FM;M;23/03/2014;21/01/2016;DM;2014;COM;AUBERVILLIERS;Commune
POUX;GILLES;M;07/06/1957;CONSEILLER MUNICIPAL;23/03/2014;15/03/2020;FM;M;23/03/2014;15/03/2020;FM;2014;COM;LA COURNEUVE;Commune
BESSAC;PATRICE;M;17/06/1978;CONSEILLER MUNICIPAL;23/03/2014;15/03/2020;FM;M;23/03/2014;15/03/2020;FM;2014;COM;MONTREUIL;Commune
PAILLARD;DIDIER;M;01/12/1954;CONSEILLER MUNICIPAL;23/03/2014;15/03/2020;FM;M;23/03/2014;03/12/2016;DM;2014;COM;SAINT DENIS;Commune
SUGUENOT;ALAIN;M;17/09/1951;CONSEILLER MUNICIPAL;23/03/2014;10/03/2020;FM;M;23/03/2014;10/03/2020;FM;2014;DROITE;BEAUNE;Commune
RUET;GUILLAUME;M;22/06/1983;CONSEILLER MUNICIPAL;23/03/2014;10/03/2020;FM;M;02/02/2019;10/03/2020;FM;2014;DROITE;CHEVIGNY SAINT SAUVEUR;Commune
CHAPUIS;PATRICK;M;17/08/1955;CONSEILLER MUNICIPAL;23/03/2014;10/03/2020;FM;M;23/03/2014;10/03/2020;FM;2014;DROITE;FONTAINE LES DIJON;Commune
MENUT;GILBERT;M;03/12/1947;CONSEILLER MUNICIPAL;23/03/2014;10/03/2020;FM;M;23/03/2014;10/03/2020;FM;2014;DROITE;TALANT;Commune
JOISSAINS MASINI;MARYSE;F;15/08/1942;CONSEILLER MUNICIPAL;23/03/2014;10/03/2020;FM;M;23/03/2014;10/03/2020;FM;2014;DROITE;AIX EN PROVENCE;Commune
GAZAY;GERARD;M;23/11/1957;CONSEILLER MUNICIPAL;23/03/2014;10/03/2020;FM;M;23/03/2014;10/03/2020;FM;2014;DROITE;AUBAGNE;Commune
MALLIE;RICHARD;M;25/10/1948;CONSEILLER MUNICIPAL;23/03/2014;10/03/2020;FM;M;23/03/2014;10/03/2020;FM;2014;DROITE;BOUC BEL AIR;Commune
FABRE AUBRESPY;HERVE;M;20/07/1956;CONSEILLER MUNICIPAL;23/03/2014;10/03/2020;FM;M;23/03/2014;10/03/2020;FM;2014;DROITE;CABRIES;Commune
BORE;PATRICK;M;09/11/1956;CONSEILLER MUNICIPAL;23/03/2014;10/03/2020;FM;M;23/03/2014;10/03/2020;FM;2014;DROITE;LA CIOTAT;Commune
LE DISSES;ERIC;M;05/07/1955;CONSEILLER MUNICIPAL;23/03/2014;10/03/2020;FM;M;23/03/2014;10/03/2020;FM;2014;DROITE;MARIGNANE;Commune
GAUDIN;JEAN CLAUDE;M;08/10/1939;CONSEILLER MUNICIPAL;23/03/2014;15/03/2020;FM;M;23/03/2014;15/03/2020;FM;2014;DROITE;MARSEILLE;Commune
LIMOUSIN;LUCIEN;M;19/10/1947;CONSEILLER MUNICIPAL;23/03/2014;10/03/2020;FM;M;23/03/2014;10/03/2020;FM;2014;DROITE;TARASCON;Commune
BESCHIZZA;BRUNO;M;24/03/1968;CONSEILLER MUNICIPAL;23/03/2014;15/03/2020;FM;M;23/03/2014;15/03/2020;FM;2014;DROITE;AULNAY SOUS BOIS;Commune
LAGARDE;AUDE;F;15/05/1976;CONSEILLER MUNICIPAL;23/03/2014;15/03/2020;FM;M;02/09/2017;15/03/2020;FM;2014;DROITE;DRANCY;Commune
JIMENEZ;CHRISTIAN;M;28/02/1950;CONSEILLER MUNICIPAL;23/03/2014;19/01/2015;DC;M;23/03/2014;19/01/2015;DC;2014;DVD;BELLEY;Commune
BERTHET;PIERRE;M;01/01/1949;CONSEILLER MUNICIPAL;23/03/2014;10/03/2020;FM;M;30/01/2015;10/03/2020;FM;2014;DVD;BELLEY;Commune
SCATTOLIN;VINCENT;M;27/01/1979;CONSEILLER MUNICIPAL;23/03/2014;10/03/2020;FM;M;15/02/2019;10/03/2020;FM;2014;DVD;DIVONNE LES BAINS;Commune
DUNAND;PASCAL;M;15/10/1968;CONSEILLER MUNICIPAL;23/03/2014;10/03/2020;FM;M;23/03/2014;10/03/2020;FM;2014;DVD;GEX;Commune
GENESTIER;JEAN MICHEL;M;16/05/1962;CONSEILLER MUNICIPAL;23/03/2014;15/03/2020;FM;M;23/03/2014;15/03/2020;FM;2014;DVD;RAINCY;Commune
VIRICEL;SYLVIE;F;01/01/1958;CONSEILLER MUNICIPAL;23/03/2014;10/03/2020;FM;M;23/03/2014;10/03/2020;FM;2014;DVG;MIRIBEL;Commune
TEIXIER;DOMINIQUE;M;07/04/1951;CONSEILLER MUNICIPAL;23/03/2014;10/03/2020;FM;M;15/05/2016;10/03/2020;FM;2014;DVG;SAINT MARTIN DE CRAU;Commune
BLANCHET;STEPHANE;M;06/02/1970;CONSEILLER MUNICIPAL;23/03/2014;15/03/2020;FM;M;15/05/2018;15/03/2020;FM;2014;DVG;SEVRAN;Commune
GATIGNON;STEPHANE;M;25/08/1969;CONSEILLER MUNICIPAL;23/03/2014;15/03/2020;FM;M;23/03/2014;15/05/2018;DM;2014;ECO;SEVRAN;Commune
AMIEL;MICHEL;M;03/07/1954;CONSEILLER MUNICIPAL;23/03/2014;10/03/2020;FM;M;23/03/2014;21/09/2017;CUMUL;2014;LREM;PENNES MIRABEAU;Commune
ROTGER;MICHEL;M;NA;CONSEILLER MUNICIPAL;23/03/2014;10/03/2020;FM;M;23/03/2014;01/02/2019;DM;2014;LR;CHEVIGNY SAINT SAUVEUR;Commune
LAGARDE;JEAN CHRISTOPHE;M;24/10/1967;CONSEILLER MUNICIPAL;23/03/2014;15/03/2020;FM;M;26/03/2014;02/09/2017;CUMUL;2014;UDF;DRANCY;Commune
BERTRAND;HUBERT;M;05/12/1946;CONSEILLER MUNICIPAL;23/03/2014;10/03/2020;FM;M;23/03/2014;10/03/2020;FM;2014;PRG;SAINT GENIS POUILLY;Commune
ANDREONI;SERGE;M;15/03/1940;CONSEILLER MUNICIPAL;23/03/2014;10/03/2020;NA;M;23/03/2014;14/09/2016;NA;2014;PS;BERRE L ETANG;Commune
DEBAT;JEAN FRANCOIS;M;24/01/1966;CONSEILLER MUNICIPAL;23/03/2014;10/03/2020;FM;M;23/03/2014;10/03/2020;FM;2014;SOC;BOURG EN BRESSE;Commune
FALCONNET;THIERRY;M;27/11/1964;CONSEILLER MUNICIPAL;23/03/2014;10/03/2020;FM;M;01/09/2015;10/03/2020;FM;2014;SOC;CHENOVE;Commune
ALMEIDA;JOSE;M;NA;CONSEILLER MUNICIPAL;23/03/2014;10/03/2020;FM;M;23/03/2014;10/03/2020;FM;2014;SOC;LONGVIC;Commune
BACHELARD;MICHEL;M;17/09/1948;CONSEILLER MUNICIPAL;23/03/2014;22/01/2016;DM;M;23/03/2014;22/01/2016;DM;2014;SOC;QUETIGNY;Commune
DETANG;REMI;M;03/05/1956;CONSEILLER MUNICIPAL;23/03/2014;10/03/2020;FM;M;01/02/2016;10/03/2020;FM;2014;SOC;QUETIGNY;Commune
GARCIA;DANIELE;F;12/03/1948;CONSEILLER MUNICIPAL;23/03/2014;10/03/2020;FM;M;23/03/2014;10/03/2020;FM;2014;SOC;AURIOL;Commune
MARTINET;MARIO;M;20/09/1956;CONSEILLER MUNICIPAL;23/03/2014;10/03/2020;FM;M;14/09/2016;10/03/2020;FM;2014;SOC;BERRE L ETANG;Commune
VULPIAN;CLAUDE;M;22/11/1936;CONSEILLER MUNICIPAL;23/03/2014;10/03/2020;FM;M;23/03/2014;10/05/2016;DM;2014;SOC;SAINT MARTIN DE CRAU;Commune
THOMASSIN;SYLVINE;F;13/12/1959;CONSEILLER MUNICIPAL;23/03/2014;15/03/2020;FM;M;23/03/2014;15/03/2020;FM;2014;SOC;BONDY;Commune
KERN;BERTRAND;M;04/02/1962;CONSEILLER MUNICIPAL;23/03/2014;15/03/2020;FM;M;23/03/2014;15/03/2020;FM;2014;SOC;PANTIN;Commune
VALLS;CORINNE;F;02/02/1957;CONSEILLER MUNICIPAL;23/03/2014;15/03/2020;FM;M;23/03/2014;15/03/2020;FM;2014;SOC;ROMAINVILLE;Commune
BLANC;ETIENNE;M;29/08/1954;CONSEILLER MUNICIPAL;23/03/2014;01/02/2019;AU;M;23/03/2014;01/02/2019;AU;2014;UDF;DIVONNE LES BAINS;Commune
CAPO CANELLAS;VINCENT;M;04/05/1967;CONSEILLER MUNICIPAL;23/03/2014;11/10/2017;DM;M;23/03/2014;11/10/2017;CUMUL;2014;UDI;LE BOURGET;Commune
FABRE;DANIEL;M;07/09/1961;CONSEILLER MUNICIPAL;23/03/2014;10/03/2020;FM;M;23/03/2014;10/03/2020;FM;2014;UDI;AMBERIEU EN BUGEY;Commune
PERRAUD;MICHEL;M;15/04/1953;CONSEILLER MUNICIPAL;23/03/2014;10/03/2020;FM;M;23/03/2014;10/03/2020;FM;2014;UDI;OYONNAX;Commune
RAPHOZ;DANIEL;M;06/12/1955;CONSEILLER MUNICIPAL;23/03/2014;10/03/2020;FM;M;23/03/2014;10/03/2020;FM;2014;UDI;FERNEY VOLTAIRE;Commune
ESMONIN;JEAN;M;27/02/1937;CONSEILLER MUNICIPAL;23/09/2014;20/08/2015;DM;M;23/09/2014;20/08/2015;DM;2014;SOC;CHENOVE;Commune
REBSAMEN;FRANCOIS;M;25/06/1951;CONSEILLER MUNICIPAL;10/08/2015;01/07/2020;FM;M;10/08/2015;01/07/2020;FM;2014;SOC;DIJON;Commune
MARSIGNY;BRIGITTE;F;11/07/1952;CONSEILLER MUNICIPAL;25/09/2015;15/03/2020;FM;M;25/09/2015;15/03/2020;FM;2014;DROITE;NOISY LE GRAND;Commune
FRANCLET;KARINE;F;13/12/1981;CONSEILLER MUNICIPAL;28/06/2020;NA;NA;M;28/06/2020;NA;NA;2020;CENTRE;AUBERVILLIERS;Commune
BESSAC;PATRICE;M;17/06/1978;CONSEILLER MUNICIPAL;28/06/2020;NA;NA;M;28/06/2020;NA;NA;2020;COM;MONTREUIL;Commune
SADI;ABDEL;M;11/02/1962;CONSEILLER MUNICIPAL;28/06/2020;NA;NA;M;28/06/2020;NA;NA;2020;COM;BOBIGNY;Commune
POUX;GILLES;M;07/06/1957;CONSEILLER MUNICIPAL;28/06/2020;NA;NA;M;28/06/2020;NA;NA;2020;COM;LA COURNEUVE;Commune
CHARROUX;GABY;M;25/06/1942;CONSEILLER MUNICIPAL;28/06/2020;NA;NA;M;28/06/2020;NA;NA;2020;COM;MARTIGUES;Commune
SUGUENOT;ALAIN;M;17/09/1951;CONSEILLER MUNICIPAL;28/06/2020;NA;NA;M;28/06/2020;NA;NA;2020;DROITE;BEAUNE;Commune
GAZAY;GERARD;M;23/11/1957;CONSEILLER MUNICIPAL;28/06/2020;NA;NA;M;28/06/2020;NA;NA;2020;DROITE;AUBAGNE;Commune
LE DISSES;ERIC;M;05/07/1955;CONSEILLER MUNICIPAL;28/06/2020;NA;NA;M;28/06/2020;NA;NA;2020;DROITE;MARIGNANE;Commune
LIMOUSIN;LUCIEN;M;19/10/1947;CONSEILLER MUNICIPAL;28/06/2020;NA;NA;M;28/06/2020;NA;NA;2020;DROITE;TARASCON;Commune
RUET;GUILLAUME;M;22/06/1983;CONSEILLER MUNICIPAL;28/06/2020;NA;NA;M;28/06/2020;NA;NA;2020;DROITE;CHEVIGNY SAINT SAUVEUR;Commune
CHAPUIS;PATRICK;M;17/08/1955;CONSEILLER MUNICIPAL;28/06/2020;NA;NA;M;28/06/2020;NA;NA;2020;DROITE;FONTAINE LES DIJON;Commune
RUINET;FRANCOIS;M;14/06/1972;CONSEILLER MUNICIPAL;28/06/2020;NA;NA;M;28/06/2020;NA;NA;2020;DROITE;TALANT;Commune
HERVE;STEPHEN;M;NA;CONSEILLER MUNICIPAL;28/06/2020;NA;NA;M;28/06/2020;NA;NA;2020;DROITE;BONDY;Commune
LAGARDE;AUDE;F;15/05/1976;CONSEILLER MUNICIPAL;28/06/2020;NA;NA;M;28/06/2020;NA;NA;2020;DROITE;DRANCY;Commune
MARSIGNY;BRIGITTE;F;11/07/1952;CONSEILLER MUNICIPAL;28/06/2020;NA;NA;M;28/06/2020;NA;NA;2020;DROITE;NOISY LE GRAND;Commune
BESCHIZZA;BRUNO;M;24/03/1968;CONSEILLER MUNICIPAL;28/06/2020;NA;NA;M;28/06/2020;NA;NA;2020;DROITE;AULNAY SOUS BOIS;Commune
JOISSAINS MASINI;MARYSE;F;15/08/1942;CONSEILLER MUNICIPAL;28/06/2020;NA;NA;M;28/06/2020;NA;NA;2020;DROITE;AIX EN PROVENCE;Commune
MALLIE;RICHARD;M;25/10/1948;CONSEILLER MUNICIPAL;28/06/2020;NA;NA;M;28/06/2020;NA;NA;2020;DROITE;BOUC BEL AIR;Commune
SALVO;ARLETTE;M;13/03/1946;CONSEILLER MUNICIPAL;28/06/2020;NA;NA;M;28/06/2020;NA;NA;2020;DROITE;LA CIOTAT;Commune
MIQUELLY;VERONIQUE;F;15/02/1971;CONSEILLER MUNICIPAL;28/06/2020;NA;NA;M;28/06/2020;NA;NA;2020;DVD;AURIOL;Commune
LAHUERTA;DIMITRI;M;20/10/1980;CONSEILLER MUNICIPAL;28/06/2020;NA;FM;M;28/06/2020;NA;FM;2020;DVD;BELLEY;Commune
SCATTOLIN;VINCENT;M;27/01/1979;CONSEILLER MUNICIPAL;28/06/2020;NA;NA;M;28/06/2020;NA;NA;2020;DVD;DIVONNE LES BAINS;Commune
DUNAND;PASCAL;M;15/10/1968;CONSEILLER MUNICIPAL;28/06/2020;NA;NA;M;28/06/2020;NA;NA;2020;DVD;GEX;Commune
GAITET;JEAN PIERRE;M;21/01/1954;CONSEILLER MUNICIPAL;28/06/2020;NA;NA;M;28/06/2020;NA;NA;2020;DVD;MIRIBEL;Commune
BORSALI;JEAN BAPTISTE;M;04/04/1988;CONSEILLER MUNICIPAL;28/06/2020;NA;NA;M;28/06/2020;NA;NA;2020;DVD;LE BOURGET;Commune
GENESTIER;JEAN MICHEL;M;16/05/1962;CONSEILLER MUNICIPAL;28/06/2020;NA;NA;M;28/06/2020;NA;NA;2020;DVD;RAINCY;Commune
LEXCELLENT;MARIE ROSE;F;10/02/1947;CONSEILLER MUNICIPAL;28/06/2020;NA;NA;M;28/06/2020;NA;NA;2020;DVG;SAINT MARTIN DE CRAU;Commune
BLANCHET;STEPHANE;M;06/02/1970;CONSEILLER MUNICIPAL;28/06/2020;NA;NA;M;28/06/2020;NA;NA;2020;DVG;SEVRAN;Commune
DECHY;FRANCOIS;M;07/09/1979;CONSEILLER MUNICIPAL;28/06/2020;NA;NA;M;28/06/2020;NA;NA;2020;DVG;ROMAINVILLE;Commune
VENTRON;AMAPOLA;F;NA;CONSEILLER MUNICIPAL;28/06/2020;NA;NA;M;28/06/2020;NA;NA;2020;ECO;CABRIES;Commune
DE CAROLIS;PATRICK;M;19/11/1953;CONSEILLER MUNICIPAL;28/06/2020;NA;NA;M;28/06/2020;NA;NA;2020;HORIZONS;ARLES;Commune
AMIEL;MICHEL;M;03/07/1954;CONSEILLER MUNICIPAL;28/06/2020;NA;NA;M;28/06/2020;NA;NA;2020;LREM;PENNES MIRABEAU;Commune
JOISSAINS;SOPHIE;F;25/10/1969;CONSEILLER MUNICIPAL;28/06/2020;NA;NA;M;28/06/2020;NA;NA;2020;UDI;AIX EN PROVENCE;Commune
BELSOLA;LAURENT;M;12/01/1970;CONSEILLER MUNICIPAL;28/06/2020;NA;NA;M;28/06/2020;NA;NA;2020;PCF;PORT DE BOUC;Commune
BERTRAND;HUBERT;M;05/12/1946;CONSEILLER MUNICIPAL;28/06/2020;NA;NA;M;28/06/2020;NA;NA;2020;PRG;SAINT GENIS POUILLY;Commune
HANOTIN;MATHIEU;M;22/08/1978;CONSEILLER MUNICIPAL;28/06/2020;NA;NA;M;28/06/2020;NA;NA;2020;PS;SAINT DENIS;Commune
MARTINET;MARIO;M;20/09/1956;CONSEILLER MUNICIPAL;28/06/2020;NA;NA;M;28/06/2020;NA;NA;2020;SOC;BERRE L ETANG;Commune
DEBAT;JEAN FRANCOIS;M;24/01/1966;CONSEILLER MUNICIPAL;28/06/2020;NA;NA;M;28/06/2020;NA;NA;2020;SOC;BOURG EN BRESSE;Commune
FALCONNET;THIERRY;M;27/11/1964;CONSEILLER MUNICIPAL;28/06/2020;NA;FM;M;28/06/2020;NA;NA;2020;SOC;CHENOVE;Commune
ALMEIDA;JOSE;M;NA;CONSEILLER MUNICIPAL;28/06/2020;NA;NA;M;28/06/2020;NA;NA;2020;SOC;LONGVIC;Commune
DETANG;REMI;M;03/05/1956;CONSEILLER MUNICIPAL;28/06/2020;NA;NA;M;28/06/2020;NA;NA;2020;SOC;QUETIGNY;Commune
KERN;BERTRAND;M;04/02/1962;CONSEILLER MUNICIPAL;28/06/2020;NA;NA;M;28/06/2020;NA;NA;2020;SOC;PANTIN;Commune
KLEIN;OLIVIER;M;16/02/1967;CONSEILLER MUNICIPAL;28/06/2020;NA;NA;M;28/06/2020;NA;NA;2020;SOC;CLICHY SOUS BOIS;Commune
PAYPAN;BENOIT;M;31/01/1978;CONSEILLER MUNICIPAL;28/06/2020;NA;NA;M;28/06/2020;NA;NA;2020;SOC;MARSEILLE;Commune
REBSAMEN;FRANCOIS;M;25/06/1951;CONSEILLER MUNICIPAL;28/06/2020;NA;NA;M;28/06/2020;NA;NA;2020;SOC;DIJON;Commune
FABRE;DANIEL;M;07/09/1961;CONSEILLER MUNICIPAL;28/06/2020;NA;NA;M;28/06/2020;NA;NA;2020;UDI;AMBERIEU EN BUGEY;Commune
PERRAUD;MICHEL;M;15/04/1953;CONSEILLER MUNICIPAL;28/06/2020;NA;NA;M;28/06/2020;NA;NA;2020;UDI;OYONNAX;Commune
RAPHOZ;DANIEL;M;06/12/1955;CONSEILLER MUNICIPAL;28/06/2020;NA;NA;M;28/06/2020;NA;NA;2020;UDI;FERNEY VOLTAIRE;Commune
