"Id","NomDeNaissance","Prenom","Sexe","DateDeNaissance","TypeMandat","DateDebutMandat","DateFinMandat","MotifFinMandat","TypeFonction","DateDebutFonction","DateFinFonction","MotifFinFonction","NuancePolitique","IdTerritoire","NomTerritoire","TypeTerritoire","Sources"
"cdo_001","ALMEIDA","JOSE","M",NA,"CONSEILLER MUNICIPAL",2014-03-23,2020-03-10,"FM","M",2014-03-23,2020-03-10,"FM","SOC",NA,"LONGVIC","Commune","WIKIPEDIA"
"cdo_001","ALMEIDA","JOSE","M",NA,"CONSEILLER MUNICIPAL",2020-03-20,NA,NA,"M",2020-03-20,NA,NA,"SOC",NA,"LONGVIC","Commune","WIKIPEDIA"
"cdo_002","BACHELARD","MICHEL","M",1948-09-17,"CONSEILLER MUNICIPAL",1983-03-06,1989-03-10,"FM","1er ADJOINT",1984-01-01,1989-03-10,"FM","SOC",NA,"QUETIGNY","Commune","WIKIPEDIA"
"cdo_002","BACHELARD","MICHEL","M",1948-09-17,"CONSEILLER MUNICIPAL",1989-03-12,1995-06-10,"FM","1er ADJOINT",1989-03-12,1995-06-10,"FM","SOC",NA,"QUETIGNY","Commune","WIKIPEDIA"
"cdo_002","BACHELARD","MICHEL","M",1948-09-17,"CONSEILLER MUNICIPAL",1995-06-11,2001-03-10,"FM","1er ADJOINT",1995-06-11,2001-03-10,"FM","SOC",NA,"QUETIGNY","Commune","WIKIPEDIA"
"cdo_002","BACHELARD","MICHEL","M",1948-09-17,"CONSEILLER MUNICIPAL",2001-03-11,2008-03-01,"FM","M",2003-02-01,2008-03-01,"FM","SOC",NA,"QUETIGNY","Commune","WIKIPEDIA"
"cdo_002","BACHELARD","MICHEL","M",1948-09-17,"CONSEILLER MUNICIPAL",2008-03-09,2014-03-20,"FM","M",2008-03-09,2014-03-20,"FM","SOC",NA,"QUETIGNY","Commune","WIKIPEDIA"
"cdo_002","BACHELARD","MICHEL","M",1948-09-17,"CONSEILLER DEPARTEMENTAL",2011-03-20,2015-03-20,"FM",NA,NA,NA,NA,"SOC",NA,"DIJON 2","Canton","WIKIPEDIA"
"cdo_002","BACHELARD","MICHEL","M",1948-09-17,"CONSEILLER MUNICIPAL",2014-03-23,2016-01-22,"DM","M",2014-03-23,2016-01-22,"DM","SOC",NA,"QUETIGNY","Commune","WIKIPEDIA"
"cdo_003","BAILLY","HENRI","M",1891-05-14,"CONSEILLER MUNICIPAL",1953-04-26,1959-03-05,"FM",NA,NA,NA,"FM","CNI","65024","CHENOVE","Commune","ARCHIVES"
"cdo_003","BAILLY","HENRI","M",1891-05-14,"CONSEILLER MUNICIPAL",1959-03-08,1965-03-10,"FM","M",1959-03-08,1965-03-10,"FM","CNI","65024","CHENOVE","Commune","ARCHIVES"
"cdo_003","BAILLY","HENRI","M",1891-05-14,"CONSEILLER MUNICIPAL",1965-03-14,1971-03-10,"FM","M",1965-03-14,1971-03-10,"FM","CNI","65024","CHENOVE","Commune","ARCHIVES"
"cdo_004","BARBIER","BERNARD","M",1924-06-30,"CONSEILLER MUNICIPAL",1969-01-01,1971-03-10,"FM","M",1969-01-01,1971-03-10,"FM",NA,"39236","NUITS SAINT GEORGES","Commune","BOTTIN CdO"
"cdo_004","BARBIER","BERNARD","M",1924-06-30,"CONSEILLER DEPARTEMENTAL",1969-05-01,1973-03-20,"FM","VP",1969-05-01,1973-03-20,"FM",NA,"21_35-20","NUITS SAINT GEORGES","Canton","BOTTIN CdO"
"cdo_004","BARBIER","BERNARD","M",1924-06-30,"CONSEILLER MUNICIPAL",1971-03-14,1977-03-10,"FM","M",1971-03-14,1977-03-10,"FM",NA,"39236","NUITS SAINT GEORGES","Commune","BOTTIN CdO"
"cdo_004","BARBIER","BERNARD","M",1924-06-30,"CONSEILLER DEPARTEMENTAL",1973-09-23,1979-03-15,"FM","VP",1973-09-23,1979-03-15,"FM",NA,"21_35-20","NUITS SAINT GEORGES","Canton","BOTTIN CdO"
"cdo_004","BARBIER","BERNARD","M",1924-06-30,"CONSEILLER MUNICIPAL",1977-03-13,1983-03-05,"FM","M",1977-03-13,1983-03-05,"FM",NA,"39236","NUITS SAINT GEORGES","Commune","BOTTIN CdO"
"cdo_004","BARBIER","BERNARD","M",1924-06-30,"CONSEILLER DEPARTEMENTAL",1979-03-18,1985-03-09,"FM","VP",1979-03-18,1985-03-09,"FM",NA,"21_35-20","NUITS SAINT GEORGES","Canton","BOTTIN CdO"
"cdo_004","BARBIER","BERNARD","M",1924-06-30,"SENATEUR",1979-07-06,1980-09-10,"FM",NA,NA,NA,NA,"CENTRE",NA,"COTE D OR","Departement","WIKIPEDIA"
"cdo_004","BARBIER","BERNARD","M",1924-06-30,"SENATEUR",1980-09-28,1989-09-20,"FM",NA,NA,NA,NA,"CENTRE",NA,"COTE D OR","Departement","WIKIPEDIA"
"cdo_004","BARBIER","BERNARD","M",1924-06-30,"CONSEILLER MUNICIPAL",1983-03-06,1989-03-10,"FM","M",1983-03-06,1989-03-10,"FM",NA,"39236","NUITS SAINT GEORGES","Commune","BOTTIN CdO"
"cdo_004","BARBIER","BERNARD","M",1924-06-30,"CONSEILLER DEPARTEMENTAL",1985-03-10,1992-03-20,"FM","VP",1985-03-10,1992-03-20,"FM",NA,"21_35-20","NUITS SAINT GEORGES","Canton","BOTTIN CdO"
"cdo_004","BARBIER","BERNARD","M",1924-06-30,"CONSEILLER MUNICIPAL",1989-03-12,1995-06-10,"FM","M",1989-03-12,1995-06-10,"FM",NA,"39236","NUITS SAINT GEORGES","Commune","BOTTIN CdO"
"cdo_004","BARBIER","BERNARD","M",1924-06-30,"SENATEUR",1989-09-24,1998-02-25,"DC",NA,NA,NA,NA,"CENTRE",NA,"COTE D OR","Departement","WIKIPEDIA"
"cdo_004","BARBIER","BERNARD","M",1924-06-30,"CONSEILLER MUNICIPAL",1995-06-11,1998-02-25,"DC","M",1995-06-11,1998-02-25,"DC",NA,"39236","NUITS SAINT GEORGES","Commune","BOTTIN CdO"
"cdo_005","BERGER","HENRY","M",1920-04-04,"CONSEILLER DEPARTEMENTAL",1958-04-20,1964-03-05,"FM","VP",1958-04-20,1964-03-05,"FM",NA,"21_21-13","FONTAINE FRANCAISE","Canton","BOTTIN CdO"
"cdo_005","BERGER","HENRY","M",1920-04-04,"CONSEILLER MUNICIPAL",1959-03-08,1965-03-10,"FM","M",1960-01-01,1965-03-10,"FM",NA,"38385","FONTAINE FRANCAISE","Commune","BOTTIN CdO"
"cdo_005","BERGER","HENRY","M",1920-04-04,"DEPUTE",1962-11-18,1967-03-01,"FM",NA,NA,NA,NA,"DROITE","66982","2EME CIRCONSCRIPTION COTE D OR","Circonscription Legislative","BOTTIN CdO"
"cdo_005","BERGER","HENRY","M",1920-04-04,"CONSEILLER DEPARTEMENTAL",1964-03-08,1970-09-20,"FM","VP",1964-03-08,1970-09-20,"FM",NA,"21_21-13","FONTAINE FRANCAISE","Canton","BOTTIN CdO"
"cdo_005","BERGER","HENRY","M",1920-04-04,"CONSEILLER MUNICIPAL",1965-03-14,1971-03-10,"FM","M",1965-03-14,1971-03-10,"FM",NA,"38385","FONTAINE FRANCAISE","Commune","BOTTIN CdO"
"cdo_005","BERGER","HENRY","M",1920-04-04,"DEPUTE",1967-03-05,1968-06-20,"FM",NA,NA,NA,NA,"DROITE","66982","2EME CIRCONSCRIPTION COTE D OR","Circonscription Legislative","BOTTIN CdO"
"cdo_005","BERGER","HENRY","M",1920-04-04,"DEPUTE",1968-06-23,1973-03-01,"FM",NA,NA,NA,NA,"DROITE","66982","2EME CIRCONSCRIPTION COTE D OR","Circonscription Legislative","BOTTIN CdO"
"cdo_005","BERGER","HENRY","M",1920-04-04,"CONSEILLER DEPARTEMENTAL",1970-09-23,1976-03-05,"FM","VP",1970-09-23,1976-03-05,"FM",NA,"21_21-13","FONTAINE FRANCAISE","Canton","BOTTIN CdO"
"cdo_005","BERGER","HENRY","M",1920-04-04,"CONSEILLER MUNICIPAL",1971-03-14,1977-03-10,"FM","M",1971-03-14,1977-03-10,"FM",NA,"38385","FONTAINE FRANCAISE","Commune","BOTTIN CdO"
"cdo_005","BERGER","HENRY","M",1920-04-04,"DEPUTE",1973-03-04,1978-03-10,"FM",NA,NA,NA,NA,"DROITE","66982","2EME CIRCONSCRIPTION COTE D OR","Circonscription Legislative","BOTTIN CdO"
"cdo_005","BERGER","HENRY","M",1920-04-04,"CONSEILLER DEPARTEMENTAL",1976-03-07,1982-03-10,"FM","VP",1976-03-07,1982-03-10,"FM",NA,"21_21-13","FONTAINE FRANCAISE","Canton","BOTTIN CdO"
"cdo_005","BERGER","HENRY","M",1920-04-04,"CONSEILLER MUNICIPAL",1977-03-13,1983-03-05,"FM","M",1977-03-13,1983-03-05,"FM",NA,"38385","FONTAINE FRANCAISE","Commune","BOTTIN CdO"
"cdo_005","BERGER","HENRY","M",1920-04-04,"DEPUTE",1978-03-12,1981-06-10,"FM",NA,NA,NA,NA,"DROITE","66982","2EME CIRCONSCRIPTION COTE D OR","Circonscription Legislative","BOTTIN CdO"
"cdo_005","BERGER","HENRY","M",1920-04-04,"CONSEILLER DEPARTEMENTAL",1982-03-13,1988-09-20,"FM","VP",1982-03-13,1988-09-20,"FM",NA,"21_21-13","FONTAINE FRANCAISE","Canton","BOTTIN CdO"
"cdo_005","BERGER","HENRY","M",1920-04-04,"CONSEILLER MUNICIPAL",1983-03-06,1989-03-10,"FM","M",1983-03-06,1989-03-10,"FM",NA,"38385","FONTAINE FRANCAISE","Commune","BOTTIN CdO"
"cdo_005","BERGER","HENRY","M",1920-04-04,"CONSEILLER REGIONAL",1986-03-16,1992-03-20,"FM",NA,NA,NA,NA,NA,"1790_20","COTE D OR","Departement","BOTTIN CdO"
"cdo_005","BERGER","HENRY","M",1920-04-04,"CONSEILLER DEPARTEMENTAL",1988-09-25,1994-03-15,"FM","P",1988-09-25,1994-03-15,"FM",NA,"21_21-13","FONTAINE FRANCAISE","Canton","BOTTIN CdO"
"cdo_005","BERGER","HENRY","M",1920-04-04,"CONSEILLER MUNICIPAL",1989-03-12,1992-01-01,"AU","M",1989-03-12,1992-01-01,"AU",NA,"38385","FONTAINE FRANCAISE","Commune","BOTTIN CdO"
"cdo_006","BERTHAUD","DOMINIQUE","M",NA,"CONSEILLER MUNICIPAL",1910-07-10,1925-05-01,"FM","M",1910-07-10,1925-05-01,"FM","SOC",NA,"LONGVIC","Commune","WIKIPEDIA"
"cdo_006","BERTHAUD","DOMINIQUE","M",NA,"CONSEILLER MUNICIPAL",1925-05-03,1929-05-01,"FM","M",1925-05-03,1929-05-01,"FM","SOC",NA,"LONGVIC","Commune","WIKIPEDIA"
"cdo_006","BERTHAUD","DOMINIQUE","M",NA,"CONSEILLER MUNICIPAL",1929-05-05,1935-05-01,"FM","M",1929-05-05,1935-05-01,"FM","SOC",NA,"LONGVIC","Commune","WIKIPEDIA"
"cdo_006","BERTHAUD","DOMINIQUE","M",NA,"CONSEILLER MUNICIPAL",1935-05-05,1945-04-25,"FM","M",1935-05-05,1945-04-25,"FM","SOC",NA,"LONGVIC","Commune","WIKIPEDIA"
"cdo_006","BERTHAUD","DOMINIQUE","M",NA,"CONSEILLER MUNICIPAL",1945-04-29,1947-10-10,"FM","M",1945-04-29,1947-10-10,"FM","SOC",NA,"LONGVIC","Commune","WIKIPEDIA"
"cdo_006","BERTHAUD","DOMINIQUE","M",NA,"CONSEILLER MUNICIPAL",1947-10-19,1953-04-20,"FM","M",1947-10-19,1953-04-20,"FM","SOC",NA,"LONGVIC","Commune","WIKIPEDIA"
"cdo_006","BERTHAUD","DOMINIQUE","M",NA,"CONSEILLER MUNICIPAL",1953-05-26,1959-03-05,"FM","M",1953-05-26,1959-03-05,"FM","SOC",NA,"LONGVIC","Commune","WIKIPEDIA"
"cdo_006","BERTHAUD","DOMINIQUE","M",NA,"CONSEILLER MUNICIPAL",1959-03-08,1963-01-01,"DC","M",1959-03-08,1963-01-01,"DC","SOC",NA,"LONGVIC","Commune","WIKIPEDIA"
"cdo_008","BOURGOIN","GEORGES","M",NA,"CONSEILLER MUNICIPAL",1977-03-13,1983-03-05,"FM","M",1977-03-13,1983-03-05,"FM",NA,"40756","FONTAINE LES DIJON","Commune","ARCHIVES"
"cdo_009","BOUZIANE LAROUSSI","KHEIRA","F",1953-08-23,"CONSEILLER MUNICIPAL",2008-03-09,2014-03-20,"FM",NA,NA,NA,NA,"SOC",NA,"QUETIGNY","Commune","WIKIPEDIA"
"cdo_009","BOUZIANE LAROUSSI","KHEIRA","F",1953-08-23,"DEPUTE",2012-06-20,2017-06-10,"FM",NA,NA,NA,NA,"SOC",NA,"3EME CIRCONSCRIPTION COTE D OR","Circonscription Legislative","WIKIPEDIA"
"cdo_009","BOUZIANE LAROUSSI","KHEIRA","F",1953-08-23,"CONSEILLER MUNICIPAL",2014-03-23,2020-03-10,"FM",NA,NA,NA,NA,"SOC",NA,"QUETIGNY","Commune","WIKIPEDIA"
"cdo_010","BRENOT","LUCIEN","M",1948-03-29,"CONSEILLER MUNICIPAL",1983-03-06,1989-03-10,"FM","M",1983-03-06,1989-03-10,"FM","DROITE","66183","CHEVIGNY SAINT SAUVEUR","Commune","ARCHIVES"
"cdo_010","BRENOT","LUCIEN","M",1948-03-29,"CONSEILLER MUNICIPAL",1989-03-12,1995-06-10,"FM","M",1989-03-12,1995-06-10,"FM","DROITE","66183","CHEVIGNY SAINT SAUVEUR","Commune","ARCHIVES"
"cdo_010","BRENOT","LUCIEN","M",1948-03-29,"DEPUTE",1993-03-21,1997-05-20,"FM",NA,NA,NA,NA,"DROITE",NA,"3EME CIRCONSCRIPTION COTE D OR","Circonscription Legislative","WIKIPEDIA"
"cdo_010","BRENOT","LUCIEN","M",1948-03-29,"CONSEILLER MUNICIPAL",1995-06-11,2001-03-10,"FM","M",1995-06-11,2001-03-10,"FM","DROITE","65024","CHEVIGNY SAINT SAUVEUR","Commune","ARCHIVES"
"cdo_010","BRENOT","LUCIEN","M",1948-03-29,"CONSEILLER MUNICIPAL",2001-03-11,2008-03-01,"FM",NA,NA,NA,NA,"DROITE",NA,"CHEVIGNY SAINT SAUVEUR","Commune","WIKIPEDIA"
"cdo_010","BRENOT","LUCIEN","M",1948-03-29,"CONSEILLER MUNICIPAL",2008-03-09,2012-10-13,"DC",NA,NA,NA,NA,"DROITE",NA,"CHEVIGNY SAINT SAUVEUR","Commune","WIKIPEDIA"
"cdo_012","CARMINATI","BAPTISTE","M",NA,"CONSEILLER MUNICIPAL",1983-03-06,1989-03-10,"FM","M",1983-03-06,1989-03-10,"FM","DROITE",NA,"TALANT","Commune","BIEN PUBLIC"
"cdo_012","CARMINATI","BAPTISTE","M",NA,"CONSEILLER MUNICIPAL",1989-03-12,1995-06-10,"FM","M",1989-03-12,1995-06-10,"FM","DROITE",NA,"TALANT","Commune","BIEN PUBLIC"
"cdo_012","CARMINATI","BAPTISTE","M",NA,"CONSEILLER MUNICIPAL",1995-06-11,1997-01-01,"DM","M",1995-06-11,1997-01-01,"DM","DROITE",NA,"TALANT","Commune","BIEN PUBLIC"
"cdo_013","CARRAZ","ROLAND","M",1943-05-18,"CONSEILLER MUNICIPAL",1977-03-13,1983-03-05,"FM","M",1977-03-13,1983-03-05,"FM","SOC","65024","CHENOVE","Commune","BOTTIN CdO"
"cdo_013","CARRAZ","ROLAND","M",1943-05-18,"DEPUTE",1981-06-14,1983-03-01,"AU",NA,NA,NA,NA,"SOC","66981","1ERE CIRCONSCRIPTION COTE D OR","Circonscription Legislative","BOTTIN CdO"
"cdo_013","CARRAZ","ROLAND","M",1943-05-18,"CONSEILLER MUNICIPAL",1983-03-06,1989-03-10,"FM","M",1983-03-06,1989-03-10,"FM","SOC","65024","CHENOVE","Commune","BOTTIN CdO"
"cdo_013","CARRAZ","ROLAND","M",1943-05-18,"CONSEILLER DEPARTEMENTAL",1985-03-10,1992-03-20,"FM",NA,NA,NA,NA,"SOC","21_16-11","DIJON 4","Canton","BOTTIN CdO"
"cdo_013","CARRAZ","ROLAND","M",1943-05-18,"DEPUTE",1986-03-16,1988-06-01,"FM",NA,NA,NA,NA,"SOC","66983","3EME CIRCONSCRIPTION COTE D OR","Circonscription Legislative","BOTTIN CdO"
"cdo_013","CARRAZ","ROLAND","M",1943-05-18,"DEPUTE",1988-06-05,1993-03-20,"FM",NA,NA,NA,NA,"SOC","66983","3EME CIRCONSCRIPTION COTE D OR","Circonscription Legislative","BOTTIN CdO"
"cdo_013","CARRAZ","ROLAND","M",1943-05-18,"CONSEILLER MUNICIPAL",1989-03-12,1995-06-10,"FM","M",1989-03-12,1995-06-10,"FM","SOC","65024","CHENOVE","Commune","BOTTIN CdO"
"cdo_013","CARRAZ","ROLAND","M",1943-05-18,"CONSEILLER DEPARTEMENTAL",1992-03-22,1998-03-10,"FM",NA,NA,NA,NA,"SOC","21_16-11","DIJON 4","Canton","BOTTIN CdO"
"cdo_013","CARRAZ","ROLAND","M",1943-05-18,"CONSEILLER REGIONAL",1992-03-22,1992-04-01,"DM",NA,NA,NA,NA,"SOC",NA,"COTE D OR","Departement","WIKIPEDIA"
"cdo_013","CARRAZ","ROLAND","M",1943-05-18,"CONSEILLER MUNICIPAL",1995-03-11,1999-12-09,"DC","M",1995-03-11,1999-12-09,"DC","SOC","65024","CHENOVE","Commune","ARCHIVES"
"cdo_013","CARRAZ","ROLAND","M",1943-05-18,"CONSEILLER MUNICIPAL",1995-06-11,1999-12-09,"DC","M",1995-06-11,1999-12-09,"DC","SOC","65024","CHENOVE","Commune","BOTTIN CdO"
"cdo_013","CARRAZ","ROLAND","M",1943-05-18,"DEPUTE",1997-05-25,1999-12-09,"DC",NA,NA,NA,NA,"SOC","66983","3EME CIRCONSCRIPTION COTE D OR","Circonscription Legislative","BOTTIN CdO"
"cdo_013","CARRAZ","ROLAND","M",1943-05-18,"CONSEILLER DEPARTEMENTAL",1998-03-15,1999-12-09,"DC",NA,NA,NA,NA,"SOC","21_16-11","DIJON 4","Canton","BOTTIN CdO"
"cdo_014","CHAPUIS","PATRICK","M",1955-08-17,"CONSEILLER MUNICIPAL",1983-03-06,1989-03-10,"FM",NA,NA,NA,NA,"DROITE",NA,"FONTAINE LES DIJON","Commune","PRESSE"
"cdo_014","CHAPUIS","PATRICK","M",1955-08-17,"CONSEILLER MUNICIPAL",1989-03-12,1995-06-10,"FM",NA,NA,NA,NA,"DROITE",NA,"FONTAINE LES DIJON","Commune","PRESSE"
"cdo_014","CHAPUIS","PATRICK","M",1955-08-17,"CONSEILLER MUNICIPAL",1995-06-11,2001-03-10,"FM",NA,NA,NA,NA,"DROITE",NA,"FONTAINE LES DIJON","Commune","PRESSE"
"cdo_014","CHAPUIS","PATRICK","M",1955-08-17,"CONSEILLER MUNICIPAL",2001-03-11,2008-03-01,"FM","M",2001-03-11,2008-03-01,"FM","DROITE",NA,"FONTAINE LES DIJON","Commune","PRESSE"
"cdo_014","CHAPUIS","PATRICK","M",1955-08-17,"CONSEILLER MUNICIPAL",2008-03-09,2014-03-20,"FM","M",2008-03-09,2014-03-20,"FM","DROITE",NA,"FONTAINE LES DIJON","Commune","PRESSE"
"cdo_014","CHAPUIS","PATRICK","M",1955-08-17,"CONSEILLER MUNICIPAL",2014-03-23,2020-03-10,"FM","M",2014-03-23,2020-03-10,"FM","DROITE",NA,"FONTAINE LES DIJON","Commune","PRESSE"
"cdo_014","CHAPUIS","PATRICK","M",1955-08-17,"CONSEILLER DEPARTEMENTAL",2015-03-29,2021-06-20,"FM","VP",2015-03-29,2021-06-20,"FM","DROITE",NA,"FONTAINE LES DIJON","Canton","PRESSE"
"cdo_014","CHAPUIS","PATRICK","M",1955-08-17,"CONSEILLER MUNICIPAL",2020-03-20,NA,NA,"M",2020-03-20,NA,NA,"DROITE",NA,"FONTAINE LES DIJON","Commune","PRESSE"
"cdo_015","CHARLES","PIERRE","M",1924-06-21,"CONSEILLER MUNICIPAL",1953-04-26,1959-03-05,"FM",NA,NA,NA,NA,NA,"64967","LIERNAIS","Commune","BOTTIN CdO"
"cdo_015","CHARLES","PIERRE","M",1924-06-21,"CONSEILLER MUNICIPAL",1959-03-08,1965-03-10,"FM",NA,NA,NA,NA,NA,"64967","LIERNAIS","Commune","BOTTIN CdO"
"cdo_015","CHARLES","PIERRE","M",1924-06-21,"CONSEILLER DEPARTEMENTAL",1964-03-08,1970-09-20,"FM",NA,NA,NA,NA,NA,"21_29-19","LIERNAIS","Canton","BOTTIN CdO"
"cdo_015","CHARLES","PIERRE","M",1924-06-21,"CONSEILLER MUNICIPAL",1965-03-14,1971-03-10,"FM",NA,NA,NA,NA,NA,"64967","LIERNAIS","Commune","BOTTIN CdO"
"cdo_015","CHARLES","PIERRE","M",1924-06-21,"DEPUTE",1967-03-05,1968-06-20,"FM",NA,NA,NA,NA,"SOC","66983","3EME CIRCONSCRIPTION COTE D OR","Circonscription Legislative","BOTTIN CdO"
"cdo_015","CHARLES","PIERRE","M",1924-06-21,"CONSEILLER DEPARTEMENTAL",1970-09-23,1976-03-05,"FM",NA,NA,NA,NA,NA,"21_29-19","LIERNAIS","Canton","BOTTIN CdO"
"cdo_015","CHARLES","PIERRE","M",1924-06-21,"CONSEILLER MUNICIPAL",1971-03-14,1977-03-10,"FM",NA,NA,NA,NA,NA,"64967","LIERNAIS","Commune","BOTTIN CdO"
"cdo_015","CHARLES","PIERRE","M",1924-06-21,"DEPUTE",1974-10-01,1978-03-10,"FM",NA,NA,NA,NA,"SOC","66983","3EME CIRCONSCRIPTION COTE D OR","Circonscription Legislative","BOTTIN CdO"
"cdo_015","CHARLES","PIERRE","M",1924-06-21,"CONSEILLER DEPARTEMENTAL",1976-03-07,1982-03-10,"FM",NA,NA,NA,NA,NA,"21_29-19","LIERNAIS","Canton","BOTTIN CdO"
"cdo_015","CHARLES","PIERRE","M",1924-06-21,"CONSEILLER MUNICIPAL",1977-03-13,1983-03-05,"FM",NA,NA,NA,NA,NA,"64967","LIERNAIS","Commune","BOTTIN CdO"
"cdo_015","CHARLES","PIERRE","M",1924-06-21,"CONSEILLER DEPARTEMENTAL",1982-03-14,1988-09-20,"FM",NA,NA,NA,NA,NA,"21_29-19","LIERNAIS","Canton","BOTTIN CdO"
"cdo_015","CHARLES","PIERRE","M",1924-06-21,"CONSEILLER MUNICIPAL",1983-03-06,1989-03-10,"FM",NA,NA,NA,NA,NA,"64967","LIERNAIS","Commune","BOTTIN CdO"
"cdo_016","COLSON","MAURICE","M",1932-01-01,"CONSEILLER MUNICIPAL",1986-02-01,1989-03-10,"FM","M",1986-02-01,1989-03-10,"FM","DVD","55032","LONGVIC","Commune","WIKIPEDIA"
"cdo_016","COLSON","MAURICE","M",1932-01-01,"CONSEILLER MUNICIPAL",1989-03-12,1995-06-05,"FM","M",1989-03-12,1995-06-05,"FM","DVD","55032","LONGVIC","Commune","WIKIPEDIA"
"cdo_017","DARCIAUX","CLAUDE","F",1942-10-18,"CONSEILLER MUNICIPAL",1983-03-06,1989-03-10,"FM",NA,NA,NA,NA,"SOC",NA,"LONGVIC","Commune","WIKIPEDIA"
"cdo_017","DARCIAUX","CLAUDE","F",1942-10-18,"CONSEILLER MUNICIPAL",1989-03-12,1995-06-10,"FM",NA,NA,NA,NA,"SOC",NA,"LONGVIC","Commune","WIKIPEDIA"
"cdo_017","DARCIAUX","CLAUDE","F",1942-10-18,"CONSEILLER MUNICIPAL",1995-06-11,2001-03-10,"FM","ADJOINT",1995-06-11,2001-03-10,"FM","SOC",NA,"LONGVIC","Commune","WIKIPEDIA"
"cdo_017","DARCIAUX","CLAUDE","F",1942-10-18,"CONSEILLER MUNICIPAL",2001-03-11,2008-03-01,"FM","ADJOINT",2001-03-11,2005-06-10,"AU","SOC",NA,"LONGVIC","Commune","WIKIPEDIA"
"cdo_017","DARCIAUX","CLAUDE","F",1942-10-18,"CONSEILLER MUNICIPAL",2001-03-11,2008-03-01,"FM","M",2005-06-21,2008-03-01,"FM","SOC",NA,"LONGVIC","Commune","WIKIPEDIA"
"cdo_017","DARCIAUX","CLAUDE","F",1942-10-18,"DEPUTE",2002-06-09,2007-06-10,"FM",NA,NA,NA,NA,"SOC",NA,"3EME CIRCONSCRIPTION COTE D OR","Circonscription Legislative","WIKIPEDIA"
"cdo_017","DARCIAUX","CLAUDE","F",1942-10-18,"DEPUTE",2007-06-17,2012-06-10,"FM",NA,NA,NA,NA,"SOC",NA,"3EME CIRCONSCRIPTION COTE D OR","Circonscription Legislative","WIKIPEDIA"
"cdo_017","DARCIAUX","CLAUDE","F",1942-10-18,"CONSEILLER MUNICIPAL",2008-03-09,2014-03-20,"FM","M",2008-03-09,2014-03-20,"FM","SOC",NA,"LONGVIC","Commune","WIKIPEDIA"
"cdo_018","DE BROISSIA","LOUIS","M",1943-06-01,"CONSEILLER MUNICIPAL",1971-03-14,1977-03-10,"FM",NA,NA,NA,NA,NA,NA,"BLAGNY SUR VINGEANNE","Commune","WIKIPEDIA"
"cdo_018","DE BROISSIA","LOUIS","M",1943-06-01,"CONSEILLER MUNICIPAL",1977-03-13,1983-03-05,"FM",NA,NA,NA,NA,NA,NA,"BLAGNY SUR VINGEANNE","Commune","WIKIPEDIA"
"cdo_018","DE BROISSIA","LOUIS","M",1943-06-01,"CONSEILLER MUNICIPAL",1983-03-06,1989-03-10,"FM",NA,NA,NA,NA,NA,NA,"BLAGNY SUR VINGEANNE","Commune","WIKIPEDIA"
"cdo_018","DE BROISSIA","LOUIS","M",1943-06-01,"CONSEILLER DEPARTEMENTAL",1985-03-10,1992-03-20,"FM",NA,NA,NA,NA,NA,"21_31-20","MIREBEAU SUR BEZE","Canton","BOTTIN CdO"
"cdo_018","DE BROISSIA","LOUIS","M",1943-06-01,"CONSEILLER REGIONAL",1986-03-16,1988-09-01,"AU",NA,NA,NA,NA,NA,"1790_20","COTE D OR","Departement","BOTTIN CdO"
"cdo_018","DE BROISSIA","LOUIS","M",1943-06-01,"DEPUTE",1988-06-05,1993-03-20,"FM",NA,NA,NA,NA,"DROITE","66982","2EME CIRCONSCRIPTION COTE D OR","Circonscription Legislative","BOTTIN CdO"
"cdo_018","DE BROISSIA","LOUIS","M",1943-06-01,"CONSEILLER MUNICIPAL",1989-03-12,1995-06-05,"FM",NA,NA,NA,NA,NA,NA,"BLAGNY SUR VINGEANNE","Commune","WIKIPEDIA"
"cdo_018","DE BROISSIA","LOUIS","M",1943-06-01,"CONSEILLER DEPARTEMENTAL",1992-03-22,1998-03-10,"FM","P",1994-04-01,1998-03-10,"FM",NA,"21_31-20","MIREBEAU SUR BEZE","Canton","BOTTIN CdO"
"cdo_018","DE BROISSIA","LOUIS","M",1943-06-01,"DEPUTE",1993-03-21,1997-05-20,"FM",NA,NA,NA,NA,"DROITE","66982","2EME CIRCONSCRIPTION COTE D OR","Circonscription Legislative","BOTTIN CdO"
"cdo_018","DE BROISSIA","LOUIS","M",1943-06-01,"CONSEILLER MUNICIPAL",1995-06-19,2001-03-10,"FM",NA,NA,NA,NA,NA,NA,"BLAGNY SUR VINGEANNE","Commune","WIKIPEDIA"
"cdo_018","DE BROISSIA","LOUIS","M",1943-06-01,"CONSEILLER DEPARTEMENTAL",1998-03-15,2004-03-20,"FM","P",1998-03-15,2004-03-20,"FM",NA,"21_31-20","MIREBEAU SUR BEZE","Canton","BOTTIN CdO"
"cdo_018","DE BROISSIA","LOUIS","M",1943-06-01,"SENATEUR",1998-09-27,2008-09-20,"FM",NA,NA,NA,NA,"DROITE",NA,"COTE D OR","Departement","WIKIPEDIA"
"cdo_018","DE BROISSIA","LOUIS","M",1943-06-01,"CONSEILLER MUNICIPAL",2001-03-11,2008-03-01,"FM",NA,NA,NA,NA,NA,NA,"BLAGNY SUR VINGEANNE","Commune","WIKIPEDIA"
"cdo_018","DE BROISSIA","LOUIS","M",1943-06-01,"CONSEILLER DEPARTEMENTAL",2004-03-21,2011-03-20,"FM",NA,NA,NA,NA,NA,NA,"MIREBEAU SUR BEZE","Canton","WIKIPEDIA"
"cdo_018","DE BROISSIA","LOUIS","M",1943-06-01,"CONSEILLER MUNICIPAL",2008-03-09,2014-03-20,"FM",NA,NA,NA,NA,NA,NA,"BLAGNY SUR VINGEANNE","Commune","WIKIPEDIA"
"cdo_018","DE BROISSIA","LOUIS","M",1943-06-01,"CONSEILLER MUNICIPAL",2014-03-23,2020-03-10,"FM",NA,NA,NA,NA,NA,NA,"BLAGNY SUR VINGEANNE","Commune","WIKIPEDIA"
"cdo_019","DE COURSON","YOLAINE","F",1954-07-14,"CONSEILLER MUNICIPAL",2014-03-23,2020-03-10,"FM","M",2014-03-23,2017-06-10,"CUMUL",NA,NA,"ARRANS","Commune","WIKIPEDIA"
"cdo_019","DE COURSON","YOLAINE","F",1954-07-14,"DEPUTE",2017-06-11,2022-06-10,"FM",NA,NA,NA,NA,"LREM",NA,"4EME CIRCONSCRIPTION COTE D OR","Circonscription Legislative","WIKIPEDIA"
"cdo_020","DELATTE","CHARLES","M",1922-01-10,"DEPUTE EUROPEEN",1979-06-07,1984-06-10,"FM",NA,NA,NA,NA,NA,NA,NA,NA,"BOTTIN CdO"
"cdo_021","DELATTE","REMI","M",1956-06-09,"CONSEILLER MUNICIPAL",1983-03-13,1989-03-10,"FM",NA,NA,NA,NA,"CENTRE","47564","DIJON","Commune","BOTTIN CdO"
"cdo_020","DELATTE","CHARLES","M",1922-01-10,"CONSEILLER REGIONAL",1986-03-16,1992-03-20,"FM",NA,NA,NA,NA,NA,"1790_20","COTE D OR","Departement","BOTTIN CdO"
"cdo_021","DELATTE","REMI","M",1956-06-09,"CONSEILLER MUNICIPAL",1989-03-12,1995-03-19,"FM",NA,NA,NA,NA,"CENTRE",NA,"DIJON","Commune","BOTTIN CdO"
"cdo_021","DELATTE","REMI","M",1956-06-09,"CONSEILLER MUNICIPAL",1995-06-19,2001-03-10,"FM","M",1995-06-19,2001-03-10,"FM","CENTRE","60761","SAINT APOLLINAIRE","Commune","BOTTIN CdO"
"cdo_021","DELATTE","REMI","M",1956-06-09,"CONSEILLER REGIONAL",1998-03-15,2004-03-20,"FM",NA,NA,NA,NA,"DROITE","1790_20","COTE D OR","Departement","BOTTIN CdO"
"cdo_021","DELATTE","REMI","M",1956-06-09,"CONSEILLER MUNICIPAL",2001-03-11,2008-03-01,"FM","M",2001-03-11,2008-03-01,"FM","DROITE",NA,"SAINT APOLLINAIRE","Commune","WIKIPEDIA"
"cdo_021","DELATTE","REMI","M",1956-06-09,"CONSEILLER REGIONAL",2004-03-21,2007-07-15,"DM",NA,NA,NA,NA,"DROITE","1790_20","COTE D OR","Departement","BOTTIN CdO"
"cdo_021","DELATTE","REMI","M",1956-06-09,"DEPUTE",2007-06-20,2012-06-10,"FM",NA,NA,NA,NA,"DROITE",NA,"2EME CIRCONSCRIPTION COTE D OR","Circonscription Legislative","WIKIPEDIA"
"cdo_021","DELATTE","REMI","M",1956-06-09,"CONSEILLER MUNICIPAL",2008-03-09,2014-03-20,"FM","M",2008-03-09,2014-03-20,"FM","DROITE",NA,"SAINT APOLLINAIRE","Commune","WIKIPEDIA"
"cdo_021","DELATTE","REMI","M",1956-06-09,"DEPUTE",2012-06-12,2017-06-10,"FM",NA,NA,NA,NA,"DROITE",NA,"2EME CIRCONSCRIPTION COTE D OR","Circonscription Legislative","WIKIPEDIA"
"cdo_021","DELATTE","REMI","M",1956-06-09,"CONSEILLER MUNICIPAL",2014-03-23,2020-03-10,"FM","M",2014-03-23,2017-06-10,"AU","DROITE",NA,"SAINT APOLLINAIRE","Commune","WIKIPEDIA"
"cdo_021","DELATTE","REMI","M",1956-06-09,"DEPUTE",2017-06-16,2022-06-10,"FM",NA,NA,NA,NA,"DROITE",NA,"2EME CIRCONSCRIPTION COTE D OR","Circonscription Legislative","WIKIPEDIA"
"cdo_022","DEPIERRE","BERNARD","M",1945-06-06,"CONSEILLER MUNICIPAL",1977-03-13,1983-03-05,"FM",NA,NA,NA,NA,"DROITE","47564","DIJON","Commune","BOTTIN CdO"
"cdo_022","DEPIERRE","BERNARD","M",1945-06-06,"CONSEILLER MUNICIPAL",1983-03-06,1989-03-10,"FM",NA,NA,NA,NA,"DROITE","47564","DIJON","Commune","BOTTIN CdO"
"cdo_022","DEPIERRE","BERNARD","M",1945-06-06,"CONSEILLER MUNICIPAL",1989-03-12,1995-06-10,"FM",NA,NA,NA,NA,"DROITE","47564","DIJON","Commune","BOTTIN CdO"
"cdo_022","DEPIERRE","BERNARD","M",1945-06-06,"CONSEILLER DEPARTEMENTAL",1994-03-20,2001-04-10,"FM",NA,NA,NA,NA,NA,"21_19-41","DIJON 7","Canton","BOTTIN CdO"
"cdo_022","DEPIERRE","BERNARD","M",1945-06-06,"CONSEILLER MUNICIPAL",1995-06-11,2001-03-10,"FM",NA,NA,NA,NA,"DROITE","47564","DIJON","Commune","BOTTIN CdO"
"cdo_022","DEPIERRE","BERNARD","M",1945-06-06,"CONSEILLER MUNICIPAL",2001-03-11,2002-07-01,"AU",NA,NA,NA,NA,"DROITE","47564","DIJON","Commune","BOTTIN CdO"
"cdo_022","DEPIERRE","BERNARD","M",1945-06-06,"DEPUTE",2002-06-09,2007-06-10,"FM",NA,NA,NA,NA,"DROITE",NA,"1ERE CIRCONSCRIPTION COTE D OR","Circonscription Legislative","WIKIPEDIA"
"cdo_022","DEPIERRE","BERNARD","M",1945-06-06,"DEPUTE",2007-06-17,2012-06-10,"FM",NA,NA,NA,NA,"DROITE",NA,"1ERE CIRCONSCRIPTION COTE D OR","Circonscription Legislative","WIKIPEDIA"
"cdo_023","DETANG","REMI","M",1956-05-03,"CONSEILLER MUNICIPAL",1989-03-12,1995-06-10,"FM",NA,NA,NA,NA,"SOC",NA,"QUETIGNY","Commune","PRESSE"
"cdo_023","DETANG","REMI","M",1956-05-03,"CONSEILLER MUNICIPAL",1995-06-11,2001-03-10,"FM",NA,NA,NA,NA,"SOC",NA,"QUETIGNY","Commune","PRESSE"
"cdo_023","DETANG","REMI","M",1956-05-03,"CONSEILLER MUNICIPAL",2001-03-11,2008-03-01,"FM",NA,NA,NA,NA,"SOC",NA,"QUETIGNY","Commune","PRESSE"
"cdo_023","DETANG","REMI","M",1956-05-03,"CONSEILLER MUNICIPAL",2008-03-09,2014-03-20,"FM",NA,NA,NA,NA,"SOC",NA,"QUETIGNY","Commune","PRESSE"
"cdo_023","DETANG","REMI","M",1956-05-03,"CONSEILLER MUNICIPAL",2014-03-23,2020-03-10,"FM","M",2016-02-01,2020-03-10,"FM","SOC",NA,"QUETIGNY","Commune","PRESSE"
"cdo_023","DETANG","REMI","M",1956-05-03,"CONSEILLER MUNICIPAL",2020-03-20,NA,NA,"M",2020-03-20,NA,NA,"SOC",NA,"QUETIGNY","Commune","PRESSE"
"cdo_024","DUCHET","ROGER","M",1904-07-04,"CONSEILLER MUNICIPAL",1945-04-29,1947-10-10,"FM","M",1945-04-29,1947-10-10,"FM",NA,"48130","BEAUNE","Commune","WIKIPEDIA"
"cdo_024","DUCHET","ROGER","M",1904-07-04,"CONSEILLER MUNICIPAL",1947-10-19,1953-04-20,"FM","M",1947-10-19,1953-04-20,"FM",NA,"48130","BEAUNE","Commune","WIKIPEDIA"
"cdo_024","DUCHET","ROGER","M",1904-07-04,"CONSEILLER MUNICIPAL",1953-05-26,1959-03-05,"FM","M",1953-05-26,1959-03-05,"FM",NA,"48130","BEAUNE","Commune","WIKIPEDIA"
"cdo_024","DUCHET","ROGER","M",1904-07-04,"CONSEILLER MUNICIPAL",1959-03-08,1965-03-10,"FM","M",1959-03-08,1965-03-10,"FM",NA,"48130","BEAUNE","Commune","WIKIPEDIA"
"cdo_024","DUCHET","ROGER","M",1904-07-04,"SENATEUR",1959-04-26,1962-09-20,"FM",NA,NA,NA,NA,"IND",NA,"COTE D OR","Departement","WIKIPEDIA"
"cdo_024","DUCHET","ROGER","M",1904-07-04,"SENATEUR",1962-09-23,1971-09-01,"FM",NA,NA,NA,NA,"IND",NA,"COTE D OR","Departement","WIKIPEDIA"
"cdo_025","ESMONIN","JEAN","M",1937-02-27,"CONSEILLER DEPARTEMENTAL",1976-03-07,1982-03-10,"FM",NA,NA,NA,NA,"SOC","21_11-38","CHENOVE","Canton","BOTTIN CdO"
"cdo_025","ESMONIN","JEAN","M",1937-02-27,"CONSEILLER DEPARTEMENTAL",1982-03-14,1988-09-20,"FM",NA,NA,NA,NA,"SOC","21_11-38","CHENOVE","Canton","BOTTIN CdO"
"cdo_025","ESMONIN","JEAN","M",1937-02-27,"CONSEILLER REGIONAL",1986-03-16,1992-03-20,"FM",NA,NA,NA,NA,"SOC","1790_20","COTE D OR","Departement","BOTTIN CdO"
"cdo_025","ESMONIN","JEAN","M",1937-02-27,"CONSEILLER DEPARTEMENTAL",1988-09-25,1994-04-15,"FM",NA,NA,NA,NA,"SOC","21_11-38","CHENOVE","Canton","BOTTIN CdO"
"cdo_025","ESMONIN","JEAN","M",1937-02-27,"CONSEILLER DEPARTEMENTAL",1994-03-20,2001-04-10,"FM",NA,NA,NA,NA,"SOC","21_11-38","CHENOVE","Canton","BOTTIN CdO"
"cdo_025","ESMONIN","JEAN","M",1937-02-27,"CONSEILLER MUNICIPAL",1995-03-11,2001-03-10,"FM","M",1999-12-10,2001-03-10,"FM","SOC","65024","CHENOVE","Commune","ARCHIVES"
"cdo_025","ESMONIN","JEAN","M",1937-02-27,"CONSEILLER DEPARTEMENTAL",2001-03-11,2008-03-01,"FM",NA,NA,NA,NA,"SOC",NA,"CHENOVE","Canton","WIKIPEDIA"
"cdo_025","ESMONIN","JEAN","M",1937-02-27,"CONSEILLER MUNICIPAL",2001-03-11,2008-03-01,"FM","M",2001-03-11,2008-03-01,"FM","SOC",NA,"CHENOVE","Commune","WIKIPEDIA"
"cdo_025","ESMONIN","JEAN","M",1937-02-27,"CONSEILLER DEPARTEMENTAL",2008-03-09,2015-03-20,"FM",NA,NA,NA,NA,"SOC",NA,"CHENOVE","Canton","WIKIPEDIA"
"cdo_025","ESMONIN","JEAN","M",1937-02-27,"CONSEILLER MUNICIPAL",2008-03-09,2014-03-20,"FM","M",2008-03-09,2014-03-20,"FM","SOC",NA,"CHENOVE","Commune","WIKIPEDIA"
"cdo_025","ESMONIN","JEAN","M",1937-02-27,"CONSEILLER MUNICIPAL",2014-09-23,2015-08-20,"DM","M",2014-09-23,2015-08-20,"DM","SOC",NA,"CHENOVE","Commune","WIKIPEDIA"
"cdo_026","ETIEVANT","MICHEL","M",1932-12-12,"CONSEILLER MUNICIPAL",1995-03-11,2001-03-10,"FM","M",1995-03-11,2001-03-10,"FM",NA,"55032","LONGVIC","Commune","BOTTIN CdO"
"cdo_026","ETIEVANT","MICHEL","M",1932-12-12,"CONSEILLER MUNICIPAL",1995-06-11,2001-03-10,"FM","M",1995-06-11,2001-03-10,"FM",NA,"55032","LONGVIC","Commune","WIKIPEDIA"
"cdo_026","ETIEVANT","MICHEL","M",1932-12-12,"CONSEILLER REGIONAL",1998-03-15,2004-03-20,"FM",NA,NA,NA,NA,NA,"1790_20","COTE D OR","Departement","BOTTIN CdO"
"cdo_026","ETIEVANT","MICHEL","M",1932-12-12,"DEPUTE",1999-12-10,2002-06-18,"FM",NA,NA,NA,NA,NA,"66983","3EME CIRCONSCRIPTION COTE D OR","Circonscription Legislative","WIKIPEDIA"
"cdo_026","ETIEVANT","MICHEL","M",1932-12-12,"CONSEILLER MUNICIPAL",2001-03-11,2006-07-07,"DC","M",2001-03-11,2006-07-07,"DC",NA,"55032","LONGVIC","Commune","BOTTIN CdO"
"cdo_027","FALCONNET","THIERRY","M",1964-11-27,"CONSEILLER MUNICIPAL",1995-06-11,2001-03-10,"FM",NA,NA,NA,NA,"SOC",NA,"CHENOVE","Commune","WIKIPEDIA"
"cdo_027","FALCONNET","THIERRY","M",1964-11-27,"CONSEILLER MUNICIPAL",2001-03-11,2008-03-01,"FM",NA,NA,NA,NA,"SOC",NA,"CHENOVE","Commune","WIKIPEDIA"
"cdo_027","FALCONNET","THIERRY","M",1964-11-27,"CONSEILLER MUNICIPAL",2008-03-09,2014-03-20,"FM",NA,NA,NA,NA,"SOC",NA,"CHENOVE","Commune","WIKIPEDIA"
"cdo_027","FALCONNET","THIERRY","M",1964-11-27,"CONSEILLER MUNICIPAL",2014-03-23,2020-03-10,"FM","M",2015-09-01,2020-03-10,"FM","SOC",NA,"CHENOVE","Commune","WIKIPEDIA"
"cdo_027","FALCONNET","THIERRY","M",1964-11-27,"CONSEILLER MUNICIPAL",2020-03-20,NA,"FM","M",2020-03-20,NA,NA,"SOC",NA,"CHENOVE","Commune","WIKIPEDIA"
"cdo_028","FROUSSART","JEAN","M",1908-05-16,"CONSEILLER MUNICIPAL",1953-04-26,1959-03-05,"FM","M",1953-04-26,1959-03-05,"FM","CENTRE","66183","CHEVIGNY SAINT SAUVEUR","Commune","ARCHIVES"
"cdo_028","FROUSSART","JEAN","M",1908-05-16,"CONSEILLER MUNICIPAL",1959-03-08,1965-03-10,"FM","M",1959-03-08,1965-03-10,"FM","CENTRE","66183","CHEVIGNY SAINT SAUVEUR","Commune","ARCHIVES"
"cdo_028","FROUSSART","JEAN","M",1908-05-16,"CONSEILLER MUNICIPAL",1965-03-14,1971-03-10,"FM","M",1965-03-14,1971-03-10,"FM","CENTRE",NA,"CHEVIGNY SAINT SAUVEUR","Commune","WIKIPEDIA"
"cdo_028","FROUSSART","JEAN","M",1908-05-16,"CONSEILLER MUNICIPAL",1971-03-13,1977-03-10,"FM","M",1971-03-13,1977-03-10,"FM","CENTRE","66183","CHEVIGNY SAINT SAUVEUR","Commune","WIKIPEDIA"
"cdo_029","GISCLON","JOFFRE","M",1915-04-14,"CONSEILLER MUNICIPAL",1965-03-14,1971-03-10,"FM","M",1965-03-14,1971-03-10,"FM","DVG","35797","TALANT","Commune","WIKIPEDIA"
"cdo_029","GISCLON","JOFFRE","M",1915-04-14,"CONSEILLER MUNICIPAL",1971-03-14,1977-03-10,"FM","M",1971-03-14,1977-03-10,"FM","DVG","35797","TALANT","Commune","ARCHIVES"
"cdo_030","GRANDGUILLAUME","LAURENT","M",1978-01-20,"CONSEILLER MUNICIPAL",2008-03-09,2014-03-20,"FM","ADJOINT",2008-03-09,2012-06-20,"AU","SOC",NA,"DIJON","Commune","WIKIPEDIA"
"cdo_030","GRANDGUILLAUME","LAURENT","M",1978-01-20,"CONSEILLER DEPARTEMENTAL",2008-03-21,2012-06-17,"AU",NA,NA,NA,NA,"SOC",NA,"DIJON 5","Canton","WIKIPEDIA"
"cdo_030","GRANDGUILLAUME","LAURENT","M",1978-01-20,"DEPUTE",2012-06-20,2017-06-10,"FM",NA,NA,NA,NA,"SOC",NA,"1ERE CIRCONSCRIPTION COTE D OR","Circonscription Legislative","WIKIPEDIA"
"cdo_031","GRILLOT","LOUIS","M",1932-04-18,"CONSEILLER MUNICIPAL",1977-03-13,1983-03-05,"FM","M",1977-03-13,1983-03-05,"FM",NA,NA,"CENSEREY","Commune","WIKIPEDIA"
"cdo_031","GRILLOT","LOUIS","M",1932-04-18,"CONSEILLER MUNICIPAL",1983-03-06,1989-03-10,"FM","M",1983-03-06,1989-03-10,"FM",NA,NA,"CENSEREY","Commune","WIKIPEDIA"
"cdo_031","GRILLOT","LOUIS","M",1932-04-18,"CONSEILLER DEPARTEMENTAL",1989-01-01,1991-01-01,NA,NA,NA,NA,NA,NA,NA,"LIERNAIS","Canton","WIKIPEDIA"
"cdo_031","GRILLOT","LOUIS","M",1932-04-18,"CONSEILLER MUNICIPAL",1989-03-12,1995-06-10,"FM","M",1989-03-12,1995-06-10,"FM",NA,NA,"CENSEREY","Commune","WIKIPEDIA"
"cdo_031","GRILLOT","LOUIS","M",1932-04-18,"CONSEILLER MUNICIPAL",1995-06-11,2001-03-10,"FM","M",1995-06-11,2001-03-10,"FM",NA,NA,"CENSEREY","Commune","WIKIPEDIA"
"cdo_031","GRILLOT","LOUIS","M",1932-04-18,"SENATEUR",1998-10-01,2008-09-20,"FM",NA,NA,NA,NA,"DROITE",NA,"COTE D OR","Departement","WIKIPEDIA"
"cdo_031","GRILLOT","LOUIS","M",1932-04-18,"CONSEILLER MUNICIPAL",2001-03-11,2008-03-01,"FM","M",2001-03-11,2008-03-01,"FM",NA,NA,"CENSEREY","Commune","WIKIPEDIA"
"cdo_032","HOUELLE","MICHEL","M",1933-08-09,"CONSEILLER MUNICIPAL",1977-03-13,1983-03-05,"FM","M",1977-03-13,1983-03-05,"FM","SOC","35797","TALANT","Commune","BOTTIN CdO"
"cdo_032","HOUELLE","MICHEL","M",1933-08-09,"CONSEILLER REGIONAL",1986-03-16,1987-04-01,"AU",NA,NA,NA,NA,"SOC","1790_20","COTE D OR","Departement","BOTTIN CdO"
"cdo_033","HOUPERT","ALAIN","M",1957-08-13,"CONSEILLER MUNICIPAL",1995-06-11,2001-03-10,"FM","M",1995-06-11,2001-03-10,"FM",NA,NA,"SALIVES","Commune","WIKIPEDIA"
"cdo_033","HOUPERT","ALAIN","M",1957-08-13,"CONSEILLER DEPARTEMENTAL",1998-03-15,2004-03-20,"FM",NA,NA,NA,NA,"DROITE","21_25-16","GRANCEY LE CHATEAU","Canton","BOTTIN CdO"
"cdo_033","HOUPERT","ALAIN","M",1957-08-13,"CONSEILLER MUNICIPAL",2001-03-11,2008-03-01,"FM","M",2001-03-11,2008-03-01,"FM",NA,NA,"SALIVES","Commune","WIKIPEDIA"
"cdo_033","HOUPERT","ALAIN","M",1957-08-13,"CONSEILLER DEPARTEMENTAL",2004-03-21,2011-03-15,"FM",NA,NA,NA,NA,"DROITE",NA,"GRANCEY LE CHATEAU","Canton","WIKIPEDIA"
"cdo_033","HOUPERT","ALAIN","M",1957-08-13,"CONSEILLER MUNICIPAL",2008-03-09,2014-03-20,"FM","M",2008-03-09,2014-03-20,"FM",NA,NA,"SALIVES","Commune","WIKIPEDIA"
"cdo_033","HOUPERT","ALAIN","M",1957-08-13,"SENATEUR",2008-09-21,2014-09-20,"FM",NA,NA,NA,NA,"DROITE",NA,"COTE D OR","Departement","WIKIPEDIA"
"cdo_033","HOUPERT","ALAIN","M",1957-08-13,"CONSEILLER DEPARTEMENTAL",2011-03-20,2014-05-22,"AU",NA,NA,NA,NA,"DROITE",NA,"GRANCEY LE CHATEAU","Canton","WIKIPEDIA"
"cdo_033","HOUPERT","ALAIN","M",1957-08-13,"CONSEILLER MUNICIPAL",2014-04-04,2020-06-20,"FM",NA,NA,NA,NA,NA,NA,"DIJON","Commune","WIKIPEDIA"
"cdo_033","HOUPERT","ALAIN","M",1957-08-13,"SENATEUR",2014-09-28,2020-09-20,"FM",NA,NA,NA,NA,"DROITE",NA,"COTE D OR","Departement","WIKIPEDIA"
"cdo_033","HOUPERT","ALAIN","M",1957-08-13,"SENATEUR",2020-09-27,NA,NA,NA,NA,NA,NA,"DROITE",NA,"COTE D OR","Departement","WIKIPEDIA"
"cdo_034","JACOB","LUCIEN","M",1930-07-03,"CONSEILLER MUNICIPAL",1977-03-13,1983-03-05,"FM","M",1977-03-13,1983-03-05,"FM",NA,"64014","ECHEVRONNE","Commune","BOTTIN CdO"
"cdo_034","JACOB","LUCIEN","M",1930-07-03,"DEPUTE",1978-04-01,1981-06-10,"FM",NA,NA,NA,NA,NA,"66983","3EME CIRCONSCRIPTION COTE D OR","Circonscription Legislative","BOTTIN CdO"
"cdo_034","JACOB","LUCIEN","M",1930-07-03,"CONSEILLER MUNICIPAL",1983-03-06,1989-03-10,"FM","M",1983-03-06,1989-03-10,"FM",NA,"64014","ECHEVRONNE","Commune","BOTTIN CdO"
"cdo_034","JACOB","LUCIEN","M",1930-07-03,"DEPUTE",1986-03-16,1988-06-01,NA,NA,NA,NA,NA,NA,"66982","2EME CIRCONSCRIPTION COTE D OR","Circonscription Legislative","BOTTIN CdO"
"cdo_034","JACOB","LUCIEN","M",1930-07-03,"CONSEILLER MUNICIPAL",1989-03-12,1995-06-10,"FM","M",1989-03-12,1995-06-10,"FM",NA,"64014","ECHEVRONNE","Commune","BOTTIN CdO"
"cdo_034","JACOB","LUCIEN","M",1930-07-03,"CONSEILLER DEPARTEMENTAL",1992-03-22,1998-03-10,"FM",NA,NA,NA,NA,NA,"21_6-5","BEAUNE NORD","Canton","BOTTIN CdO"
"cdo_034","JACOB","LUCIEN","M",1930-07-03,"CONSEILLER MUNICIPAL",1995-06-11,2001-03-10,"FM","M",1995-06-11,2001-03-10,"FM",NA,"64014","ECHEVRONNE","Commune","BOTTIN CdO"
"cdo_034","JACOB","LUCIEN","M",1930-07-03,"CONSEILLER DEPARTEMENTAL",1998-03-15,2004-03-20,"FM",NA,NA,NA,NA,NA,"21_6-5","BEAUNE NORD","Canton","BOTTIN CdO"
"cdo_035","JACQUELINET","MARCEL","M",NA,"CONSEILLER MUNICIPAL",1983-03-06,1986-01-01,"AU","M",1983-03-06,1986-01-01,"AU","DVD","55032","LONGVIC","Commune","WIKIPEDIA"
"cdo_036","JACQUES","PIERRE","M",1910-10-18,"CONSEILLER MUNICIPAL",1971-03-14,1977-03-10,"FM","M",1971-03-14,1977-03-10,"FM","DVG","40756","FONTAINE LES DIJON","Commune","ARCHIVES"
"cdo_037","JAPIOT","FRANCOIS","M",1912-11-01,"CONSEILLER MUNICIPAL",1953-05-26,1959-03-05,"FM",NA,NA,NA,NA,NA,NA,"DIJON","Commune","WIKIPEDIA"
"cdo_037","JAPIOT","FRANCOIS","M",1912-11-01,"DEPUTE",1958-11-30,1962-10-01,"FM",NA,NA,NA,NA,"IND",NA,"2EME CIRCONSCRIPTION COTE D OR","Circonscription Legislative","WIKIPEDIA"
"cdo_037","JAPIOT","FRANCOIS","M",1912-11-01,"CONSEILLER MUNICIPAL",1959-03-08,1965-03-10,"FM",NA,NA,NA,NA,NA,NA,"DIJON","Commune","WIKIPEDIA"
"cdo_037","JAPIOT","FRANCOIS","M",1912-11-01,"CONSEILLER MUNICIPAL",1965-03-14,1971-03-10,"FM",NA,NA,NA,NA,NA,NA,"DIJON","Commune","WIKIPEDIA"
"cdo_037","JAPIOT","FRANCOIS","M",1912-11-01,"CONSEILLER MUNICIPAL",1971-03-14,1977-03-10,"FM",NA,NA,NA,NA,NA,NA,"DIJON","Commune","WIKIPEDIA"
"cdo_038","KHATTABI","FADILA","F",1962-02-23,"CONSEILLER REGIONAL",2004-03-21,2010-03-10,"FM",NA,NA,NA,NA,"SOC",NA,"COTE D OR","Departement","WIKIPEDIA"
"cdo_038","KHATTABI","FADILA","F",1962-02-23,"CONSEILLER REGIONAL",2010-03-14,2015-12-01,"FM","VP",2010-03-14,2015-12-01,"FM","SOC",NA,"COTE D OR","Departement","WIKIPEDIA"
"cdo_038","KHATTABI","FADILA","F",1962-02-23,"CONSEILLER MUNICIPAL",2014-03-23,2020-03-10,"FM",NA,NA,NA,NA,"LREM",NA,"VAROIS ET CHAIGNOT","Commune","WIKIPEDIA"
"cdo_038","KHATTABI","FADILA","F",1962-02-23,"DEPUTE",2017-06-11,2022-06-10,"FM",NA,NA,NA,NA,"LREM",NA,"3EME CIRCONSCRIPTION COTE D OR","Circonscription Legislative","WIKIPEDIA"
"cdo_038","KHATTABI","FADILA","F",1962-02-23,"DEPUTE",2022-06-19,NA,NA,NA,NA,NA,NA,"LREM",NA,"3EME CIRCONSCRIPTION COTE D OR","Circonscription Legislative","WIKIPEDIA"
"cdo_039","KIR","FELIX","M",1876-01-22,"CONSEILLER MUNICIPAL",1945-04-29,1947-10-10,"FM","M",1945-04-29,1947-10-10,"FM",NA,"47564","DIJON","Commune","BOTTIN CdO"
"cdo_039","KIR","FELIX","M",1876-01-22,"CONSEILLER DEPARTEMENTAL",1945-09-23,1961-06-01,"FM","VP",1945-09-23,1951-01-01,NA,NA,NA,"DIJON OUEST","Canton","BOTTIN CdO"
"cdo_039","KIR","FELIX","M",1876-01-22,"DEPUTE",1946-01-01,1958-11-20,"FM",NA,NA,NA,NA,"IND",NA,NA,"Circonscription Legislative","BOTTIN CdO"
"cdo_039","KIR","FELIX","M",1876-01-22,"CONSEILLER MUNICIPAL",1947-10-19,1953-04-20,"FM","M",1947-10-19,1953-04-20,"FM",NA,"47564","DIJON","Commune","BOTTIN CdO"
"cdo_039","KIR","FELIX","M",1876-01-22,"CONSEILLER MUNICIPAL",1953-05-26,1959-03-05,"FM","M",1953-05-26,1959-03-05,"FM",NA,"47564","DIJON","Commune","BOTTIN CdO"
"cdo_039","KIR","FELIX","M",1876-01-22,"DEPUTE",1958-11-23,1962-11-15,"FM",NA,NA,NA,NA,"IND","66981","1ERE CIRCONSCRIPTION COTE D OR","Circonscription Legislative","BOTTIN CdO"
"cdo_039","KIR","FELIX","M",1876-01-22,"CONSEILLER MUNICIPAL",1959-03-08,1965-03-10,"FM","M",1959-03-08,1965-03-10,"FM",NA,"47564","DIJON","Commune","BOTTIN CdO"
"cdo_039","KIR","FELIX","M",1876-01-22,"CONSEILLER DEPARTEMENTAL",1961-06-04,1967-09-20,"FM",NA,NA,NA,NA,NA,NA,"DIJON OUEST","Canton","BOTTIN CdO"
"cdo_039","KIR","FELIX","M",1876-01-22,"DEPUTE",1962-11-18,1967-03-01,"FM",NA,NA,NA,NA,"IND","66981","1ERE CIRCONSCRIPTION COTE D OR","Circonscription Legislative","BOTTIN CdO"
"cdo_039","KIR","FELIX","M",1876-01-22,"CONSEILLER MUNICIPAL",1965-03-14,1968-04-25,"DC","M",1965-03-14,1968-04-25,"DC",NA,"47564","DIJON","Commune","BOTTIN CdO"
"cdo_040","LAJOUX","ISABELLE","F",1960-05-20,"CONSEILLER MUNICIPAL",2001-03-11,2008-03-01,"FM","M",2001-03-11,2008-03-01,"FM","SOC",NA,"SAVOLLES","Commune","WIKIPEDIA"
"cdo_040","LAJOUX","ISABELLE","F",1960-05-20,"CONSEILLER MUNICIPAL",2008-03-09,2014-03-20,"FM","M",2008-03-09,2014-03-20,"FM","SOC",NA,"SAVOLLES","Commune","WIKIPEDIA"
"cdo_040","LAJOUX","ISABELLE","F",1960-05-20,"CONSEILLER REGIONAL",2010-03-14,2015-12-01,"FM",NA,NA,NA,NA,"SOC",NA,"COTE D OR","Departement","WIKIPEDIA"
"cdo_040","LAJOUX","ISABELLE","F",1960-05-20,"CONSEILLER MUNICIPAL",2014-03-23,2020-03-10,"FM","M",2014-03-23,2020-03-10,"FM","SOC",NA,"SAVOLLES","Circonscription Legislative","WIKIPEDIA"
"cdo_040","LAJOUX","ISABELLE","F",1960-05-20,"SENATEUR",2014-05-03,2014-09-30,"FM",NA,NA,NA,NA,"SOC",NA,"COTE D OR","Departement","WIKIPEDIA"
"cdo_041","LALLE","ALBERT","M",1905-05-24,"CONSEILLER MUNICIPAL",1935-05-05,1945-04-20,"FM","M",1935-05-05,1945-04-20,"FM",NA,"43078","VILLY LE MOUTIER","Commune","BOTTIN CdO"
"cdo_041","LALLE","ALBERT","M",1905-05-24,"CONSEILLER MUNICIPAL",1945-04-29,1947-10-10,"FM","M",1945-04-29,1947-10-10,"FM",NA,"43078","VILLY LE MOUTIER","Commune","BOTTIN CdO"
"cdo_041","LALLE","ALBERT","M",1905-05-24,"DEPUTE",1946-11-30,1958-11-20,"FM",NA,NA,NA,NA,NA,"66983","3EME CIRCONSCRIPTION COTE D OR","Circonscription Legislative","BOTTIN CdO"
"cdo_041","LALLE","ALBERT","M",1905-05-24,"CONSEILLER MUNICIPAL",1947-10-19,1953-04-20,"FM","M",1947-10-19,1953-04-20,"FM",NA,"43078","VILLY LE MOUTIER","Commune","BOTTIN CdO"
"cdo_041","LALLE","ALBERT","M",1905-05-24,"CONSEILLER MUNICIPAL",1953-05-26,1959-03-05,"FM","M",1953-05-26,1959-03-05,"FM",NA,"43078","VILLY LE MOUTIER","Commune","BOTTIN CdO"
"cdo_041","LALLE","ALBERT","M",1905-05-24,"DEPUTE",1958-11-23,1962-11-10,"FM",NA,NA,NA,NA,NA,"66983","3EME CIRCONSCRIPTION COTE D OR","Circonscription Legislative","BOTTIN CdO"
"cdo_041","LALLE","ALBERT","M",1905-05-24,"CONSEILLER MUNICIPAL",1959-03-08,1965-03-10,"FM","M",1959-03-08,1965-03-10,"FM",NA,"43078","VILLY LE MOUTIER","Commune","BOTTIN CdO"
"cdo_041","LALLE","ALBERT","M",1905-05-24,"DEPUTE",1962-11-18,1967-03-01,"FM",NA,NA,NA,NA,NA,"66983","3EME CIRCONSCRIPTION COTE D OR","Circonscription Legislative","BOTTIN CdO"
"cdo_041","LALLE","ALBERT","M",1905-05-24,"CONSEILLER DEPARTEMENTAL",1964-03-08,1970-03-20,"FM",NA,NA,NA,NA,NA,"21_7-6","BEAUNE SUD","Canton","BOTTIN CdO"
"cdo_041","LALLE","ALBERT","M",1905-05-24,"CONSEILLER MUNICIPAL",1965-03-14,1971-03-10,"FM","M",1965-03-14,1971-03-10,"FM",NA,"43078","VILLY LE MOUTIER","Commune","BOTTIN CdO"
"cdo_041","LALLE","ALBERT","M",1905-05-24,"CONSEILLER DEPARTEMENTAL",1970-09-23,1976-03-05,"FM",NA,NA,NA,NA,NA,"21_7-6","BEAUNE SUD","Canton","BOTTIN CdO"
"cdo_041","LALLE","ALBERT","M",1905-05-24,"CONSEILLER MUNICIPAL",1971-03-14,1977-03-10,"FM","M",1971-03-14,1977-03-10,"FM",NA,"43078","VILLY LE MOUTIER","Commune","BOTTIN CdO"
"cdo_042","LAMBERTON","LEONCE","M",1886-11-14,"CONSEILLER MUNICIPAL",1945-04-29,1947-10-10,"FM","M",1945-04-29,1947-10-10,"FM","DROITE","40756","FONTAINE LES DIJON","Commune","ARCHIVES"
"cdo_042","LAMBERTON","LEONCE","M",1886-11-14,"CONSEILLER MUNICIPAL",1947-10-19,1953-04-20,"FM","M",1947-10-19,1953-04-20,"FM","DROITE","40756","FONTAINE LES DIJON","Commune","ARCHIVES"
"cdo_042","LAMBERTON","LEONCE","M",1886-11-14,"CONSEILLER MUNICIPAL",1953-05-26,1959-03-05,"FM","M",1953-05-26,1959-03-05,"FM","DROITE","40756","FONTAINE LES DIJON","Commune","ARCHIVES"
"cdo_042","LAMBERTON","LEONCE","M",1886-11-14,"CONSEILLER MUNICIPAL",1959-03-08,1964-03-01,NA,"M",1959-03-08,1964-03-01,NA,"DROITE","40756","FONTAINE LES DIJON","Commune","ARCHIVES"
"cdo_043","LECAT","JEAN PHILIPPE","M",1935-07-29,"DEPUTE",1968-06-23,1972-05-30,"AU",NA,NA,NA,NA,"DROITE","66983","3EME CIRCONSCRIPTION COTE D OR","Circonscription Legislative","BOTTIN CdO"
"cdo_043","LECAT","JEAN PHILIPPE","M",1935-07-29,"CONSEILLER DEPARTEMENTAL",1970-09-23,1976-03-05,"FM",NA,NA,NA,NA,"DROITE","21_34-23","NOLAY","Canton","BOTTIN CdO"
"cdo_043","LECAT","JEAN PHILIPPE","M",1935-07-29,"DEPUTE",1973-03-04,1973-04-01,"AU",NA,NA,NA,NA,"DROITE","66983","3EME CIRCONSCRIPTION COTE D OR","Circonscription Legislative","BOTTIN CdO"
"cdo_043","LECAT","JEAN PHILIPPE","M",1935-07-29,"CONSEILLER DEPARTEMENTAL",1976-03-07,1982-03-10,"FM",NA,NA,NA,NA,"DROITE","21_34-23","NOLAY","Canton","BOTTIN CdO"
"cdo_043","LECAT","JEAN PHILIPPE","M",1935-07-29,"DEPUTE",1978-03-12,1978-04-01,"AU",NA,NA,NA,NA,"DROITE","66983","3EME CIRCONSCRIPTION COTE D OR","Circonscription Legislative","BOTTIN CdO"
"cdo_043","LECAT","JEAN PHILIPPE","M",1935-07-29,"CONSEILLER DEPARTEMENTAL",1982-03-14,1988-09-20,"FM",NA,NA,NA,NA,"DROITE","21_34-23","NOLAY","Canton","BOTTIN CdO"
"cdo_044","LOISIER","ANNE CATHERINE","F",1969-03-13,"CONSEILLER DEPARTEMENTAL",1994-03-20,2001-03-10,"FM",NA,NA,NA,NA,NA,"21_43-31","SAULIEU","Canton","BOTTIN CdO"
"cdo_044","LOISIER","ANNE CATHERINE","F",1969-03-13,"CONSEILLER MUNICIPAL",1995-03-11,2001-03-10,"FM","M",1995-03-11,2001-03-10,"FM",NA,"36823","SAULIEU","Commune","BOTTIN CdO"
"cdo_044","LOISIER","ANNE CATHERINE","F",1969-03-13,"CONSEILLER REGIONAL",1998-03-15,2004-03-20,"FM",NA,NA,NA,NA,NA,"1790_20","COTE D OR","Departement","BOTTIN CdO"
"cdo_044","LOISIER","ANNE CATHERINE","F",1969-03-13,"CONSEILLER DEPARTEMENTAL",2001-03-11,2008-03-01,"FM",NA,NA,NA,NA,NA,NA,"SAULIEU","Canton","WIKIPEDIA"
"cdo_044","LOISIER","ANNE CATHERINE","F",1969-03-13,"CONSEILLER MUNICIPAL",2001-03-11,2008-03-01,"FM","M",2001-03-11,2008-03-01,"FM",NA,NA,"SAULIEU","Commune","WIKIPEDIA"
"cdo_044","LOISIER","ANNE CATHERINE","F",1969-03-13,"CONSEILLER REGIONAL",2004-03-21,2010-03-10,"FM",NA,NA,NA,NA,NA,"1790_20","COTE D OR","Departement","BOTTIN CdO"
"cdo_044","LOISIER","ANNE CATHERINE","F",1969-03-13,"CONSEILLER DEPARTEMENTAL",2008-03-09,2014-10-01,NA,NA,NA,NA,NA,NA,NA,"SAULIEU","Canton","WIKIPEDIA"
"cdo_044","LOISIER","ANNE CATHERINE","F",1969-03-13,"CONSEILLER MUNICIPAL",2008-03-09,2014-03-20,"FM","M",2008-03-09,2014-03-20,"FM",NA,NA,"SAULIEU","Commune","WIKIPEDIA"
"cdo_044","LOISIER","ANNE CATHERINE","F",1969-03-13,"CONSEILLER MUNICIPAL",2014-03-23,2017-10-16,"CUMUL","M",2014-03-23,2017-10-16,"CUMUL",NA,NA,"SAULIEU","Commune","WIKIPEDIA"
"cdo_044","LOISIER","ANNE CATHERINE","F",1969-03-13,"SENATEUR",2014-09-28,2020-09-20,"FM",NA,NA,NA,NA,"CENTRE",NA,"COTE D OR","Departement","WIKIPEDIA"
"cdo_044","LOISIER","ANNE CATHERINE","F",1969-03-13,"SENATEUR",2020-09-27,NA,NA,NA,NA,NA,NA,"CENTRE",NA,"COTE D OR","Departement","WIKIPEDIA"
"cdo_045","LOMBARD","MAURICE","M",1922-02-04,"CONSEILLER MUNICIPAL",1968-12-01,1971-03-10,"FM",NA,NA,NA,NA,NA,"47564","DIJON","Commune","BOTTIN CdO"
"cdo_045","LOMBARD","MAURICE","M",1922-02-04,"CONSEILLER MUNICIPAL",1971-03-14,1977-03-10,"FM","ADJOINT",1971-03-14,1977-03-10,"FM",NA,"47564","DIJON","Commune","BOTTIN CdO"
"cdo_045","LOMBARD","MAURICE","M",1922-02-04,"CONSEILLER DEPARTEMENTAL",1973-09-23,1979-03-15,"FM",NA,NA,NA,NA,NA,"21_19-41","DIJON 7","Canton","BOTTIN CdO"
"cdo_045","LOMBARD","MAURICE","M",1922-02-04,"CONSEILLER MUNICIPAL",1977-03-13,1983-03-05,"FM","1er ADJOINT",1977-03-13,1983-03-05,"FM",NA,"47564","DIJON","Commune","BOTTIN CdO"
"cdo_045","LOMBARD","MAURICE","M",1922-02-04,"CONSEILLER DEPARTEMENTAL",1979-03-18,1985-03-05,"FM",NA,NA,NA,NA,NA,"21_19-41","DIJON 7","Canton","BOTTIN CdO"
"cdo_045","LOMBARD","MAURICE","M",1922-02-04,"SENATEUR",1980-09-28,1989-09-20,"FM",NA,NA,NA,NA,"DROITE",NA,"COTE D OR","Departement","WIKIPEDIA"
"cdo_045","LOMBARD","MAURICE","M",1922-02-04,"CONSEILLER MUNICIPAL",1983-03-06,1989-03-10,"FM",NA,NA,NA,NA,NA,"47564","DIJON","Commune","BOTTIN CdO"
"cdo_045","LOMBARD","MAURICE","M",1922-02-04,"CONSEILLER DEPARTEMENTAL",1985-03-10,1992-03-20,"FM",NA,NA,NA,NA,NA,"21_19-41","DIJON 7","Canton","BOTTIN CdO"
"cdo_045","LOMBARD","MAURICE","M",1922-02-04,"CONSEILLER MUNICIPAL",1989-03-12,1995-03-01,"FM",NA,NA,NA,NA,NA,"47564","DIJON","Commune","BOTTIN CdO"
"cdo_045","LOMBARD","MAURICE","M",1922-02-04,"SENATEUR",1989-09-24,1998-09-30,"FM",NA,NA,NA,NA,"DROITE",NA,"COTE D OR","Departement","WIKIPEDIA"
"cdo_046","MARTIN","DIDIER","M",1956-08-20,"CONSEILLER MUNICIPAL",1995-06-11,2001-03-10,"FM",NA,NA,NA,NA,"RAD",NA,"DIJON","Commune","WIKIPEDIA"
"cdo_046","MARTIN","DIDIER","M",1956-08-20,"CONSEILLER MUNICIPAL",2001-03-11,2008-03-01,"FM","ADJOINT",2001-03-11,2008-03-01,"FM","RAD",NA,"DIJON","Commune","WIKIPEDIA"
"cdo_046","MARTIN","DIDIER","M",1956-08-20,"CONSEILLER REGIONAL",2004-03-21,2010-03-10,"FM",NA,NA,NA,NA,"RAD",NA,"COTE D OR","Departement","WIKIPEDIA"
"cdo_046","MARTIN","DIDIER","M",1956-08-20,"CONSEILLER MUNICIPAL",2008-03-09,2014-03-20,"FM","ADJOINT",2008-03-09,2014-03-20,"FM","RAD",NA,"DIJON","Commune","WIKIPEDIA"
"cdo_046","MARTIN","DIDIER","M",1956-08-20,"CONSEILLER REGIONAL",2010-03-14,2015-12-01,"FM",NA,NA,NA,NA,"RAD",NA,"COTE D OR","Departement","WIKIPEDIA"
"cdo_046","MARTIN","DIDIER","M",1956-08-20,"CONSEILLER MUNICIPAL",2014-03-23,2020-03-10,"FM","ADJOINT",2014-03-23,2017-06-10,"AU","RAD",NA,"DIJON","Commune","WIKIPEDIA"
"cdo_046","MARTIN","DIDIER","M",1956-08-20,"DEPUTE",2017-06-11,2022-06-10,"FM",NA,NA,NA,NA,"LREM",NA,"1ERE CIRCONSCRIPTION COTE D OR","Circonscription Legislative","WIKIPEDIA"
"cdo_046","MARTIN","DIDIER","M",1956-08-20,"DEPUTE",2022-06-19,NA,NA,NA,NA,NA,NA,"LREM",NA,"1ERE CIRCONSCRIPTION COTE D OR","Circonscription Legislative","WIKIPEDIA"
"cdo_047","MATHIEU","GILBERT","M",1920-05-04,"CONSEILLER MUNICIPAL",1959-03-08,1965-03-10,"FM",NA,NA,NA,NA,NA,"33640","VITTEAUX","Commune","BOTTIN CdO"
"cdo_047","MATHIEU","GILBERT","M",1920-05-04,"CONSEILLER DEPARTEMENTAL",1961-06-04,1967-09-20,"FM",NA,NA,NA,NA,NA,"21_50-37","VITTEAUX","Canton","BOTTIN CdO"
"cdo_047","MATHIEU","GILBERT","M",1920-05-04,"CONSEILLER MUNICIPAL",1965-03-14,1971-03-10,"FM","M",1965-03-14,1971-03-10,"FM",NA,"33640","VITTEAUX","Commune","BOTTIN CdO"
"cdo_047","MATHIEU","GILBERT","M",1920-05-04,"CONSEILLER DEPARTEMENTAL",1967-09-24,1973-09-10,"FM",NA,NA,NA,NA,NA,"21_50-37","VITTEAUX","Canton","BOTTIN CdO"
"cdo_047","MATHIEU","GILBERT","M",1920-05-04,"DEPUTE",1968-06-23,1973-03-01,"FM",NA,NA,NA,NA,"CENTRE","66984","4EME CIRCONSCRIPTION COTE D OR","Circonscription Legislative","BOTTIN CdO"
"cdo_047","MATHIEU","GILBERT","M",1920-05-04,"CONSEILLER MUNICIPAL",1971-03-14,1977-03-10,"FM","M",1971-03-14,1977-03-10,"FM",NA,"33640","VITTEAUX","Commune","BOTTIN CdO"
"cdo_047","MATHIEU","GILBERT","M",1920-05-04,"DEPUTE",1973-03-04,1978-03-10,"FM",NA,NA,NA,NA,"CENTRE","66984","4EME CIRCONSCRIPTION COTE D OR","Circonscription Legislative","BOTTIN CdO"
"cdo_047","MATHIEU","GILBERT","M",1920-05-04,"CONSEILLER DEPARTEMENTAL",1973-09-23,1979-03-15,"FM",NA,NA,NA,NA,NA,"21_50-37","VITTEAUX","Canton","BOTTIN CdO"
"cdo_047","MATHIEU","GILBERT","M",1920-05-04,"CONSEILLER MUNICIPAL",1977-03-13,1983-03-05,"FM","M",1977-03-13,1983-03-05,"FM",NA,"33640","VITTEAUX","Commune","BOTTIN CdO"
"cdo_047","MATHIEU","GILBERT","M",1920-05-04,"DEPUTE",1978-03-12,1981-06-10,"FM",NA,NA,NA,NA,"CENTRE","66984","4EME CIRCONSCRIPTION COTE D OR","Circonscription Legislative","BOTTIN CdO"
"cdo_047","MATHIEU","GILBERT","M",1920-05-04,"CONSEILLER DEPARTEMENTAL",1979-03-18,1985-03-05,"FM",NA,NA,NA,NA,NA,"21_50-37","VITTEAUX","Canton","BOTTIN CdO"
"cdo_047","MATHIEU","GILBERT","M",1920-05-04,"DEPUTE",1981-06-14,1986-03-10,"FM",NA,NA,NA,NA,"CENTRE","66984","4EME CIRCONSCRIPTION COTE D OR","Circonscription Legislative","BOTTIN CdO"
"cdo_047","MATHIEU","GILBERT","M",1920-05-04,"CONSEILLER DEPARTEMENTAL",1985-03-10,1992-03-20,"FM","VP",1985-03-10,1992-03-20,"FM",NA,"21_50-37","VITTEAUX","Canton","BOTTIN CdO"
"cdo_047","MATHIEU","GILBERT","M",1920-05-04,"DEPUTE",1986-03-16,1988-06-01,"FM",NA,NA,NA,NA,"CENTRE","66984","4EME CIRCONSCRIPTION COTE D OR","Circonscription Legislative","BOTTIN CdO"
"cdo_047","MATHIEU","GILBERT","M",1920-05-04,"DEPUTE",1988-06-05,1993-03-20,"FM",NA,NA,NA,NA,"CENTRE","66984","4EME CIRCONSCRIPTION COTE D OR","Circonscription Legislative","BOTTIN CdO"
"cdo_047","MATHIEU","GILBERT","M",1920-05-04,"CONSEILLER MUNICIPAL",1989-03-12,1995-06-10,"FM","M",1989-03-12,1995-06-10,"FM",NA,"33640","VITTEAUX","Commune","BOTTIN CdO"
"cdo_047","MATHIEU","GILBERT","M",1920-05-04,"CONSEILLER DEPARTEMENTAL",1992-03-22,1998-03-10,"FM","VP",1992-03-22,1998-03-10,"FM",NA,"21_50-37","VITTEAUX","Canton","BOTTIN CdO"
"cdo_048","MAZUE","MAURICE ANDRE GUILLAUME","M",1911-02-24,"CONSEILLER MUNICIPAL",1945-04-29,1947-10-10,"FM",NA,NA,NA,NA,"SOC","55032","LONGVIC","Commune","ARCHIVES"
"cdo_048","MAZUE","MAURICE ANDRE GUILLAUME","M",1911-02-24,"CONSEILLER MUNICIPAL",1947-10-19,1953-04-20,"FM",NA,NA,NA,NA,"SOC","55032","LONGVIC","Commune","ARCHIVES"
"cdo_048","MAZUE","MAURICE ANDRE GUILLAUME","M",1911-02-24,"CONSEILLER MUNICIPAL",1953-05-26,1959-03-05,"FM",NA,NA,NA,NA,"SOC","55032","LONGVIC","Commune","ARCHIVES"
"cdo_048","MAZUE","MAURICE ANDRE GUILLAUME","M",1911-02-24,"CONSEILLER MUNICIPAL",1959-03-08,1965-03-10,"FM","M",1963-02-01,1965-03-10,"FM","SOC","55032","LONGVIC","Commune","ARCHIVES"
"cdo_048","MAZUE","MAURICE ANDRE GUILLAUME","M",1911-02-24,"CONSEILLER MUNICIPAL",1965-03-14,1971-03-10,"FM","M",1965-03-14,1971-03-10,"FM","SOC","55032","LONGVIC","Commune","WIKIPEDIA"
"cdo_048","MAZUE","MAURICE ANDRE GUILLAUME","M",1911-02-24,"CONSEILLER MUNICIPAL",1971-03-14,1977-03-10,"FM","M",1971-03-14,1977-03-10,"FM","SOC","55032","LONGVIC","Commune","ARCHIVES"
"cdo_048","MAZUE","MAURICE ANDRE GUILLAUME","M",1911-02-24,"CONSEILLER DEPARTEMENTAL",1973-09-23,1976-03-01,"AU",NA,NA,NA,NA,"SOC","21_11-38","CHENOVE","Canton","BOTTIN CdO"
"cdo_048","MAZUE","MAURICE ANDRE GUILLAUME","M",1911-02-24,"CONSEILLER MUNICIPAL",1977-03-13,1983-03-05,"FM","M",1977-03-13,1983-03-05,"FM","SOC","55032","LONGVIC","Commune","WIKIPEDIA"
"cdo_049","MENUT","GILBERT","M",1947-12-03,"CONSEILLER MUNICIPAL",1977-03-13,1983-03-05,"FM",NA,NA,NA,NA,"DROITE","35797","TALANT","Commune","BOTTIN CdO"
"cdo_049","MENUT","GILBERT","M",1947-12-03,"CONSEILLER MUNICIPAL",1983-03-06,1989-03-10,"FM","1er ADJOINT",1983-03-06,1989-03-10,"FM","DROITE","35797","TALANT","Commune","BOTTIN CdO"
"cdo_049","MENUT","GILBERT","M",1947-12-03,"CONSEILLER MUNICIPAL",1989-03-12,1995-06-10,"FM","1er ADJOINT",1989-03-12,1995-06-10,"FM","DROITE","35797","TALANT","Commune","BOTTIN CdO"
"cdo_049","MENUT","GILBERT","M",1947-12-03,"CONSEILLER MUNICIPAL",1995-06-11,2001-03-10,"FM","M",1997-12-01,2001-03-10,NA,"DROITE","35797","TALANT","Commune","BOTTIN CdO"
"cdo_049","MENUT","GILBERT","M",1947-12-03,"CONSEILLER MUNICIPAL",2001-03-11,2008-03-01,"FM","M",2001-03-11,2008-03-01,"FM","DROITE",NA,"TALANT","Commune","WIKIPEDIA"
"cdo_049","MENUT","GILBERT","M",1947-12-03,"CONSEILLER REGIONAL",2002-07-30,2004-03-20,"FM",NA,NA,NA,NA,NA,"1790_20","COTE D OR","Departement","BOTTIN CdO"
"cdo_049","MENUT","GILBERT","M",1947-12-03,"CONSEILLER DEPARTEMENTAL",2004-03-21,2011-03-10,"FM",NA,NA,NA,NA,"DROITE",NA,NA,"Canton","WIKIPEDIA"
"cdo_049","MENUT","GILBERT","M",1947-12-03,"CONSEILLER MUNICIPAL",2008-03-09,2014-03-20,"FM","M",2008-03-09,2014-03-20,"FM","DROITE",NA,"TALANT","Commune","WIKIPEDIA"
"cdo_049","MENUT","GILBERT","M",1947-12-03,"CONSEILLER DEPARTEMENTAL",2011-03-20,2015-03-20,"FM",NA,NA,NA,NA,"DROITE",NA,NA,"Canton","WIKIPEDIA"
"cdo_049","MENUT","GILBERT","M",1947-12-03,"CONSEILLER MUNICIPAL",2014-03-23,2020-03-10,"FM","M",2014-03-23,2020-03-10,"FM","DROITE",NA,"TALANT","Commune","WIKIPEDIA"
"cdo_050","MEUNIER","PIERRE","M",1908-08-15,"CONSEILLER DEPARTEMENTAL",1945-09-23,1949-03-15,"FM",NA,NA,NA,NA,NA,"21_2-1","ARNAY LE DUC","Canton","BOTTIN CdO"
"cdo_050","MEUNIER","PIERRE","M",1908-08-15,"DEPUTE",1946-11-10,1951-06-10,"FM",NA,NA,NA,NA,NA,NA,NA,"Circonscription Legislative","BOTTIN CdO"
"cdo_050","MEUNIER","PIERRE","M",1908-08-15,"DEPUTE",1951-06-17,1955-12-30,"FM",NA,NA,NA,NA,NA,NA,NA,"Circonscription Legislative","BOTTIN CdO"
"cdo_050","MEUNIER","PIERRE","M",1908-08-15,"CONSEILLER DEPARTEMENTAL",1955-04-17,1961-06-01,"FM",NA,NA,NA,NA,NA,"21_2-1","ARNAY LE DUC","Canton","BOTTIN CdO"
"cdo_050","MEUNIER","PIERRE","M",1908-08-15,"DEPUTE",1956-01-02,1958-11-20,"FM",NA,NA,NA,NA,NA,NA,NA,"Circonscription Legislative","BOTTIN CdO"
"cdo_050","MEUNIER","PIERRE","M",1908-08-15,"CONSEILLER DEPARTEMENTAL",1961-06-04,1967-09-20,"FM",NA,NA,NA,NA,NA,"21_2-1","ARNAY LE DUC","Canton","BOTTIN CdO"
"cdo_050","MEUNIER","PIERRE","M",1908-08-15,"CONSEILLER DEPARTEMENTAL",1967-09-24,1973-03-20,"FM",NA,NA,NA,NA,NA,"21_2-1","ARNAY LE DUC","Canton","BOTTIN CdO"
"cdo_050","MEUNIER","PIERRE","M",1908-08-15,"CONSEILLER MUNICIPAL",1971-03-14,1977-03-10,"FM","M",1971-03-14,1977-03-10,"FM",NA,"41336","ARNAY LE DUC","Commune","BOTTIN CdO"
"cdo_050","MEUNIER","PIERRE","M",1908-08-15,"CONSEILLER DEPARTEMENTAL",1973-09-23,1979-03-15,"FM",NA,NA,NA,NA,NA,"21_2-1","ARNAY LE DUC","Canton","BOTTIN CdO"
"cdo_050","MEUNIER","PIERRE","M",1908-08-15,"CONSEILLER MUNICIPAL",1977-03-13,1983-03-01,"FM","M",1977-03-13,1983-03-01,"FM",NA,"41336","ARNAY LE DUC","Commune","BOTTIN CdO"
"cdo_050","MEUNIER","PIERRE","M",1908-08-15,"CONSEILLER DEPARTEMENTAL",1979-03-18,1985-03-05,"FM",NA,NA,NA,NA,NA,"21_2-1","ARNAY LE DUC","Canton","BOTTIN CdO"
"cdo_051","MOINE","HENRI","M",1921-03-22,"CONSEILLER MUNICIPAL",1963-12-30,1965-03-10,"FM",NA,NA,NA,NA,NA,"48130","BEAUNE","Commune","BOTTIN CdO"
"cdo_051","MOINE","HENRI","M",1921-03-22,"CONSEILLER MUNICIPAL",1965-03-14,1971-03-10,"FM","M",1968-12-30,1971-03-10,"FM",NA,"48130","BEAUNE","Commune","BOTTIN CdO"
"cdo_051","MOINE","HENRI","M",1921-03-22,"CONSEILLER MUNICIPAL",1971-03-14,1977-03-10,"FM","M",1971-03-14,1977-03-10,"FM",NA,"48130","BEAUNE","Commune","BOTTIN CdO"
"cdo_051","MOINE","HENRI","M",1921-03-22,"DEPUTE",1972-05-30,1973-02-01,NA,"SUPPLEANT",NA,NA,NA,NA,"66983","3EME CIRCONSCRIPTION COTE D OR","Circonscription Legislative","BOTTIN CdO"
"cdo_051","MOINE","HENRI","M",1921-03-22,"DEPUTE",1973-04-30,1974-09-01,NA,"SUPPLEANT",NA,NA,NA,NA,"66983","3EME CIRCONSCRIPTION COTE D OR","Circonscription Legislative","BOTTIN CdO"
"cdo_051","MOINE","HENRI","M",1921-03-22,"CONSEILLER DEPARTEMENTAL",1976-03-07,1982-03-10,"FM",NA,NA,NA,NA,NA,"21_7-6","BEAUNE SUD","Canton","BOTTIN CdO"
"cdo_051","MOINE","HENRI","M",1921-03-22,"CONSEILLER MUNICIPAL",1977-03-13,1983-03-01,"FM","M",1977-03-13,1983-03-01,"FM",NA,"48130","BEAUNE","Commune","BOTTIN CdO"
"cdo_051","MOINE","HENRI","M",1921-03-22,"CONSEILLER DEPARTEMENTAL",1982-03-14,1988-09-20,"FM",NA,NA,NA,NA,NA,"21_7-6","BEAUNE SUD","Canton","BOTTIN CdO"
"cdo_051","MOINE","HENRI","M",1921-03-22,"CONSEILLER MUNICIPAL",1983-03-06,1989-03-10,"FM","M",1983-03-06,1989-03-10,"FM",NA,"48130","BEAUNE","Commune","BOTTIN CdO"
"cdo_051","MOINE","HENRI","M",1921-03-22,"CONSEILLER REGIONAL",1986-03-16,1992-03-20,NA,"VP",NA,NA,NA,NA,"1790_20","COTE D OR","Departement","BOTTIN CdO"
"cdo_051","MOINE","HENRI","M",1921-03-22,"CONSEILLER DEPARTEMENTAL",1988-09-25,1994-03-15,"FM",NA,NA,NA,NA,NA,"21_7-6","BEAUNE SUD","Canton","BOTTIN CdO"
"cdo_051","MOINE","HENRI","M",1921-03-22,"CONSEILLER MUNICIPAL",1989-03-12,1995-06-01,"FM","M",1989-03-12,1995-06-01,"FM",NA,"48130","BEAUNE","Commune","BOTTIN CdO"
"cdo_051","MOINE","HENRI","M",1921-03-22,"CONSEILLER DEPARTEMENTAL",1994-03-20,2001-03-10,"FM",NA,NA,NA,NA,NA,"21_7-6","BEAUNE SUD","Canton","BOTTIN CdO"
"cdo_052","MORELON","PAUL","M",1922-10-29,"CONSEILLER MUNICIPAL",1983-03-06,1989-03-10,"FM","M",1983-03-06,1989-03-10,"FM",NA,"40756","FONTAINE LES DIJON","Commune","ARCHIVES"
"cdo_052","MORELON","PAUL","M",1922-10-29,"CONSEILLER MUNICIPAL",1989-03-12,1995-06-05,"FM","M",1989-03-12,1995-06-05,"FM",NA,"40756","FONTAINE LES DIJON","Commune","ARCHIVES"
"cdo_052","MORELON","PAUL","M",1922-10-29,"CONSEILLER MUNICIPAL",1995-06-11,2001-03-10,"FM","M",1995-06-11,2001-03-10,"FM",NA,"40756","FONTAINE LES DIJON","Commune","ARCHIVES"
"cdo_053","MORLEVAT","ROBERT","M",1907-02-14,"CONSEILLER MUNICIPAL",1935-05-05,1945-04-25,"FM","M",1937-12-30,1945-04-25,"FM",NA,"46835","SEMUR EN AUXOIS","Commune","BOTTIN CdO"
"cdo_053","MORLEVAT","ROBERT","M",1907-02-14,"CONSEILLER MUNICIPAL",1945-04-29,1947-10-10,"FM","M",1945-04-29,1947-10-10,"FM",NA,"46835","SEMUR EN AUXOIS","Commune","BOTTIN CdO"
"cdo_053","MORLEVAT","ROBERT","M",1907-02-14,"CONSEILLER DEPARTEMENTAL",1945-09-23,1951-10-01,"FM",NA,NA,NA,NA,NA,"21_45-22","SEMUR EN AUXOIS","Canton","BOTTIN CdO"
"cdo_053","MORLEVAT","ROBERT","M",1907-02-14,"CONSEILLER MUNICIPAL",1947-10-19,1953-04-20,"FM","M",1947-10-19,1953-04-20,"FM",NA,"46835","SEMUR EN AUXOIS","Commune","BOTTIN CdO"
"cdo_053","MORLEVAT","ROBERT","M",1907-02-14,"CONSEILLER DEPARTEMENTAL",1951-10-07,1958-04-15,"FM",NA,NA,NA,NA,NA,"21_45-22","SEMUR EN AUXOIS","Canton","BOTTIN CdO"
"cdo_053","MORLEVAT","ROBERT","M",1907-02-14,"CONSEILLER MUNICIPAL",1953-05-26,1959-03-05,"FM","M",1953-05-26,1959-03-05,"FM",NA,"46835","SEMUR EN AUXOIS","Commune","BOTTIN CdO"
"cdo_053","MORLEVAT","ROBERT","M",1907-02-14,"CONSEILLER DEPARTEMENTAL",1958-04-20,1964-03-05,"FM",NA,NA,NA,NA,NA,"21_45-22","SEMUR EN AUXOIS","Canton","BOTTIN CdO"
"cdo_053","MORLEVAT","ROBERT","M",1907-02-14,"CONSEILLER MUNICIPAL",1959-03-08,1965-03-10,"FM","M",1959-03-08,1965-03-10,"FM",NA,"46835","SEMUR EN AUXOIS","Commune","BOTTIN CdO"
"cdo_053","MORLEVAT","ROBERT","M",1907-02-14,"DEPUTE",1962-11-18,1967-03-01,"FM",NA,NA,NA,NA,NA,"66984","4EME CIRCONSCRIPTION COTE D OR","Circonscription Legislative","BOTTIN CdO"
"cdo_053","MORLEVAT","ROBERT","M",1907-02-14,"CONSEILLER DEPARTEMENTAL",1964-03-08,1970-09-20,"FM",NA,NA,NA,NA,NA,"21_45-22","SEMUR EN AUXOIS","Canton","BOTTIN CdO"
"cdo_053","MORLEVAT","ROBERT","M",1907-02-14,"CONSEILLER MUNICIPAL",1965-03-14,1971-03-10,"FM","M",1965-03-14,1971-03-10,"FM",NA,"46835","SEMUR EN AUXOIS","Commune","BOTTIN CdO"
"cdo_053","MORLEVAT","ROBERT","M",1907-02-14,"DEPUTE",1967-03-05,1968-06-20,"FM",NA,NA,NA,NA,NA,"66984","4EME CIRCONSCRIPTION COTE D OR","Circonscription Legislative","BOTTIN CdO"
"cdo_053","MORLEVAT","ROBERT","M",1907-02-14,"CONSEILLER DEPARTEMENTAL",1970-09-23,1976-03-05,"FM",NA,NA,NA,NA,NA,"21_45-22","SEMUR EN AUXOIS","Canton","BOTTIN CdO"
"cdo_053","MORLEVAT","ROBERT","M",1907-02-14,"CONSEILLER MUNICIPAL",1971-03-14,1977-03-10,"FM","M",1971-03-14,1977-03-10,"FM",NA,"46835","SEMUR EN AUXOIS","Commune","BOTTIN CdO"
"cdo_053","MORLEVAT","ROBERT","M",1907-02-14,"CONSEILLER DEPARTEMENTAL",1976-03-07,1982-03-10,"FM",NA,NA,NA,NA,NA,"21_45-22","SEMUR EN AUXOIS","Canton","BOTTIN CdO"
"cdo_053","MORLEVAT","ROBERT","M",1907-02-14,"CONSEILLER MUNICIPAL",1977-03-13,1983-03-01,"FM","M",1977-03-13,1983-03-01,"FM",NA,"46835","SEMUR EN AUXOIS","Commune","BOTTIN CdO"
"cdo_053","MORLEVAT","ROBERT","M",1907-02-14,"CONSEILLER DEPARTEMENTAL",1982-03-14,1988-09-20,"FM",NA,NA,NA,NA,NA,"21_45-22","SEMUR EN AUXOIS","Canton","BOTTIN CdO"
"cdo_053","MORLEVAT","ROBERT","M",1907-02-14,"CONSEILLER MUNICIPAL",1983-03-06,1989-03-10,"FM","M",1983-03-06,1989-03-10,"FM",NA,"46835","SEMUR EN AUXOIS","Commune","BOTTIN CdO"
"cdo_054","NUDANT","JEAN MARC","M",1942-01-20,"CONSEILLER MUNICIPAL",1977-03-13,1983-03-05,"FM",NA,NA,NA,NA,"DROITE","47564","DIJON","Commune","BOTTIN CdO"
"cdo_054","NUDANT","JEAN MARC","M",1942-01-20,"CONSEILLER DEPARTEMENTAL",1982-03-14,1988-09-20,"FM",NA,NA,NA,NA,"DROITE","21_15-11","DIJON 3","Canton","BOTTIN CdO"
"cdo_054","NUDANT","JEAN MARC","M",1942-01-20,"CONSEILLER MUNICIPAL",1983-03-06,1989-03-10,"FM","ADJOINT",1983-03-06,1989-03-10,"FM","DROITE","47564","DIJON","Commune","BOTTIN CdO"
"cdo_054","NUDANT","JEAN MARC","M",1942-01-20,"CONSEILLER DEPARTEMENTAL",1988-09-25,1994-03-15,"FM","VP",1988-09-25,1994-03-15,"FM","DROITE","21_15-11","DIJON 3","Canton","BOTTIN CdO"
"cdo_054","NUDANT","JEAN MARC","M",1942-01-20,"CONSEILLER MUNICIPAL",1989-03-12,1995-06-10,"FM","ADJOINT",1989-03-12,1995-06-10,"FM","DROITE","47564","DIJON","Commune","BOTTIN CdO"
"cdo_054","NUDANT","JEAN MARC","M",1942-01-20,"CONSEILLER DEPARTEMENTAL",1994-03-20,2001-03-10,"FM","VP",1994-03-20,1998-03-22,"AU","DROITE","21_15-11","DIJON 3","Canton","BOTTIN CdO"
"cdo_054","NUDANT","JEAN MARC","M",1942-01-20,"CONSEILLER MUNICIPAL",1995-06-11,2001-03-10,"FM","ADJOINT",1995-06-11,2001-03-10,"FM","DROITE","47564","DIJON","Commune","BOTTIN CdO"
"cdo_054","NUDANT","JEAN MARC","M",1942-01-20,"DEPUTE",1998-11-30,2002-06-01,"FM",NA,NA,NA,NA,"DROITE","66982","2EME CIRCONSCRIPTION COTE D OR","Circonscription Legislative","BOTTIN CdO"
"cdo_054","NUDANT","JEAN MARC","M",1942-01-20,"DEPUTE",2002-06-09,2007-06-10,"FM",NA,NA,NA,NA,"DROITE",NA,"2EME CIRCONSCRIPTION COTE D OR","Circonscription Legislative","WIKIPEDIA"
"cdo_055","PARIS","DIDIER","M",1954-02-14,"DEPUTE",2017-06-11,2022-06-10,"FM",NA,NA,NA,NA,"LREM",NA,"5EME CIRCONSCRIPTION COTE D OR","Circonscription Legislative","WIKIPEDIA"
"cdo_055","PARIS","DIDIER","M",1954-02-14,"DEPUTE",2022-06-19,NA,NA,NA,NA,NA,NA,"LREM",NA,"5EME CIRCONSCRIPTION COTE D OR","Circonscription Legislative","WIKIPEDIA"
"cdo_056","PATRIAT","FRANCOIS","M",1943-03-12,"CONSEILLER DEPARTEMENTAL",1976-03-07,1982-03-10,"FM",NA,NA,NA,NA,NA,"21_37-26","POUILLY EN AUXOIS","Canton","BOTTIN CdO"
"cdo_056","PATRIAT","FRANCOIS","M",1943-03-12,"DEPUTE",1981-06-14,1986-03-10,"FM",NA,NA,NA,NA,"SOC","66983","3EME CIRCONSCRIPTION COTE D OR","Circonscription Legislative","BOTTIN CdO"
"cdo_056","PATRIAT","FRANCOIS","M",1943-03-12,"CONSEILLER DEPARTEMENTAL",1982-03-14,1988-09-20,"FM",NA,NA,NA,NA,NA,"21_37-26","POUILLY EN AUXOIS","Canton","BOTTIN CdO"
"cdo_056","PATRIAT","FRANCOIS","M",1943-03-12,"DEPUTE",1986-03-16,1988-06-01,"FM",NA,NA,NA,NA,"SOC","66985","5EME CIRCONSCRIPTION COTE D OR","Circonscription Legislative","BOTTIN CdO"
"cdo_056","PATRIAT","FRANCOIS","M",1943-03-12,"DEPUTE",1988-06-05,1993-03-15,"FM",NA,NA,NA,NA,"SOC","66985","5EME CIRCONSCRIPTION COTE D OR","Circonscription Legislative","BOTTIN CdO"
"cdo_056","PATRIAT","FRANCOIS","M",1943-03-12,"CONSEILLER DEPARTEMENTAL",1988-09-25,1994-03-15,"FM",NA,NA,NA,NA,NA,"21_37-26","POUILLY EN AUXOIS","Canton","BOTTIN CdO"
"cdo_056","PATRIAT","FRANCOIS","M",1943-03-12,"CONSEILLER MUNICIPAL",1989-03-12,1995-06-10,"FM","M",1989-03-12,1995-06-10,"FM",NA,"50006","CHAILLY SUR ARMANCON","Commune","WIKIPEDIA"
"cdo_056","PATRIAT","FRANCOIS","M",1943-03-12,"CONSEILLER DEPARTEMENTAL",1994-03-20,2001-03-10,"FM",NA,NA,NA,NA,NA,"21_37-26","POUILLY EN AUXOIS","Canton","BOTTIN CdO"
"cdo_056","PATRIAT","FRANCOIS","M",1943-03-12,"CONSEILLER MUNICIPAL",1995-06-11,2001-03-10,"FM","M",1995-06-11,2001-03-10,"FM",NA,"50006","CHAILLY SUR ARMANCON","Commune","WIKIPEDIA"
"cdo_056","PATRIAT","FRANCOIS","M",1943-03-12,"DEPUTE",1997-06-10,2000-10-01,"AU",NA,NA,NA,NA,"SOC","66985","5EME CIRCONSCRIPTION COTE D OR","Circonscription Legislative","BOTTIN CdO"
"cdo_056","PATRIAT","FRANCOIS","M",1943-03-12,"CONSEILLER DEPARTEMENTAL",2001-03-15,2008-03-20,"FM",NA,NA,NA,NA,NA,NA,"POUILLY EN AUXOIS","Canton","WIKIPEDIA"
"cdo_056","PATRIAT","FRANCOIS","M",1943-03-12,"CONSEILLER REGIONAL",2004-03-21,2010-03-10,"FM","P",2004-03-21,2010-03-10,"FM","SOC",NA,"COTE D OR","Departement","WIKIPEDIA"
"cdo_056","PATRIAT","FRANCOIS","M",1943-03-12,"SENATEUR",2008-09-21,2014-09-20,"FM",NA,NA,NA,NA,"SOC",NA,"COTE D OR","Departement","WIKIPEDIA"
"cdo_056","PATRIAT","FRANCOIS","M",1943-03-12,"CONSEILLER REGIONAL",2010-03-14,2015-12-01,"FM","P",2010-03-14,2015-12-01,"FM","SOC",NA,"COTE D OR","Departement","WIKIPEDIA"
"cdo_056","PATRIAT","FRANCOIS","M",1943-03-12,"SENATEUR",2014-09-28,2020-09-20,"FM",NA,NA,NA,NA,"LREM",NA,"COTE D OR","Departement","WIKIPEDIA"
"cdo_056","PATRIAT","FRANCOIS","M",1943-03-12,"SENATEUR",2020-09-27,NA,NA,NA,NA,NA,NA,"LREM",NA,"COTE D OR","Departement","WIKIPEDIA"
"cdo_057","PERRIAUX","LUCIEN","M",1898-11-07,"CONSEILLER MUNICIPAL",1965-03-14,1968-01-01,NA,"M",1965-03-14,1968-01-01,NA,NA,"48130","BEAUNE","Commune","WIKIPEDIA"
"cdo_058","PICARD","ANDRE","M",1899-06-22,"CONSEILLER MUNICIPAL",1925-05-03,1929-05-01,"FM",NA,NA,NA,NA,NA,"61678","MARCIGNY SOUS THIL","Commune","WIKIPEDIA"
"cdo_058","PICARD","ANDRE","M",1899-06-22,"CONSEILLER MUNICIPAL",1929-05-05,1935-05-01,"FM",NA,NA,NA,NA,NA,"61678","MARCIGNY SOUS THIL","Commune","WIKIPEDIA"
"cdo_058","PICARD","ANDRE","M",1899-06-22,"CONSEILLER MUNICIPAL",1935-05-05,1945-04-25,"FM","M",1935-05-05,1945-04-25,"FM",NA,"61678","MARCIGNY SOUS THIL","Commune","WIKIPEDIA"
"cdo_058","PICARD","ANDRE","M",1899-06-22,"CONSEILLER MUNICIPAL",1945-04-29,1947-10-10,"FM","M",1945-04-29,1947-10-10,"FM",NA,"61678","MARCIGNY SOUS THIL","Commune","WIKIPEDIA"
"cdo_058","PICARD","ANDRE","M",1899-06-22,"CONSEILLER MUNICIPAL",1947-10-19,1953-04-20,"FM","M",1947-10-19,1953-04-20,"FM",NA,"61678","MARCIGNY SOUS THIL","Commune","WIKIPEDIA"
"cdo_058","PICARD","ANDRE","M",1899-06-22,"CONSEILLER DEPARTEMENTAL",1951-10-07,1958-04-15,"FM",NA,NA,NA,NA,NA,"21_38-27","PRECY SOUS THIL","Canton","BOTTIN CdO"
"cdo_058","PICARD","ANDRE","M",1899-06-22,"CONSEILLER MUNICIPAL",1953-05-26,1959-03-05,"FM","M",1953-05-26,1959-03-05,"FM",NA,"61678","MARCIGNY SOUS THIL","Commune","WIKIPEDIA"
"cdo_058","PICARD","ANDRE","M",1899-06-22,"CONSEILLER DEPARTEMENTAL",1958-04-20,1964-03-05,"FM",NA,NA,NA,NA,NA,"21_38-27","PRECY SOUS THIL","Canton","BOTTIN CdO"
"cdo_058","PICARD","ANDRE","M",1899-06-22,"CONSEILLER MUNICIPAL",1959-03-08,1965-03-10,"FM","M",1959-03-08,1965-03-10,"FM",NA,"61678","MARCIGNY SOUS THIL","Commune","WIKIPEDIA"
"cdo_058","PICARD","ANDRE","M",1899-06-22,"SENATEUR",1962-09-23,1971-09-20,"FM",NA,NA,NA,NA,"CNI",NA,"COTE D OR","Departement","WIKIPEDIA"
"cdo_058","PICARD","ANDRE","M",1899-06-22,"CONSEILLER DEPARTEMENTAL",1964-03-08,1970-09-20,"FM",NA,NA,NA,NA,NA,"21_38-27","PRECY SOUS THIL","Canton","BOTTIN CdO"
"cdo_058","PICARD","ANDRE","M",1899-06-22,"CONSEILLER MUNICIPAL",1965-03-14,1971-03-10,"FM","M",1965-03-14,1971-03-10,"FM",NA,"61678","MARCIGNY SOUS THIL","Commune","WIKIPEDIA"
"cdo_058","PICARD","ANDRE","M",1899-06-22,"CONSEILLER DEPARTEMENTAL",1970-09-23,1976-03-05,"FM",NA,NA,NA,NA,NA,"21_38-27","PRECY SOUS THIL","Canton","BOTTIN CdO"
"cdo_058","PICARD","ANDRE","M",1899-06-22,"CONSEILLER MUNICIPAL",1971-03-14,1977-03-10,"FM","M",1971-03-14,1977-03-10,"FM",NA,"61678","MARCIGNY SOUS THIL","Commune","WIKIPEDIA"
"cdo_058","PICARD","ANDRE","M",1899-06-22,"SENATEUR",1971-09-26,1979-07-05,"DC",NA,NA,NA,NA,"CNI",NA,"COTE D OR","Departement","WIKIPEDIA"
"cdo_058","PICARD","ANDRE","M",1899-06-22,"CONSEILLER MUNICIPAL",1977-03-13,1979-07-05,"DC","M",1977-03-13,1979-07-05,"DC",NA,"61678","MARCIGNY SOUS THIL","Commune","WIKIPEDIA"
"cdo_059","POUJADE","ROBERT","M",1928-05-06,"DEPUTE",1967-03-05,1968-06-10,"FM",NA,NA,NA,NA,"DROITE","66981","1ERE CIRCONSCRIPTION COTE D OR","Circonscription Legislative","BOTTIN CdO"
"cdo_059","POUJADE","ROBERT","M",1928-05-06,"CONSEILLER DEPARTEMENTAL",1967-09-24,1970-09-20,"FM",NA,NA,NA,NA,"DROITE","21_18-13","DIJON 6","Canton","BOTTIN CdO"
"cdo_059","POUJADE","ROBERT","M",1928-05-06,"DEPUTE",1968-06-23,1971-01-01,"AU",NA,NA,NA,NA,"DROITE","66981","1ERE CIRCONSCRIPTION COTE D OR","Circonscription Legislative","BOTTIN CdO"
"cdo_059","POUJADE","ROBERT","M",1928-05-06,"CONSEILLER MUNICIPAL",1968-12-30,1971-03-10,"FM",NA,NA,NA,NA,"DROITE","47564","DIJON","Commune","BOTTIN CdO"
"cdo_059","POUJADE","ROBERT","M",1928-05-06,"CONSEILLER DEPARTEMENTAL",1970-09-23,1976-03-05,"FM",NA,NA,NA,NA,"DROITE","21_18-13","DIJON 6","Canton","BOTTIN CdO"
"cdo_059","POUJADE","ROBERT","M",1928-05-06,"CONSEILLER MUNICIPAL",1971-03-14,1977-03-10,"FM","M",1971-03-14,1977-03-10,"FM","DROITE","47564","DIJON","Commune","BOTTIN CdO"
"cdo_059","POUJADE","ROBERT","M",1928-05-06,"DEPUTE",1973-03-04,1973-03-30,"AU",NA,NA,NA,NA,"DROITE","66981","1ERE CIRCONSCRIPTION COTE D OR","Circonscription Legislative","BOTTIN CdO"
"cdo_059","POUJADE","ROBERT","M",1928-05-06,"CONSEILLER DEPARTEMENTAL",1976-03-07,1982-03-10,"FM",NA,NA,NA,NA,"DROITE","21_18-13","DIJON 6","Canton","BOTTIN CdO"
"cdo_059","POUJADE","ROBERT","M",1928-05-06,"CONSEILLER MUNICIPAL",1977-03-13,1983-03-01,"FM","M",1977-03-13,1983-03-01,"FM","DROITE","47564","DIJON","Commune","BOTTIN CdO"
"cdo_059","POUJADE","ROBERT","M",1928-05-06,"DEPUTE",1978-03-12,1981-06-10,"FM",NA,NA,NA,NA,"DROITE","66981","1ERE CIRCONSCRIPTION COTE D OR","Circonscription Legislative","BOTTIN CdO"
"cdo_059","POUJADE","ROBERT","M",1928-05-06,"CONSEILLER DEPARTEMENTAL",1982-03-14,1988-09-20,"FM","P",1982-03-14,1988-09-20,"FM","DROITE","21_18-13","DIJON 6","Canton","BOTTIN CdO"
"cdo_059","POUJADE","ROBERT","M",1928-05-06,"CONSEILLER MUNICIPAL",1983-03-06,1989-03-10,"FM","M",1983-03-06,1989-03-10,"FM","DROITE","47564","DIJON","Commune","BOTTIN CdO"
"cdo_059","POUJADE","ROBERT","M",1928-05-06,"DEPUTE",1986-03-16,1988-06-01,"FM",NA,NA,NA,NA,"DROITE","66981","1ERE CIRCONSCRIPTION COTE D OR","Circonscription Legislative","BOTTIN CdO"
"cdo_059","POUJADE","ROBERT","M",1928-05-06,"DEPUTE",1988-06-05,1993-03-15,"FM",NA,NA,NA,NA,"DROITE","66981","1ERE CIRCONSCRIPTION COTE D OR","Circonscription Legislative","BOTTIN CdO"
"cdo_059","POUJADE","ROBERT","M",1928-05-06,"CONSEILLER MUNICIPAL",1989-03-12,1995-06-10,"FM","M",1989-03-12,1995-06-10,"FM","DROITE","47564","DIJON","Commune","BOTTIN CdO"
"cdo_059","POUJADE","ROBERT","M",1928-05-06,"DEPUTE",1993-03-21,1997-07-20,"FM",NA,NA,NA,NA,"DROITE","66981","1ERE CIRCONSCRIPTION COTE D OR","Circonscription Legislative","BOTTIN CdO"
"cdo_059","POUJADE","ROBERT","M",1928-05-06,"CONSEILLER MUNICIPAL",1995-06-11,2001-03-10,"FM","M",1995-06-11,2001-03-10,"FM","DROITE","47564","DIJON","Commune","BOTTIN CdO"
"cdo_059","POUJADE","ROBERT","M",1928-05-06,"DEPUTE",1997-07-25,2002-06-05,"FM",NA,NA,NA,NA,"DROITE","66981","1ERE CIRCONSCRIPTION COTE D OR","Circonscription Legislative","BOTTIN CdO"
"cdo_060","RASERA","MICHEL","M",1947-05-30,"CONSEILLER MUNICIPAL",1977-03-13,1983-03-01,"FM","M",1977-03-13,1983-03-01,"FM",NA,"66183","CHEVIGNY SAINT SAUVEUR","Commune","WIKIPEDIA"
"cdo_061","REBSAMEN","FRANCOIS","M",1951-06-25,"CONSEILLER MUNICIPAL",1989-03-12,1995-06-10,"FM",NA,NA,NA,NA,"SOC","47564","DIJON","Commune","BOTTIN CdO"
"cdo_061","REBSAMEN","FRANCOIS","M",1951-06-25,"CONSEILLER REGIONAL",1994-01-01,1998-03-10,"FM",NA,NA,NA,NA,"SOC","1790_20","COTE D OR","Departement","BOTTIN CdO"
"cdo_061","REBSAMEN","FRANCOIS","M",1951-06-25,"CONSEILLER MUNICIPAL",1995-03-11,2001-03-10,"FM",NA,NA,NA,NA,"SOC","47564","DIJON","Commune","BOTTIN CdO"
"cdo_061","REBSAMEN","FRANCOIS","M",1951-06-25,"CONSEILLER REGIONAL",1998-03-15,2001-04-01,NA,NA,NA,NA,NA,"SOC","1790_20","COTE D OR","Departement","BOTTIN CdO"
"cdo_061","REBSAMEN","FRANCOIS","M",1951-06-25,"CONSEILLER DEPARTEMENTAL",1998-04-02,2001-03-10,"FM",NA,NA,NA,NA,"SOC","21_17-12","DIJON 5","Canton","BOTTIN CdO"
"cdo_061","REBSAMEN","FRANCOIS","M",1951-06-25,"CONSEILLER DEPARTEMENTAL",2001-03-11,2008-03-09,"FM",NA,NA,NA,NA,"SOC","21_17-12","DIJON 5","Canton","BOTTIN CdO"
"cdo_061","REBSAMEN","FRANCOIS","M",1951-06-25,"CONSEILLER MUNICIPAL",2001-03-11,2008-03-01,"FM","M",2001-03-11,2008-03-01,"FM","SOC",NA,"DIJON","Commune","WIKIPEDIA"
"cdo_061","REBSAMEN","FRANCOIS","M",1951-06-25,"CONSEILLER MUNICIPAL",2008-03-09,2014-03-20,"FM","M",2008-03-09,2014-03-20,"FM","SOC",NA,"DIJON","Commune","WIKIPEDIA"
"cdo_061","REBSAMEN","FRANCOIS","M",1951-06-25,"SENATEUR",2008-10-01,2014-04-10,"FM",NA,NA,NA,NA,"SOC",NA,"COTE D OR","Departement","WIKIPEDIA"
"cdo_061","REBSAMEN","FRANCOIS","M",1951-06-25,"CONSEILLER MUNICIPAL",2015-08-10,2020-07-01,"FM","M",2015-08-10,2020-07-01,"FM","SOC",NA,"DIJON","Commune","WIKIPEDIA"
"cdo_061","REBSAMEN","FRANCOIS","M",1951-06-25,"CONSEILLER MUNICIPAL",2020-07-04,NA,NA,"M",2020-07-04,NA,NA,"SOC",NA,"DIJON","Commune","WIKIPEDIA"
"cdo_062","REMOND","ROGER","M",1925-02-04,"CONSEILLER MUNICIPAL",1953-04-26,1959-03-05,"FM",NA,NA,NA,NA,"SOC","59499","QUETIGNY","Commune","ARCHIVES"
"cdo_062","REMOND","ROGER","M",1925-02-04,"CONSEILLER MUNICIPAL",1959-03-08,1965-03-10,"FM","M",1959-03-08,1965-03-10,"FM","SOC","59499","QUETIGNY","Commune","ARCHIVES"
"cdo_062","REMOND","ROGER","M",1925-02-04,"CONSEILLER MUNICIPAL",1965-03-14,1971-03-10,"FM","M",1965-03-14,1971-03-10,"FM","SOC","59499","QUETIGNY","Commune","ARCHIVES"
"cdo_062","REMOND","ROGER","M",1925-02-04,"CONSEILLER MUNICIPAL",1971-03-13,1977-03-10,"FM","M",1971-03-13,1977-03-10,"FM","SOC","59499","QUETIGNY","Commune","ARCHIVES"
"cdo_062","REMOND","ROGER","M",1925-02-04,"CONSEILLER DEPARTEMENTAL",1976-03-07,1982-03-10,"FM",NA,NA,NA,NA,"SOC","21_14-10","DIJON 2","Canton","BOTTIN CdO"
"cdo_062","REMOND","ROGER","M",1925-02-04,"CONSEILLER DEPARTEMENTAL",1976-03-07,1982-03-10,"FM",NA,NA,NA,NA,"SOC",NA,NA,"Canton","WIKIPEDIA"
"cdo_062","REMOND","ROGER","M",1925-02-04,"CONSEILLER MUNICIPAL",1977-03-13,1983-03-05,"FM","M",1977-03-13,1983-03-05,"FM","SOC","59499","QUETIGNY","Commune","WIKIPEDIA"
"cdo_062","REMOND","ROGER","M",1925-02-04,"CONSEILLER DEPARTEMENTAL",1982-03-14,1988-09-25,"FM",NA,NA,NA,NA,"SOC","21_14-10","DIJON 2","Canton","BOTTIN CdO"
"cdo_062","REMOND","ROGER","M",1925-02-04,"CONSEILLER DEPARTEMENTAL",1982-03-14,1988-09-20,"FM",NA,NA,NA,NA,"SOC",NA,NA,"Canton","WIKIPEDIA"
"cdo_062","REMOND","ROGER","M",1925-02-04,"CONSEILLER MUNICIPAL",1983-03-06,1984-01-01,"DM","M",1983-03-06,1984-01-01,"DM","SOC","59499","QUETIGNY","Commune","WIKIPEDIA"
"cdo_063","REVOL","HENRI","M",1936-02-14,"CONSEILLER MUNICIPAL",1971-03-14,1977-03-10,"FM","M",1971-03-14,1977-03-10,"FM",NA,"41518","MESSIGNY ET VANTOUX","Commune","BOTTIN CdO"
"cdo_063","REVOL","HENRI","M",1936-02-14,"CONSEILLER DEPARTEMENTAL",1973-09-23,1979-03-10,"FM",NA,NA,NA,NA,NA,"21_22-14","FONTAINE LES DIJON","Canton","BOTTIN CdO"
"cdo_063","REVOL","HENRI","M",1936-02-14,"CONSEILLER MUNICIPAL",1977-03-13,1983-03-05,"FM","M",1977-03-13,1983-03-05,"FM",NA,"41518","MESSIGNY ET VANTOUX","Commune","BOTTIN CdO"
"cdo_063","REVOL","HENRI","M",1936-02-14,"CONSEILLER DEPARTEMENTAL",1979-03-18,1985-03-05,"FM",NA,NA,NA,NA,NA,"21_22-14","FONTAINE LES DIJON","Canton","BOTTIN CdO"
"cdo_063","REVOL","HENRI","M",1936-02-14,"CONSEILLER MUNICIPAL",1983-03-06,1989-03-10,"FM","M",1983-03-06,1989-03-10,"FM",NA,"41518","MESSIGNY ET VANTOUX","Commune","BOTTIN CdO"
"cdo_063","REVOL","HENRI","M",1936-02-14,"CONSEILLER DEPARTEMENTAL",1985-03-10,1992-03-20,"FM",NA,NA,NA,NA,NA,"21_22-14","FONTAINE LES DIJON","Canton","BOTTIN CdO"
"cdo_063","REVOL","HENRI","M",1936-02-14,"CONSEILLER REGIONAL",1986-03-16,1989-10-01,"AU","VP AFFAIRES ECONOMIQUES",NA,1989-10-01,"AU",NA,"1790_20","COTE D OR","Departement","BOTTIN CdO"
"cdo_063","REVOL","HENRI","M",1936-02-14,"CONSEILLER MUNICIPAL",1989-03-12,1995-06-10,"FM","M",1989-03-12,1995-06-10,"FM",NA,"41518","MESSIGNY ET VANTOUX","Commune","BOTTIN CdO"
"cdo_063","REVOL","HENRI","M",1936-02-14,"SENATEUR",1989-09-24,1998-09-30,"FM",NA,NA,NA,NA,"DROITE",NA,"COTE D OR","Departement","WIKIPEDIA"
"cdo_063","REVOL","HENRI","M",1936-02-14,"CONSEILLER DEPARTEMENTAL",1992-03-22,1998-03-10,"FM",NA,NA,NA,NA,NA,"21_22-14","FONTAINE LES DIJON","Canton","BOTTIN CdO"
"cdo_063","REVOL","HENRI","M",1936-02-14,"CONSEILLER MUNICIPAL",1995-06-11,2001-03-10,"FM","M",1995-06-11,2001-03-10,"FM",NA,"41518","MESSIGNY ET VANTOUX","Commune","BOTTIN CdO"
"cdo_063","REVOL","HENRI","M",1936-02-14,"CONSEILLER DEPARTEMENTAL",1998-03-15,2004-03-20,"FM",NA,NA,NA,NA,NA,"21_22-14","FONTAINE LES DIJON","Canton","BOTTIN CdO"
"cdo_063","REVOL","HENRI","M",1936-02-14,"SENATEUR",1998-10-01,2008-09-20,"FM",NA,NA,NA,NA,"DROITE",NA,"COTE D OR","Departement","WIKIPEDIA"
"cdo_064","ROCLORE","MARCEL","M",1897-08-25,"DEPUTE",1945-01-01,1946-01-01,"FM",NA,NA,NA,NA,"CNI",NA,"ASSEMBLEE CONSTITUANTE","Circonscription legislative","BOTTIN CdO"
"cdo_064","ROCLORE","MARCEL","M",1897-08-25,"CONSEILLER MUNICIPAL",1935-05-05,1945-04-25,"FM",NA,NA,NA,NA,"CNI","36823","SAULIEU","Commune","BOTTIN CdO"
"cdo_064","ROCLORE","MARCEL","M",1897-08-25,"CONSEILLER MUNICIPAL",1935-05-05,1945-04-25,"FM",NA,NA,NA,NA,"CNI","36823","SAULIEU","Commune","ARCHIVES"
"cdo_064","ROCLORE","MARCEL","M",1897-08-25,"CONSEILLER MUNICIPAL",1945-04-29,1947-10-10,"FM","M",1945-04-29,1947-10-10,"FM","CNI","36823","SAULIEU","Commune","BOTTIN CdO"
"cdo_064","ROCLORE","MARCEL","M",1897-08-25,"CONSEILLER DEPARTEMENTAL",1945-09-23,1958-04-15,"FM",NA,NA,NA,NA,"CNI","21_43-31","SAULIEU","Canton","BOTTIN CdO"
"cdo_064","ROCLORE","MARCEL","M",1897-08-25,"DEPUTE",1946-11-10,1951-06-17,"FM",NA,NA,NA,NA,"IND",NA,NA,"Circonscription Legislative","BOTTIN CdO"
"cdo_064","ROCLORE","MARCEL","M",1897-08-25,"CONSEILLER MUNICIPAL",1947-10-19,1953-04-25,"FM","M",1947-10-19,1953-04-25,"FM","CNI","36823","SAULIEU","Commune","BOTTIN CdO"
"cdo_064","ROCLORE","MARCEL","M",1897-08-25,"CONSEILLER MUNICIPAL",1953-05-26,1959-03-05,"FM","M",1955-01-01,1959-03-05,"FM","CNI","36823","SAULIEU","Commune","BOTTIN CdO"
"cdo_064","ROCLORE","MARCEL","M",1897-08-25,"DEPUTE",1956-01-02,1958-11-01,"FM",NA,NA,NA,NA,"IND",NA,NA,"Circonscription Legislative","BOTTIN CdO"
"cdo_064","ROCLORE","MARCEL","M",1897-08-25,"CONSEILLER DEPARTEMENTAL",1958-04-20,1964-03-05,"FM","P",1951-10-17,1964-03-05,"FM","CNI","21_43-31","SAULIEU","Canton","BOTTIN CdO"
"cdo_064","ROCLORE","MARCEL","M",1897-08-25,"DEPUTE",1958-11-23,1962-11-15,"FM",NA,NA,NA,NA,"IND","21_43-31",NA,"Circonscription Legislative","BOTTIN CdO"
"cdo_064","ROCLORE","MARCEL","M",1897-08-25,"CONSEILLER MUNICIPAL",1959-03-08,1965-03-10,"FM","M",1959-03-08,1965-03-10,"FM","CNI","36823","SAULIEU","Commune","ARCHIVES"
"cdo_064","ROCLORE","MARCEL","M",1897-08-25,"CONSEILLER DEPARTEMENTAL",1964-03-08,1966-10-27,"AU","P",1964-03-08,1966-10-27,"AU","CNI","21_43-31","SAULIEU","Canton","BOTTIN CdO"
"cdo_065","ROSSILLE","AIME","M",NA,"CONSEILLER MUNICIPAL",1953-05-26,1959-03-05,"FM","M",1953-05-26,1959-03-05,"FM",NA,NA,"TALANT","Commune","VILLE"
"cdo_065","ROSSILLE","AIME","M",NA,"CONSEILLER MUNICIPAL",1959-03-08,1965-03-10,"FM","M",1959-03-08,1965-03-10,"FM",NA,NA,"TALANT","Commune","VILLE"
"cdo_066","ROTGER","MICHEL","M",NA,"CONSEILLER MUNICIPAL",2008-03-09,2014-03-20,"FM","M",2012-10-15,2014-03-20,"FM",NA,NA,"CHEVIGNY SAINT SAUVEUR","Commune","PRESSE"
"cdo_066","ROTGER","MICHEL","M",NA,"CONSEILLER MUNICIPAL",2014-03-23,2020-03-10,"FM","M",2014-03-23,2019-02-01,"DM",NA,NA,"CHEVIGNY SAINT SAUVEUR","Commune","PRESSE"
"cdo_067","RUET","GUILLAUME","M",1983-06-22,"CONSEILLER MUNICIPAL",2014-03-23,2020-03-10,"FM","M",2019-02-02,2020-03-10,"FM","DROITE",NA,"CHEVIGNY SAINT SAUVEUR","Commune","PRESSE"
"cdo_067","RUET","GUILLAUME","M",1983-06-22,"CONSEILLER MUNICIPAL",2020-03-20,NA,NA,"M",2020-03-20,NA,NA,"DROITE",NA,"CHEVIGNY SAINT SAUVEUR","Commune","PRESSE"
"cdo_067","RUET","GUILLAUME","M",1983-06-22,"CONSEILLER DEPARTEMENTAL",2021-06-01,NA,NA,NA,NA,NA,NA,"DROITE",NA,"CHEVIGNY SAINT SAUVEUR","Canton","WIKIPEDIA"
"cdo_068","RUINET","FRANCOIS","M",1972-06-14,"CONSEILLER MUNICIPAL",2020-03-20,NA,NA,"M",2020-03-20,NA,NA,"DROITE",NA,"TALANT","Commune","PRESSE"
"cdo_069","SAUVADET","FRANCOIS","M",1953-04-20,"CONSEILLER MUNICIPAL",1989-03-12,1995-06-10,"FM",NA,NA,NA,"FM","CENTRE","59303","CHANCEAUX","Commune","BOTTIN CdO"
"cdo_069","SAUVADET","FRANCOIS","M",1953-04-20,"DEPUTE",1993-03-21,1997-05-20,"FM",NA,NA,NA,NA,"CENTRE",NA,"4EME CIRCONSCRIPTION COTE D OR","Circonscription Legislative","BOTTIN CdO"
"cdo_069","SAUVADET","FRANCOIS","M",1953-04-20,"CONSEILLER MUNICIPAL",1995-06-11,2001-03-10,"FM","M",1995-06-11,2001-03-10,"FM","CENTRE",NA,"VITTEAUX","Commune","BOTTIN CdO"
"cdo_069","SAUVADET","FRANCOIS","M",1953-04-20,"DEPUTE",1997-05-25,2002-06-05,"FM",NA,NA,NA,NA,"CENTRE",NA,"4EME CIRCONSCRIPTION COTE D OR","Circonscription Legislative","BOTTIN CdO"
"cdo_069","SAUVADET","FRANCOIS","M",1953-04-20,"CONSEILLER DEPARTEMENTAL",1998-03-15,2004-03-20,"FM","VP",1998-03-15,2004-03-20,"FM","CENTRE","21_50-37","VITTEAUX","Canton","BOTTIN CdO"
"cdo_069","SAUVADET","FRANCOIS","M",1953-04-20,"DEPUTE",2002-06-09,2007-06-10,"FM",NA,NA,NA,NA,"CENTRE",NA,"4EME CIRCONSCRIPTION COTE D OR","Circonscription Legislative","WIKIPEDIA"
"cdo_069","SAUVADET","FRANCOIS","M",1953-04-20,"CONSEILLER DEPARTEMENTAL",2004-03-21,2011-03-10,"FM","P",2008-03-20,2011-03-10,"FM","CENTRE",NA,"VITTEAUX","Canton","WIKIPEDIA"
"cdo_069","SAUVADET","FRANCOIS","M",1953-04-20,"DEPUTE",2007-06-17,2012-06-10,"FM",NA,NA,NA,NA,"CENTRE",NA,"4EME CIRCONSCRIPTION COTE D OR","Circonscription Legislative","WIKIPEDIA"
"cdo_069","SAUVADET","FRANCOIS","M",1953-04-20,"CONSEILLER DEPARTEMENTAL",2011-03-20,2015-03-20,"FM",NA,2011-03-20,2015-03-20,"FM","CENTRE",NA,"VITTEAUX","Canton","WIKIPEDIA"
"cdo_069","SAUVADET","FRANCOIS","M",1953-04-20,"DEPUTE",2012-06-17,2016-08-17,"AU",NA,NA,NA,NA,"CENTRE",NA,"4EME CIRCONSCRIPTION COTE D OR","Circonscription Legislative","WIKIPEDIA"
"cdo_069","SAUVADET","FRANCOIS","M",1953-04-20,"CONSEILLER DEPARTEMENTAL",2015-03-29,2021-06-20,"FM",NA,2015-03-29,2021-06-20,"FM","CENTRE",NA,"SEMUR EN AUXOIS","Canton","WIKIPEDIA"
"cdo_069","SAUVADET","FRANCOIS","M",1953-04-20,"CONSEILLER REGIONAL",2016-01-03,2021-07-03,"FM",NA,NA,NA,NA,"CENTRE",NA,"COTE D OR","Departement","WIKIPEDIA"
"cdo_070","SORDEL","MICHEL","M",1920-11-11,"CONSEILLER MUNICIPAL",1965-03-14,1971-03-10,"FM","M",1965-03-14,1971-03-10,"FM","REI","55724","CHATILLON SUR SEINE","Commune","ARCHIVES"
"cdo_070","SORDEL","MICHEL","M",1920-11-11,"CONSEILLER MUNICIPAL",1971-03-14,1977-03-10,"FM","M",1971-03-14,1977-03-10,"FM","REI","55724","CHATILLON SUR SEINE","Commune","ARCHIVES"
"cdo_070","SORDEL","MICHEL","M",1920-11-11,"SENATEUR",1971-09-26,1980-09-20,"FM",NA,NA,NA,NA,"REI",NA,"COTE D OR","Departement","WIKIPEDIA"
"cdo_070","SORDEL","MICHEL","M",1920-11-11,"CONSEILLER MUNICIPAL",1977-03-13,1983-03-05,"FM","M",1977-03-13,1983-03-05,"FM","REI","55724","CHATILLON SUR SEINE","Commune","ARCHIVES"
"cdo_070","SORDEL","MICHEL","M",1920-11-11,"SENATEUR",1980-09-28,1989-09-20,"FM",NA,NA,NA,NA,"REI",NA,"COTE D OR","Departement","WIKIPEDIA"
"cdo_070","SORDEL","MICHEL","M",1920-11-11,"CONSEILLER MUNICIPAL",1983-03-06,1989-03-10,"FM","M",1983-03-06,1989-03-10,"FM","REI","55724","CHATILLON SUR SEINE","Commune","ARCHIVES"
"cdo_071","SOUNY","JEAN","M",1897-11-20,"CONSEILLER MUNICIPAL",1964-03-07,1965-03-10,"FM","M",1964-03-07,1965-03-10,"FM","DROITE","40756","FONTAINE LES DIJON","Commune","ARCHIVES"
"cdo_071","SOUNY","JEAN","M",1897-11-20,"CONSEILLER MUNICIPAL",1965-03-14,1971-03-10,"FM","M",1965-03-14,1971-03-10,"FM","DROITE","40756","FONTAINE LES DIJON","Commune","WIKIPEDIA"
"cdo_072","SUGUENOT","ALAIN","M",1951-09-17,"CONSEILLER REGIONAL",1986-03-16,1992-03-21,"FM","VP",1986-03-16,1992-03-21,"FM",NA,NA,"NIEVRE","Departement","BOTTIN CdO"
"cdo_072","SUGUENOT","ALAIN","M",1951-09-17,"CONSEILLER REGIONAL",1992-03-22,1998-03-14,"FM","VP",1992-03-22,1998-03-14,"FM",NA,"1790_20","COTE D OR","Departement","BOTTIN CdO"
"cdo_072","SUGUENOT","ALAIN","M",1951-09-17,"DEPUTE",1993-04-02,1997-04-21,"FM",NA,NA,NA,"FM","DROITE","66985","5EME CIRCONSCRIPTION COTE D OR","Circonscription Legislative","BOTTIN CdO"
"cdo_072","SUGUENOT","ALAIN","M",1951-09-17,"CONSEILLER MUNICIPAL",1995-03-11,2001-03-10,"FM","M",1995-03-11,2001-03-10,"FM","DROITE","48130","BEAUNE","Commune","BOTTIN CdO"
"cdo_072","SUGUENOT","ALAIN","M",1951-09-17,"CONSEILLER REGIONAL",1998-03-15,2002-07-02,"AU","VP",1998-03-15,2002-07-02,"AU",NA,"1790_20","COTE D OR","Departement","BOTTIN CdO"
"cdo_072","SUGUENOT","ALAIN","M",1951-09-17,"CONSEILLER MUNICIPAL",2001-03-11,2008-03-01,"FM","M",2001-03-11,2008-03-01,"FM","DROITE",NA,"BEAUNE","Commune","WIKIPEDIA"
"cdo_072","SUGUENOT","ALAIN","M",1951-09-17,"DEPUTE",2002-06-09,2007-06-10,"FM",NA,NA,NA,NA,"DROITE",NA,"5EME CIRCONSCRIPTION COTE D OR","Circonscription Legislative","WIKIPEDIA"
"cdo_072","SUGUENOT","ALAIN","M",1951-09-17,"DEPUTE",2007-06-17,2012-06-10,"FM",NA,NA,NA,NA,"DROITE",NA,"5EME CIRCONSCRIPTION COTE D OR","Circonscription Legislative","WIKIPEDIA"
"cdo_072","SUGUENOT","ALAIN","M",1951-09-17,"CONSEILLER MUNICIPAL",2008-03-09,2014-03-20,"FM","M",2008-03-09,2014-03-20,"FM","DROITE",NA,"BEAUNE","Commune","WIKIPEDIA"
"cdo_072","SUGUENOT","ALAIN","M",1951-09-17,"DEPUTE",2012-06-17,2017-06-20,"FM",NA,NA,NA,NA,"DROITE",NA,"5EME CIRCONSCRIPTION COTE D OR","Circonscription Legislative","WIKIPEDIA"
"cdo_072","SUGUENOT","ALAIN","M",1951-09-17,"CONSEILLER MUNICIPAL",2014-03-23,2020-03-10,"FM","M",2014-03-23,2020-03-10,"FM","DROITE",NA,"BEAUNE","Commune","WIKIPEDIA"
"cdo_072","SUGUENOT","ALAIN","M",1951-09-17,"CONSEILLER MUNICIPAL",2020-03-15,NA,NA,"M",2020-03-15,NA,NA,"DROITE",NA,"BEAUNE","Commune","WIKIPEDIA"
"cdo_073","SUREAU","HENRI","M",1909-03-02,"CONSEILLER MUNICIPAL",1971-03-14,1977-03-10,"FM","M",1971-03-14,1977-03-10,"FM","REI","65024","CHENOVE","Commune","ARCHIVES"
"cdo_074","VEILLET","JEAN","M",1901-05-14,"CONSEILLER DEPARTEMENTAL",1945-09-23,1951-10-01,"FM",NA,NA,NA,NA,NA,"21_13-9","DIJON 1","Canton","BOTTIN CdO"
"cdo_074","VEILLET","JEAN","M",1901-05-14,"CONSEILLER DEPARTEMENTAL",1951-10-07,1958-04-15,"FM",NA,NA,NA,NA,NA,"21_13-9","DIJON 1","Canton","BOTTIN CdO"
"cdo_074","VEILLET","JEAN","M",1901-05-14,"CONSEILLER DEPARTEMENTAL",1958-04-20,1964-03-05,"FM",NA,NA,NA,NA,NA,"21_13-9","DIJON 1","Canton","BOTTIN CdO"
"cdo_074","VEILLET","JEAN","M",1901-05-14,"CONSEILLER DEPARTEMENTAL",1964-03-08,1970-09-20,"FM","P",1966-01-01,1970-09-20,"FM",NA,"21_13-9","DIJON 1","Canton","BOTTIN CdO"
"cdo_074","VEILLET","JEAN","M",1901-05-14,"CONSEILLER MUNICIPAL",1968-04-25,1971-03-10,"FM","M",1968-04-25,1971-03-10,"FM",NA,"47564","DIJON","Commune","BOTTIN CdO"
"cdo_074","VEILLET","JEAN","M",1901-05-14,"CONSEILLER DEPARTEMENTAL",1970-09-23,1976-03-05,"FM","P",1970-09-23,1975-01-01,"FM",NA,"21_13-9","DIJON 1","Canton","BOTTIN CdO"
"cdo_075","VIALLANES","ETIENNE","M",1891-01-02,"CONSEILLER MUNICIPAL",1925-05-03,1929-05-01,"FM",NA,NA,NA,NA,"CNI",NA,"MARCELLOIS","Commune","WIKIPEDIA"
"cdo_075","VIALLANES","ETIENNE","M",1891-01-02,"CONSEILLER MUNICIPAL",1929-01-01,1935-05-01,"FM","M",1929-01-01,1935-05-01,"FM","CNI",NA,"MARCELLOIS","Commune","WIKIPEDIA"
"cdo_075","VIALLANES","ETIENNE","M",1891-01-02,"CONSEILLER MUNICIPAL",1935-05-05,1945-04-25,"FM","M",1935-05-05,1945-04-25,"FM","CNI",NA,"MARCELLOIS","Commune","WIKIPEDIA"
"cdo_075","VIALLANES","ETIENNE","M",1891-01-02,"CONSEILLER MUNICIPAL",1945-04-29,1947-10-10,"FM","M",1945-04-29,1947-10-10,"FM","CNI",NA,"MARCELLOIS","Commune","WIKIPEDIA"
"cdo_075","VIALLANES","ETIENNE","M",1891-01-02,"CONSEILLER MUNICIPAL",1947-10-19,1953-04-20,"FM","M",1947-10-19,1953-04-20,"FM","CNI",NA,"MARCELLOIS","Commune","WIKIPEDIA"
"cdo_075","VIALLANES","ETIENNE","M",1891-01-02,"CONSEILLER MUNICIPAL",1953-05-26,1959-03-05,"FM","M",1953-05-26,1959-03-05,"FM","CNI",NA,"MARCELLOIS","Commune","WIKIPEDIA"
"cdo_075","VIALLANES","ETIENNE","M",1891-01-02,"SENATEUR",1957-10-06,1962-10-01,"FM",NA,NA,NA,NA,"CNI",NA,"COTE D OR","Departement","WIKIPEDIA"
"cdo_075","VIALLANES","ETIENNE","M",1891-01-02,"CONSEILLER MUNICIPAL",1959-03-08,1965-03-10,"FM","M",1959-03-08,1963-01-01,NA,"CNI",NA,"MARCELLOIS","Commune","WIKIPEDIA"
"cdo_076","VOUILLOT","HERVE","M",1943-04-01,"DEPUTE",1981-04-14,1986-03-10,"FM",NA,NA,NA,NA,"SOC","1790_20","COTE D OR","Departement","BOTTIN CdO"
"cdo_076","VOUILLOT","HERVE","M",1943-04-01,"CONSEILLER MUNICIPAL",1984-02-01,1989-03-10,"FM","M",1984-02-01,1989-03-10,"FM","SOC","59499","QUETIGNY","Commune","WIKIPEDIA"
"cdo_076","VOUILLOT","HERVE","M",1943-04-01,"CONSEILLER REGIONAL",1986-03-16,1992-03-20,"FM",NA,NA,NA,NA,"SOC","1790_20","COTE D OR","Departement","BOTTIN CdO"
"cdo_076","VOUILLOT","HERVE","M",1943-04-01,"CONSEILLER DEPARTEMENTAL",1988-09-25,1994-03-15,"FM",NA,NA,NA,NA,"SOC","21_15-11","DIJON 3","Canton","BOTTIN CdO"
"cdo_076","VOUILLOT","HERVE","M",1943-04-01,"CONSEILLER MUNICIPAL",1989-03-12,1995-06-10,"FM","M",1989-03-12,1995-06-10,"FM","SOC","59499","QUETIGNY","Commune","WIKIPEDIA"
"cdo_076","VOUILLOT","HERVE","M",1943-04-01,"CONSEILLER REGIONAL",1992-03-22,1994-08-01,"AU",NA,NA,NA,NA,"SOC","1790_20","COTE D OR","Departement","BOTTIN CdO"
"cdo_076","VOUILLOT","HERVE","M",1943-04-01,"CONSEILLER DEPARTEMENTAL",1994-03-20,2001-03-10,"FM",NA,NA,NA,NA,"SOC","21_15-11","DIJON 3","Canton","BOTTIN CdO"
"cdo_076","VOUILLOT","HERVE","M",1943-04-01,"CONSEILLER MUNICIPAL",1995-06-11,2001-03-10,"FM","M",1995-06-11,2001-03-10,"FM","SOC","59499","QUETIGNY","Commune","WIKIPEDIA"
"cdo_076","VOUILLOT","HERVE","M",1943-04-01,"CONSEILLER MUNICIPAL",2001-03-11,2003-01-01,"DM","M",2001-03-11,2003-01-01,"DM","SOC",NA,"QUETIGNY","Commune","WIKIPEDIA"
"cdo_007","BORDAT","BENOIT","M",1984-02-07,"CONSEILLER MUNICIPAL",2014-03-30,2020-06-20,"FM",NA,NA,NA,NA,"CENTRE",NA,"DIJON","Commune","WIKIPEDIA"
"cdo_007","BORDAT","BENOIT","M",1984-02-07,"CONSEILLER MUNICIPAL",2020-06-28,NA,NA,NA,NA,NA,NA,"LREM",NA,"DIJON","Commune","WIKIPEDIA"
"cdo_007","BORDAT","BENOIT","M",1984-02-07,"CONSEILLER DEPARTEMENTAL",2021-06-27,NA,NA,NA,NA,NA,NA,"LREM",NA,"DIJON 4","Canton","WIKIPEDIA"
"cdo_007","BORDAT","BENOIT","M",1984-02-07,"DEPUTE",2022-06-19,NA,NA,NA,NA,NA,NA,"LREM",NA,"2EME CIRCONSCRIPTION COTE D OR","Circonscription Legislative","WIKIPEDIA"
"cdo_011","BRIGAND","HUBERT","M",1952-07-28,"DEPUTE",2022-06-19,NA,NA,NA,NA,NA,NA,"LREM",NA,"4EME CIRCONSCRIPTION COTE D OR","Circonscription Legislative","WIKIPEDIA"
"cdo_011","BRIGAND","HUBERT","M",1952-07-28,"CONSEILLER DEPARTEMENTAL",1988-10-02,1994-03-20,"FM",NA,NA,NA,NA,NA,NA,"CHATILLON SUR SEINE","Canton","WIKIPEDIA"
"cdo_011","BRIGAND","HUBERT","M",1952-07-28,"CONSEILLER DEPARTEMENTAL",1994-03-27,2001-03-10,"FM",NA,NA,NA,NA,NA,NA,"CHATILLON SUR SEINE","Canton","WIKIPEDIA"
"cdo_011","BRIGAND","HUBERT","M",1952-07-28,"CONSEILLER DEPARTEMENTAL",2001-03-18,2008-03-10,"FM",NA,NA,NA,NA,NA,NA,"CHATILLON SUR SEINE","Canton","WIKIPEDIA"
"cdo_011","BRIGAND","HUBERT","M",1952-07-28,"CONSEILLER DEPARTEMENTAL",2008-03-16,2015-04-01,"FM",NA,NA,NA,NA,NA,NA,"CHATILLON SUR SEINE","Canton","WIKIPEDIA"
"cdo_011","BRIGAND","HUBERT","M",1952-07-28,"CONSEILLER DEPARTEMENTAL",2015-04-02,2021-06-10,"FM",NA,NA,NA,NA,NA,NA,"CHATILLON SUR SEINE","Canton","WIKIPEDIA"
"cdo_011","BRIGAND","HUBERT","M",1952-07-28,"CONSEILLER DEPARTEMENTAL",2021-06-20,2022-09-12,"DM",NA,NA,NA,NA,NA,NA,"CHATILLON SUR SEINE","Canton","WIKIPEDIA"
"cdo_011","BRIGAND","HUBERT","M",1952-07-28,"CONSEILLER MUNICIPAL",1989-03-12,1995-06-10,"FM",NA,NA,NA,NA,NA,NA,"CHATILLON SUR SEINE","Commune","WIKIPEDIA"
"cdo_011","BRIGAND","HUBERT","M",1952-07-28,"CONSEILLER MUNICIPAL",1995-06-11,2001-03-10,"FM","M",1995-06-11,2001-03-10,"FM",NA,NA,"CHATILLON SUR SEINE","Commune","WIKIPEDIA"
"cdo_011","BRIGAND","HUBERT","M",1952-07-28,"CONSEILLER MUNICIPAL",2001-03-11,2008-03-01,"FM","M",2001-03-11,2008-03-01,"FM",NA,NA,"CHATILLON SUR SEINE","Commune","WIKIPEDIA"
"cdo_011","BRIGAND","HUBERT","M",1952-07-28,"CONSEILLER MUNICIPAL",2008-03-09,2014-03-20,"FM","M",2008-03-09,2014-03-20,"FM",NA,NA,"CHATILLON SUR SEINE","Commune","WIKIPEDIA"
"cdo_011","BRIGAND","HUBERT","M",1952-07-28,"CONSEILLER MUNICIPAL",2014-03-30,2020-06-20,"FM","M",2014-03-30,2020-06-20,"FM",NA,NA,"CHATILLON SUR SEINE","Commune","WIKIPEDIA"
"cdo_011","BRIGAND","HUBERT","M",1952-07-28,"CONSEILLER MUNICIPAL",2020-06-28,2022-09-07,"DM","M",2020-06-28,2022-09-07,"CUMUL",NA,NA,"CHATILLON SUR SEINE","Commune","WIKIPEDIA"
