NomDeNaissance;Prenom;Sexe;DateDeNaissance;TypeMandat;DateDebutMandat;DateFinMandat;MotifFinMandat;TypeFonction;DateDebutFonction;DateFinFonction;MotifFinFonction;NuancePolitique;IdTerritoire;NomTerritoire;TypeTerritoire;Sources
ALMEIDA;JOSE;M;NA;CONSEILLER MUNICIPAL;23/03/2014;10/03/2020;FM;M;23/03/2014;10/03/2020;FM;SOC;NA;LONGVIC;Commune;WIKIPEDIA
ALMEIDA;JOSE;M;NA;CONSEILLER MUNICIPAL;20/03/2020;NA;NA;M;20/03/2020;NA;NA;SOC;NA;LONGVIC;Commune;WIKIPEDIA
BACHELARD;MICHEL;M;17/09/1948;CONSEILLER MUNICIPAL;06/03/1983;10/03/1989;FM;1er ADJOINT;01/01/1984;10/03/1989;FM;SOC;NA;QUETIGNY;Commune;WIKIPEDIA
BACHELARD;MICHEL;M;17/09/1948;CONSEILLER MUNICIPAL;12/03/1989;10/06/1995;FM;1er ADJOINT;12/03/1989;10/06/1995;FM;SOC;NA;QUETIGNY;Commune;WIKIPEDIA
BACHELARD;MICHEL;M;17/09/1948;CONSEILLER MUNICIPAL;11/06/1995;10/03/2001;FM;1er ADJOINT;11/06/1995;10/03/2001;FM;SOC;NA;QUETIGNY;Commune;WIKIPEDIA
BACHELARD;MICHEL;M;17/09/1948;CONSEILLER MUNICIPAL;11/03/2001;01/03/2008;FM;M;01/02/2003;01/03/2008;FM;SOC;NA;QUETIGNY;Commune;WIKIPEDIA
BACHELARD;MICHEL;M;17/09/1948;CONSEILLER MUNICIPAL;09/03/2008;20/03/2014;FM;M;09/03/2008;20/03/2014;FM;SOC;NA;QUETIGNY;Commune;WIKIPEDIA
BACHELARD;MICHEL;M;17/09/1948;CONSEILLER DEPARTEMENTAL;20/03/2011;20/03/2015;FM;NA;NA;NA;NA;SOC;NA;DIJON 2;Canton;WIKIPEDIA
BACHELARD;MICHEL;M;17/09/1948;CONSEILLER MUNICIPAL;23/03/2014;22/01/2016;DM;M;23/03/2014;22/01/2016;DM;SOC;NA;QUETIGNY;Commune;WIKIPEDIA
BAILLY;HENRI;M;14/05/1891;CONSEILLER MUNICIPAL;26/04/1953;05/03/1959;FM;NA;NA;NA;FM;CNI;65024;CHENOVE;Commune;ARCHIVES
BAILLY;HENRI;M;14/05/1891;CONSEILLER MUNICIPAL;08/03/1959;10/03/1965;FM;M;08/03/1959;10/03/1965;FM;CNI;65024;CHENOVE;Commune;ARCHIVES
BAILLY;HENRI;M;14/05/1891;CONSEILLER MUNICIPAL;14/03/1965;10/03/1971;FM;M;14/03/1965;10/03/1971;FM;CNI;65024;CHENOVE;Commune;ARCHIVES
BARBIER;BERNARD;M;30/06/1924;CONSEILLER MUNICIPAL;01/01/1969;10/03/1971;FM;M;01/01/1969;10/03/1971;FM;NA;39236;NUITS SAINT GEORGES;Commune;BOTTIN CdO
BARBIER;BERNARD;M;30/06/1924;CONSEILLER DEPARTEMENTAL;01/05/1969;20/03/1973;FM;VP;01/05/1969;20/03/1973;FM;NA;21_35-20;NUITS SAINT GEORGES;Canton;BOTTIN CdO
BARBIER;BERNARD;M;30/06/1924;CONSEILLER MUNICIPAL;14/03/1971;10/03/1977;FM;M;14/03/1971;10/03/1977;FM;NA;39236;NUITS SAINT GEORGES;Commune;BOTTIN CdO
BARBIER;BERNARD;M;30/06/1924;CONSEILLER DEPARTEMENTAL;23/09/1973;15/03/1979;FM;VP;23/09/1973;15/03/1979;FM;NA;21_35-20;NUITS SAINT GEORGES;Canton;BOTTIN CdO
BARBIER;BERNARD;M;30/06/1924;CONSEILLER MUNICIPAL;13/03/1977;05/03/1983;FM;M;13/03/1977;05/03/1983;FM;NA;39236;NUITS SAINT GEORGES;Commune;BOTTIN CdO
BARBIER;BERNARD;M;30/06/1924;CONSEILLER DEPARTEMENTAL;18/03/1979;09/03/1985;FM;VP;18/03/1979;09/03/1985;FM;NA;21_35-20;NUITS SAINT GEORGES;Canton;BOTTIN CdO
BARBIER;BERNARD;M;30/06/1924;SENATEUR;06/07/1979;10/09/1980;FM;NA;NA;NA;NA;UDF;NA;COTE D OR;Departement;WIKIPEDIA
BARBIER;BERNARD;M;30/06/1924;SENATEUR;28/09/1980;20/09/1989;FM;NA;NA;NA;NA;UDF;NA;COTE D OR;Departement;WIKIPEDIA
BARBIER;BERNARD;M;30/06/1924;CONSEILLER MUNICIPAL;06/03/1983;10/03/1989;FM;M;06/03/1983;10/03/1989;FM;NA;39236;NUITS SAINT GEORGES;Commune;BOTTIN CdO
BARBIER;BERNARD;M;30/06/1924;CONSEILLER DEPARTEMENTAL;10/03/1985;20/03/1992;FM;VP;10/03/1985;20/03/1992;FM;NA;21_35-20;NUITS SAINT GEORGES;Canton;BOTTIN CdO
BARBIER;BERNARD;M;30/06/1924;CONSEILLER MUNICIPAL;12/03/1989;10/06/1995;FM;M;12/03/1989;10/06/1995;FM;NA;39236;NUITS SAINT GEORGES;Commune;BOTTIN CdO
BARBIER;BERNARD;M;30/06/1924;SENATEUR;24/09/1989;25/02/1998;DC;NA;NA;NA;NA;UDF;NA;COTE D OR;Departement;WIKIPEDIA
BARBIER;BERNARD;M;30/06/1924;CONSEILLER MUNICIPAL;11/06/1995;25/02/1998;DC;M;11/06/1995;25/02/1998;DC;NA;39236;NUITS SAINT GEORGES;Commune;BOTTIN CdO
BERGER;HENRY;M;04/04/1920;CONSEILLER DEPARTEMENTAL;20/04/1958;05/03/1964;FM;1er VP;20/04/1958;05/03/1964;FM;NA;21_21-13;FONTAINE FRANCAISE;Canton;BOTTIN CdO
BERGER;HENRY;M;04/04/1920;CONSEILLER MUNICIPAL;08/03/1959;10/03/1965;FM;M;01/01/1960;10/03/1965;FM;NA;38385;FONTAINE FRANCAISE;Commune;BOTTIN CdO
BERGER;HENRY;M;04/04/1920;DEPUTE;18/11/1962;01/03/1967;FM;NA;NA;NA;NA;RPR;66982;2EME CIRCONSCRIPTION COTE D OR;Circonscription Legislative;BOTTIN CdO
BERGER;HENRY;M;04/04/1920;CONSEILLER DEPARTEMENTAL;08/03/1964;20/09/1970;FM;1er VP;08/03/1964;20/09/1970;FM;NA;21_21-13;FONTAINE FRANCAISE;Canton;BOTTIN CdO
BERGER;HENRY;M;04/04/1920;CONSEILLER MUNICIPAL;14/03/1965;10/03/1971;FM;M;14/03/1965;10/03/1971;FM;NA;38385;FONTAINE FRANCAISE;Commune;BOTTIN CdO
BERGER;HENRY;M;04/04/1920;DEPUTE;05/03/1967;20/06/1968;FM;NA;NA;NA;NA;RPR;66982;2EME CIRCONSCRIPTION COTE D OR;Circonscription Legislative;BOTTIN CdO
BERGER;HENRY;M;04/04/1920;DEPUTE;23/06/1968;01/03/1973;FM;NA;NA;NA;NA;RPR;66982;2EME CIRCONSCRIPTION COTE D OR;Circonscription Legislative;BOTTIN CdO
BERGER;HENRY;M;04/04/1920;CONSEILLER DEPARTEMENTAL;23/09/1970;05/03/1976;FM;1er VP;23/09/1970;05/03/1976;FM;NA;21_21-13;FONTAINE FRANCAISE;Canton;BOTTIN CdO
BERGER;HENRY;M;04/04/1920;CONSEILLER MUNICIPAL;14/03/1971;10/03/1977;FM;M;14/03/1971;10/03/1977;FM;NA;38385;FONTAINE FRANCAISE;Commune;BOTTIN CdO
BERGER;HENRY;M;04/04/1920;DEPUTE;04/03/1973;10/03/1978;FM;NA;NA;NA;NA;RPR;66982;2EME CIRCONSCRIPTION COTE D OR;Circonscription Legislative;BOTTIN CdO
BERGER;HENRY;M;04/04/1920;CONSEILLER DEPARTEMENTAL;07/03/1976;10/03/1982;FM;1er VP;07/03/1976;10/03/1982;FM;NA;21_21-13;FONTAINE FRANCAISE;Canton;BOTTIN CdO
BERGER;HENRY;M;04/04/1920;CONSEILLER MUNICIPAL;13/03/1977;05/03/1983;FM;M;13/03/1977;05/03/1983;FM;NA;38385;FONTAINE FRANCAISE;Commune;BOTTIN CdO
BERGER;HENRY;M;04/04/1920;DEPUTE;12/03/1978;10/06/1981;FM;NA;NA;NA;NA;RPR;66982;2EME CIRCONSCRIPTION COTE D OR;Circonscription Legislative;BOTTIN CdO
BERGER;HENRY;M;04/04/1920;CONSEILLER DEPARTEMENTAL;13/03/1982;20/09/1988;FM;1er VP;13/03/1982;20/09/1988;FM;NA;21_21-13;FONTAINE FRANCAISE;Canton;BOTTIN CdO
BERGER;HENRY;M;04/04/1920;CONSEILLER MUNICIPAL;06/03/1983;10/03/1989;FM;M;06/03/1983;10/03/1989;FM;NA;38385;FONTAINE FRANCAISE;Commune;BOTTIN CdO
BERGER;HENRY;M;04/04/1920;CONSEILLER REGIONAL;16/03/1986;20/03/1992;FM;NA;NA;NA;NA;NA;1790_20;COTE D OR;Departement;BOTTIN CdO
BERGER;HENRY;M;04/04/1920;CONSEILLER DEPARTEMENTAL;25/09/1988;15/03/1994;FM;P;25/09/1988;15/03/1994;FM;NA;21_21-13;FONTAINE FRANCAISE;Canton;BOTTIN CdO
BERGER;HENRY;M;04/04/1920;CONSEILLER MUNICIPAL;12/03/1989;01/01/1992;AU;M;12/03/1989;01/01/1992;AU;NA;38385;FONTAINE FRANCAISE;Commune;BOTTIN CdO
BERTHAUD;DOMINIQUE;M;NA;CONSEILLER MUNICIPAL;10/07/1910;01/05/1925;FM;M;10/07/1910;01/05/1925;FM;SFIO;NA;LONGVIC;Commune;WIKIPEDIA
BERTHAUD;DOMINIQUE;M;NA;CONSEILLER MUNICIPAL;03/05/1925;01/05/1929;FM;M;03/05/1925;01/05/1929;FM;SFIO;NA;LONGVIC;Commune;WIKIPEDIA
BERTHAUD;DOMINIQUE;M;NA;CONSEILLER MUNICIPAL;05/05/1929;01/05/1935;FM;M;05/05/1929;01/05/1935;FM;SFIO;NA;LONGVIC;Commune;WIKIPEDIA
BERTHAUD;DOMINIQUE;M;NA;CONSEILLER MUNICIPAL;05/05/1935;25/04/1945;FM;M;05/05/1935;25/04/1945;FM;SFIO;NA;LONGVIC;Commune;WIKIPEDIA
BERTHAUD;DOMINIQUE;M;NA;CONSEILLER MUNICIPAL;29/04/1945;10/10/1947;FM;M;29/04/1945;10/10/1947;FM;SFIO;NA;LONGVIC;Commune;WIKIPEDIA
BERTHAUD;DOMINIQUE;M;NA;CONSEILLER MUNICIPAL;19/10/1947;20/04/1953;FM;M;19/10/1947;20/04/1953;FM;SFIO;NA;LONGVIC;Commune;WIKIPEDIA
BERTHAUD;DOMINIQUE;M;NA;CONSEILLER MUNICIPAL;26/05/1953;05/03/1959;FM;M;26/05/1953;05/03/1959;FM;SFIO;NA;LONGVIC;Commune;WIKIPEDIA
BERTHAUD;DOMINIQUE;M;NA;CONSEILLER MUNICIPAL;08/03/1959;01/01/1963;DC;M;08/03/1959;01/01/1963;DC;SFIO;NA;LONGVIC;Commune;WIKIPEDIA
BOURGOIN;GEORGES;M;NA;CONSEILLER MUNICIPAL;13/03/1977;05/03/1983;FM;M;13/03/1977;05/03/1983;FM;NA;40756;FONTAINE LES DIJON;Commune;ARCHIVES
BOUZIANE LAROUSSI;KHEIRA;F;23/08/1953;CONSEILLER MUNICIPAL;09/03/2008;20/03/2014;FM;NA;NA;NA;NA;SOC;NA;QUETIGNY;Commune;WIKIPEDIA
BOUZIANE LAROUSSI;KHEIRA;F;23/08/1953;DEPUTE;20/06/2012;10/06/2017;FM;NA;NA;NA;NA;SOC;NA;3EME CIRCONSCRIPTION COTE D OR;Circonscription Legislative;WIKIPEDIA
BOUZIANE LAROUSSI;KHEIRA;F;23/08/1953;CONSEILLER MUNICIPAL;23/03/2014;10/03/2020;FM;NA;NA;NA;NA;SOC;NA;QUETIGNY;Commune;WIKIPEDIA
BRENOT;LUCIEN;M;29/03/1948;CONSEILLER MUNICIPAL;06/03/1983;10/03/1989;FM;M;06/03/1983;10/03/1989;FM;UMP;66183;CHEVIGNY SAINT SAUVEUR;Commune;ARCHIVES
BRENOT;LUCIEN;M;29/03/1948;CONSEILLER MUNICIPAL;12/03/1989;10/06/1995;FM;M;12/03/1989;10/06/1995;FM;UMP;66183;CHEVIGNY SAINT SAUVEUR;Commune;ARCHIVES
BRENOT;LUCIEN;M;29/03/1948;DEPUTE;21/03/1993;20/05/1997;FM;NA;NA;NA;NA;UMP;NA;3EME CIRCONSCRIPTION COTE D OR;Circonscription Legislative;WIKIPEDIA
BRENOT;LUCIEN;M;29/03/1948;CONSEILLER MUNICIPAL;11/06/1995;10/03/2001;FM;M;11/06/1995;10/03/2001;FM;UMP;65024;CHEVIGNY SAINT SAUVEUR;Commune;ARCHIVES
BRENOT;LUCIEN;M;29/03/1948;CONSEILLER MUNICIPAL;11/03/2001;01/03/2008;FM;NA;NA;NA;NA;UMP;NA;CHEVIGNY SAINT SAUVEUR;Commune;WIKIPEDIA
BRENOT;LUCIEN;M;29/03/1948;CONSEILLER MUNICIPAL;09/03/2008;13/10/2012;DC;NA;NA;NA;NA;UMP;NA;CHEVIGNY SAINT SAUVEUR;Commune;WIKIPEDIA
CARMINATI;BAPTISTE;M;NA;CONSEILLER MUNICIPAL;06/03/1983;10/03/1989;FM;M;06/03/1983;10/03/1989;FM;RPR;NA;TALANT;Commune;BIEN PUBLIC
CARMINATI;BAPTISTE;M;NA;CONSEILLER MUNICIPAL;12/03/1989;10/06/1995;FM;M;12/03/1989;10/06/1995;FM;RPR;NA;TALANT;Commune;BIEN PUBLIC
CARMINATI;BAPTISTE;M;NA;CONSEILLER MUNICIPAL;11/06/1995;01/01/1997;DM;M;11/06/1995;01/01/1997;DM;RPR;NA;TALANT;Commune;BIEN PUBLIC
CARRAZ;ROLAND;M;18/05/1943;CONSEILLER MUNICIPAL;13/03/1977;05/03/1983;FM;M;13/03/1977;05/03/1983;FM;SOC;65024;CHENOVE;Commune;BOTTIN CdO
CARRAZ;ROLAND;M;18/05/1943;DEPUTE;14/06/1981;01/03/1983;AU;NA;NA;NA;NA;SOC;66981;1ERE CIRCONSCRIPTION COTE D OR;Circonscription Legislative;BOTTIN CdO
CARRAZ;ROLAND;M;18/05/1943;CONSEILLER MUNICIPAL;06/03/1983;10/03/1989;FM;M;06/03/1983;10/03/1989;FM;SOC;65024;CHENOVE;Commune;BOTTIN CdO
CARRAZ;ROLAND;M;18/05/1943;CONSEILLER DEPARTEMENTAL;10/03/1985;20/03/1992;FM;NA;NA;NA;NA;SOC;21_16-11;DIJON 4;Canton;BOTTIN CdO
CARRAZ;ROLAND;M;18/05/1943;DEPUTE;16/03/1986;01/06/1988;FM;NA;NA;NA;NA;SOC;66983;3EME CIRCONSCRIPTION COTE D OR;Circonscription Legislative;BOTTIN CdO
CARRAZ;ROLAND;M;18/05/1943;DEPUTE;05/06/1988;20/03/1993;FM;NA;NA;NA;NA;SOC;66983;3EME CIRCONSCRIPTION COTE D OR;Circonscription Legislative;BOTTIN CdO
CARRAZ;ROLAND;M;18/05/1943;CONSEILLER MUNICIPAL;12/03/1989;10/06/1995;FM;M;12/03/1989;10/06/1995;FM;SOC;65024;CHENOVE;Commune;BOTTIN CdO
CARRAZ;ROLAND;M;18/05/1943;CONSEILLER DEPARTEMENTAL;22/03/1992;10/03/1998;FM;NA;NA;NA;NA;SOC;21_16-11;DIJON 4;Canton;BOTTIN CdO
CARRAZ;ROLAND;M;18/05/1943;CONSEILLER REGIONAL;22/03/1992;01/04/1992;DEM;NA;NA;NA;NA;SOC;NA;COTE D OR;Departement;WIKIPEDIA
CARRAZ;ROLAND;M;18/05/1943;CONSEILLER MUNICIPAL;11/03/1995;09/12/1999;DC;M;11/03/1995;09/12/1999;DC;SOC;65024;CHENOVE;Commune;ARCHIVES
CARRAZ;ROLAND;M;18/05/1943;CONSEILLER MUNICIPAL;11/06/1995;09/12/1999;DC;M;11/06/1995;09/12/1999;DC;SOC;65024;CHENOVE;Commune;BOTTIN CdO
CARRAZ;ROLAND;M;18/05/1943;DEPUTE;25/05/1997;09/12/1999;DC;NA;NA;NA;NA;SOC;66983;3EME CIRCONSCRIPTION COTE D OR;Circonscription Legislative;BOTTIN CdO
CARRAZ;ROLAND;M;18/05/1943;CONSEILLER DEPARTEMENTAL;15/03/1998;09/12/1999;DC;NA;NA;NA;NA;SOC;21_16-11;DIJON 4;Canton;BOTTIN CdO
CHAPUIS;PATRICK;M;17/08/1955;CONSEILLER MUNICIPAL;06/03/1983;10/03/1989;FM;NA;NA;NA;NA;LR;NA;FONTAINE LES DIJON;Commune;PRESSE
CHAPUIS;PATRICK;M;17/08/1955;CONSEILLER MUNICIPAL;12/03/1989;10/06/1995;FM;NA;NA;NA;NA;LR;NA;FONTAINE LES DIJON;Commune;PRESSE
CHAPUIS;PATRICK;M;17/08/1955;CONSEILLER MUNICIPAL;11/06/1995;10/03/2001;FM;NA;NA;NA;NA;LR;NA;FONTAINE LES DIJON;Commune;PRESSE
CHAPUIS;PATRICK;M;17/08/1955;CONSEILLER MUNICIPAL;11/03/2001;01/03/2008;FM;M;11/03/2001;01/03/2008;FM;LR;NA;FONTAINE LES DIJON;Commune;PRESSE
CHAPUIS;PATRICK;M;17/08/1955;CONSEILLER MUNICIPAL;09/03/2008;20/03/2014;FM;M;09/03/2008;20/03/2014;FM;LR;NA;FONTAINE LES DIJON;Commune;PRESSE
CHAPUIS;PATRICK;M;17/08/1955;CONSEILLER MUNICIPAL;23/03/2014;10/03/2020;FM;M;23/03/2014;10/03/2020;FM;LR;NA;FONTAINE LES DIJON;Commune;PRESSE
CHAPUIS;PATRICK;M;17/08/1955;CONSEILLER DEPARTEMENTAL;29/03/2015;20/06/2021;FM;VP;29/03/2015;20/06/2021;FM;LR;NA;FONTAINE LES DIJON;Canton;PRESSE
CHAPUIS;PATRICK;M;17/08/1955;CONSEILLER MUNICIPAL;20/03/2020;NA;NA;M;20/03/2020;NA;NA;LR;NA;FONTAINE LES DIJON;Commune;PRESSE
CHARLES;PIERRE;M;21/06/1924;CONSEILLER MUNICIPAL;26/04/1953;05/03/1959;FM;NA;NA;NA;NA;NA;64967;LIERNAIS;Commune;BOTTIN CdO
CHARLES;PIERRE;M;21/06/1924;CONSEILLER MUNICIPAL;08/03/1959;10/03/1965;FM;NA;NA;NA;NA;NA;64967;LIERNAIS;Commune;BOTTIN CdO
CHARLES;PIERRE;M;21/06/1924;CONSEILLER DEPARTEMENTAL;08/03/1964;20/09/1970;FM;NA;NA;NA;NA;NA;21_29-19;LIERNAIS;Canton;BOTTIN CdO
CHARLES;PIERRE;M;21/06/1924;CONSEILLER MUNICIPAL;14/03/1965;10/03/1971;FM;NA;NA;NA;NA;NA;64967;LIERNAIS;Commune;BOTTIN CdO
CHARLES;PIERRE;M;21/06/1924;DEPUTE;05/03/1967;20/06/1968;FM;NA;NA;NA;NA;SOC;66983;3EME CIRCONSCRIPTION COTE D OR;Circonscription Legislative;BOTTIN CdO
CHARLES;PIERRE;M;21/06/1924;CONSEILLER DEPARTEMENTAL;23/09/1970;05/03/1976;FM;NA;NA;NA;NA;NA;21_29-19;LIERNAIS;Canton;BOTTIN CdO
CHARLES;PIERRE;M;21/06/1924;CONSEILLER MUNICIPAL;14/03/1971;10/03/1977;FM;NA;NA;NA;NA;NA;64967;LIERNAIS;Commune;BOTTIN CdO
CHARLES;PIERRE;M;21/06/1924;DEPUTE;01/10/1974;10/03/1978;FM;NA;NA;NA;NA;SOC;66983;3EME CIRCONSCRIPTION COTE D OR;Circonscription Legislative;BOTTIN CdO
CHARLES;PIERRE;M;21/06/1924;CONSEILLER DEPARTEMENTAL;07/03/1976;10/03/1982;FM;NA;NA;NA;NA;NA;21_29-19;LIERNAIS;Canton;BOTTIN CdO
CHARLES;PIERRE;M;21/06/1924;CONSEILLER MUNICIPAL;13/03/1977;05/03/1983;FM;NA;NA;NA;NA;NA;64967;LIERNAIS;Commune;BOTTIN CdO
CHARLES;PIERRE;M;21/06/1924;CONSEILLER DEPARTEMENTAL;14/03/1982;20/09/1988;FM;NA;NA;NA;NA;NA;21_29-19;LIERNAIS;Canton;BOTTIN CdO
CHARLES;PIERRE;M;21/06/1924;CONSEILLER MUNICIPAL;06/03/1983;10/03/1989;FM;NA;NA;NA;NA;NA;64967;LIERNAIS;Commune;BOTTIN CdO
COLSON;MAURICE;M;01/01/1932;CONSEILLER MUNICIPAL;01/02/1986;10/03/1989;FM;M;01/02/1986;10/03/1989;FM;DVD;55032;LONGVIC;Commune;WIKIPEDIA
COLSON;MAURICE;M;01/01/1932;CONSEILLER MUNICIPAL;12/03/1989;05/06/1995;FM;M;12/03/1989;05/06/1995;FM;DVD;55032;LONGVIC;Commune;WIKIPEDIA
DARCIAUX;CLAUDE;F;18/10/1942;CONSEILLER MUNICIPAL;06/03/1983;10/03/1989;FM;NA;NA;NA;NA;SOC;NA;LONGVIC;Commune;WIKIPEDIA
DARCIAUX;CLAUDE;F;18/10/1942;CONSEILLER MUNICIPAL;12/03/1989;10/06/1995;FM;NA;NA;NA;NA;SOC;NA;LONGVIC;Commune;WIKIPEDIA
DARCIAUX;CLAUDE;F;18/10/1942;CONSEILLER MUNICIPAL;11/06/1995;10/03/2001;FM;ADJOINT;11/06/1995;10/03/2001;FM;SOC;NA;LONGVIC;Commune;WIKIPEDIA
DARCIAUX;CLAUDE;F;18/10/1942;CONSEILLER MUNICIPAL;11/03/2001;01/03/2008;FM;ADJOINT;11/03/2001;10/06/2005;AU;SOC;NA;LONGVIC;Commune;WIKIPEDIA
DARCIAUX;CLAUDE;F;18/10/1942;CONSEILLER MUNICIPAL;11/03/2001;01/03/2008;FM;M;21/06/2005;01/03/2008;FM;SOC;NA;LONGVIC;Commune;WIKIPEDIA
DARCIAUX;CLAUDE;F;18/10/1942;DEPUTE;09/06/2002;10/06/2007;FM;NA;NA;NA;NA;SOC;NA;3EME CIRCONSCRIPTION COTE D OR;Circonscription Legislative;WIKIPEDIA
DARCIAUX;CLAUDE;F;18/10/1942;DEPUTE;17/06/2007;10/06/2012;FM;NA;NA;NA;NA;SOC;NA;3EME CIRCONSCRIPTION COTE D OR;Circonscription Legislative;WIKIPEDIA
DARCIAUX;CLAUDE;F;18/10/1942;CONSEILLER MUNICIPAL;09/03/2008;20/03/2014;FM;M;09/03/2008;20/03/2014;FM;SOC;NA;LONGVIC;Commune;WIKIPEDIA
DE BROISSIA;LOUIS;M;01/06/1943;CONSEILLER MUNICIPAL;14/03/1971;10/03/1977;FM;NA;NA;NA;NA;NA;NA;BLAGNY SUR VINGEANNE;Commune;WIKIPEDIA
DE BROISSIA;LOUIS;M;01/06/1943;CONSEILLER MUNICIPAL;13/03/1977;05/03/1983;FM;NA;NA;NA;NA;NA;NA;BLAGNY SUR VINGEANNE;Commune;WIKIPEDIA
DE BROISSIA;LOUIS;M;01/06/1943;CONSEILLER MUNICIPAL;06/03/1983;10/03/1989;FM;NA;NA;NA;NA;NA;NA;BLAGNY SUR VINGEANNE;Commune;WIKIPEDIA
DE BROISSIA;LOUIS;M;01/06/1943;CONSEILLER DEPARTEMENTAL;10/03/1985;20/03/1992;FM;NA;NA;NA;NA;NA;21_31-20;MIREBEAU SUR BEZE;Canton;BOTTIN CdO
DE BROISSIA;LOUIS;M;01/06/1943;CONSEILLER REGIONAL;16/03/1986;01/09/1988;AU;NA;NA;NA;NA;NA;1790_20;COTE D OR;Departement;BOTTIN CdO
DE BROISSIA;LOUIS;M;01/06/1943;DEPUTE;05/06/1988;20/03/1993;FM;NA;NA;NA;NA;RPR;66982;2EME CIRCONSCRIPTION COTE D OR;Circonscription Legislative;BOTTIN CdO
DE BROISSIA;LOUIS;M;01/06/1943;CONSEILLER MUNICIPAL;12/03/1989;05/06/1995;FM;NA;NA;NA;NA;NA;NA;BLAGNY SUR VINGEANNE;Commune;WIKIPEDIA
DE BROISSIA;LOUIS;M;01/06/1943;CONSEILLER DEPARTEMENTAL;22/03/1992;10/03/1998;FM;P;01/04/1994;10/03/1998;FM;NA;21_31-20;MIREBEAU SUR BEZE;Canton;BOTTIN CdO
DE BROISSIA;LOUIS;M;01/06/1943;DEPUTE;21/03/1993;20/05/1997;FM;NA;NA;NA;NA;RPR;66982;2EME CIRCONSCRIPTION COTE D OR;Circonscription Legislative;BOTTIN CdO
DE BROISSIA;LOUIS;M;01/06/1943;CONSEILLER MUNICIPAL;19/06/1995;10/03/2001;FM;NA;NA;NA;NA;NA;NA;BLAGNY SUR VINGEANNE;Commune;WIKIPEDIA
DE BROISSIA;LOUIS;M;01/06/1943;CONSEILLER DEPARTEMENTAL;15/03/1998;20/03/2004;FM;P;15/03/1998;20/03/2004;FM;NA;21_31-20;MIREBEAU SUR BEZE;Canton;BOTTIN CdO
DE BROISSIA;LOUIS;M;01/06/1943;SENATEUR;27/09/1998;20/09/2008;FM;NA;NA;NA;NA;UMP;NA;COTE D OR;Departement;WIKIPEDIA
DE BROISSIA;LOUIS;M;01/06/1943;CONSEILLER MUNICIPAL;11/03/2001;01/03/2008;FM;NA;NA;NA;NA;NA;NA;BLAGNY SUR VINGEANNE;Commune;WIKIPEDIA
DE BROISSIA;LOUIS;M;01/06/1943;CONSEILLER DEPARTEMENTAL;21/03/2004;20/03/2011;FM;NA;NA;NA;NA;NA;NA;MIREBEAU SUR BEZE;Canton;WIKIPEDIA
DE BROISSIA;LOUIS;M;01/06/1943;CONSEILLER MUNICIPAL;09/03/2008;20/03/2014;FM;NA;NA;NA;NA;NA;NA;BLAGNY SUR VINGEANNE;Commune;WIKIPEDIA
DE BROISSIA;LOUIS;M;01/06/1943;CONSEILLER MUNICIPAL;23/03/2014;10/03/2020;FM;NA;NA;NA;NA;NA;NA;BLAGNY SUR VINGEANNE;Commune;WIKIPEDIA
DE COURSON;YOLAINE;F;14/07/1954;CONSEILLER MUNICIPAL;23/03/2014;10/03/2020;FM;M;23/03/2014;10/06/2017;CUMUL;NA;NA;ARRANS;Commune;WIKIPEDIA
DE COURSON;YOLAINE;F;14/07/1954;DEPUTE;11/06/2017;10/06/2022;FM;NA;NA;NA;NA;LREM;NA;4EME CIRCONSCRIPTION COTE D OR;Circonscription Legislative;WIKIPEDIA
DELATTE;CHARLES;M;10/01/1922;DEPUTE EUROPEEN;07/06/1979;10/06/1984;FM;NA;NA;NA;NA;NA;NA;NA;NA;BOTTIN CdO
DELATTE;REMI;M;09/06/1956;CONSEILLER MUNICIPAL;13/03/1983;10/03/1989;FM;NA;NA;NA;NA;UDF;47564;DIJON;Commune;BOTTIN CdO
DELATTE;CHARLES;M;10/01/1922;CONSEILLER REGIONAL;16/03/1986;20/03/1992;FM;NA;NA;NA;NA;NA;1790_20;COTE D OR;Departement;BOTTIN CdO
DELATTE;REMI;M;09/06/1956;CONSEILLER MUNICIPAL;12/03/1989;19/03/1995;FM;NA;NA;NA;NA;UDF;NA;DIJON;Commune;BOTTIN CdO
DELATTE;REMI;M;09/06/1956;CONSEILLER MUNICIPAL;19/06/1995;10/03/2001;FM;M;19/06/1995;10/03/2001;FM;UDF;60761;SAINT APOLLINAIRE;Commune;BOTTIN CdO
DELATTE;REMI;M;09/06/1956;CONSEILLER REGIONAL;15/03/1998;20/03/2004;FM;NA;NA;NA;NA;UMP;1790_20;COTE D OR;Departement;BOTTIN CdO
DELATTE;REMI;M;09/06/1956;CONSEILLER MUNICIPAL;11/03/2001;01/03/2008;FM;M;11/03/2001;01/03/2008;FM;UMP;NA;SAINT APOLLINAIRE;Commune;WIKIPEDIA
DELATTE;REMI;M;09/06/1956;CONSEILLER REGIONAL;21/03/2004;15/07/2007;DEM;NA;NA;NA;NA;UMP;1790_20;COTE D OR;Departement;BOTTIN CdO
DELATTE;REMI;M;09/06/1956;DEPUTE;20/06/2007;10/06/2012;FM;NA;NA;NA;NA;UMP;NA;2EME CIRCONSCRIPTION COTE D OR;Circonscription Legislative;WIKIPEDIA
DELATTE;REMI;M;09/06/1956;CONSEILLER MUNICIPAL;09/03/2008;20/03/2014;FM;M;09/03/2008;20/03/2014;FM;UMP;NA;SAINT APOLLINAIRE;Commune;WIKIPEDIA
DELATTE;REMI;M;09/06/1956;DEPUTE;12/06/2012;10/06/2017;FM;NA;NA;NA;NA;LR;NA;2EME CIRCONSCRIPTION COTE D OR;Circonscription Legislative;WIKIPEDIA
DELATTE;REMI;M;09/06/1956;CONSEILLER MUNICIPAL;23/03/2014;10/03/2020;FM;M;23/03/2014;10/06/017;AU;LR;NA;SAINT APOLLINAIRE;Commune;WIKIPEDIA
DELATTE;REMI;M;09/06/1956;DEPUTE;16/06/2017;10/06/2022;FM;NA;NA;NA;NA;LR;NA;2EME CIRCONSCRIPTION COTE D OR;Circonscription Legislative;WIKIPEDIA
DEPIERRE;BERNARD;M;06/06/1945;CONSEILLER MUNICIPAL;13/03/1977;05/03/1983;FM;NA;NA;NA;NA;RPR;47564;DIJON;Commune;BOTTIN CdO
DEPIERRE;BERNARD;M;06/06/1945;CONSEILLER MUNICIPAL;06/03/1983;10/03/1989;FM;NA;NA;NA;NA;RPR;47564;DIJON;Commune;BOTTIN CdO
DEPIERRE;BERNARD;M;06/06/1945;CONSEILLER MUNICIPAL;12/03/1989;10/06/1995;FM;NA;NA;NA;NA;RPR;47564;DIJON;Commune;BOTTIN CdO
DEPIERRE;BERNARD;M;06/06/1945;CONSEILLER DEPARTEMENTAL;20/03/1994;10/04/2001;FM;NA;NA;NA;NA;NA;21_19-41;DIJON 7;Canton;BOTTIN CdO
DEPIERRE;BERNARD;M;06/06/1945;CONSEILLER MUNICIPAL;11/06/1995;10/03/2001;FM;NA;NA;NA;NA;RPR;47564;DIJON;Commune;BOTTIN CdO
DEPIERRE;BERNARD;M;06/06/1945;CONSEILLER MUNICIPAL;11/03/2001;01/07/2002;AU;NA;NA;NA;NA;UMP;47564;DIJON;Commune;BOTTIN CdO
DEPIERRE;BERNARD;M;06/06/1945;DEPUTE;09/06/2002;10/06/2007;FM;NA;NA;NA;NA;UMP;NA;1ERE CIRCONSCRIPTION COTE D OR;Circonscription Legislative;WIKIPEDIA
DEPIERRE;BERNARD;M;06/06/1945;DEPUTE;17/06/2007;10/06/2012;FM;NA;NA;NA;NA;UMP;NA;1ERE CIRCONSCRIPTION COTE D OR;Circonscription Legislative;WIKIPEDIA
DETANG;REMI;M;03/05/1956;CONSEILLER MUNICIPAL;12/03/1989;10/06/1995;FM;NA;NA;NA;NA;SOC;NA;QUETIGNY;Commune;PRESSE
DETANG;REMI;M;03/05/1956;CONSEILLER MUNICIPAL;11/06/1995;10/03/2001;FM;NA;NA;NA;NA;SOC;NA;QUETIGNY;Commune;PRESSE
DETANG;REMI;M;03/05/1956;CONSEILLER MUNICIPAL;11/03/2001;01/03/2008;FM;NA;NA;NA;NA;SOC;NA;QUETIGNY;Commune;PRESSE
DETANG;REMI;M;03/05/1956;CONSEILLER MUNICIPAL;09/03/2008;20/03/2014;FM;NA;NA;NA;NA;SOC;NA;QUETIGNY;Commune;PRESSE
DETANG;REMI;M;03/05/1956;CONSEILLER MUNICIPAL;23/03/2014;10/03/2020;FM;M;01/02/2016;10/03/2020;FM;SOC;NA;QUETIGNY;Commune;PRESSE
DETANG;REMI;M;03/05/1956;CONSEILLER MUNICIPAL;20/03/2020;NA;NA;M;20/03/2020;NA;NA;SOC;NA;QUETIGNY;Commune;PRESSE
DUCHET;ROGER;M;04/07/1904;CONSEILLER MUNICIPAL;29/04/1945;10/10/1947;FM;M;29/04/1945;10/10/1947;FM;NA;48130;BEAUNE;Commune;WIKIPEDIA
DUCHET;ROGER;M;04/07/1904;CONSEILLER MUNICIPAL;19/10/1947;20/04/1953;FM;M;19/10/1947;20/04/1953;FM;NA;48130;BEAUNE;Commune;WIKIPEDIA
DUCHET;ROGER;M;04/07/1904;CONSEILLER MUNICIPAL;26/05/1953;05/03/1959;FM;M;26/05/1953;05/03/1959;FM;NA;48130;BEAUNE;Commune;WIKIPEDIA
DUCHET;ROGER;M;04/07/1904;CONSEILLER MUNICIPAL;08/03/1959;10/03/1965;FM;M;08/03/1959;10/03/1965;FM;NA;48130;BEAUNE;Commune;WIKIPEDIA
DUCHET;ROGER;M;04/07/1904;SENATEUR;26/04/1959;20/09/1962;FM;NA;NA;NA;NA;IND;NA;COTE D OR;Departement;WIKIPEDIA
DUCHET;ROGER;M;04/07/1904;SENATEUR;23/09/1962;01/09/1971;FM;NA;NA;NA;NA;IND;NA;COTE D OR;Departement;WIKIPEDIA
ESMONIN;JEAN;M;27/02/1937;CONSEILLER DEPARTEMENTAL;07/03/1976;10/03/1982;FM;NA;NA;NA;NA;SOC;21_11-38;CHENOVE;Canton;BOTTIN CdO
ESMONIN;JEAN;M;27/02/1937;CONSEILLER DEPARTEMENTAL;14/03/1982;20/09/1988;FM;NA;NA;NA;NA;SOC;21_11-38;CHENOVE;Canton;BOTTIN CdO
ESMONIN;JEAN;M;27/02/1937;CONSEILLER REGIONAL;16/03/1986;20/03/1992;FM;NA;NA;NA;NA;SOC;1790_20;COTE D OR;Departement;BOTTIN CdO
ESMONIN;JEAN;M;27/02/1937;CONSEILLER DEPARTEMENTAL;25/09/1988;15/04/1994;FM;NA;NA;NA;NA;SOC;21_11-38;CHENOVE;Canton;BOTTIN CdO
ESMONIN;JEAN;M;27/02/1937;CONSEILLER DEPARTEMENTAL;20/03/1994;10/04/2001;FM;NA;NA;NA;NA;SOC;21_11-38;CHENOVE;Canton;BOTTIN CdO
ESMONIN;JEAN;M;27/02/1937;CONSEILLER MUNICIPAL;11/03/1995;10/03/2001;FM;M;10/12/1999;10/03/2001;FM;SOC;65024;CHENOVE;Commune;ARCHIVES
ESMONIN;JEAN;M;27/02/1937;CONSEILLER DEPARTEMENTAL;11/03/2001;01/03/2008;FM;NA;NA;NA;NA;SOC;NA;CHENOVE;Canton;WIKIPEDIA
ESMONIN;JEAN;M;27/02/1937;CONSEILLER MUNICIPAL;11/03/2001;01/03/2008;FM;M;11/03/2001;01/03/2008;FM;SOC;NA;CHENOVE;Commune;WIKIPEDIA
ESMONIN;JEAN;M;27/02/1937;CONSEILLER DEPARTEMENTAL;09/03/2008;20/03/2015;FM;NA;NA;NA;NA;SOC;NA;CHENOVE;Canton;WIKIPEDIA
ESMONIN;JEAN;M;27/02/1937;CONSEILLER MUNICIPAL;09/03/2008;20/03/2014;FM;M;09/03/2008;20/03/2014;FM;SOC;NA;CHENOVE;Commune;WIKIPEDIA
ESMONIN;JEAN;M;27/02/1937;CONSEILLER MUNICIPAL;23/09/2014;20/08/2015;DM;M;23/09/2014;20/08/2015;DM;SOC;NA;CHENOVE;Commune;WIKIPEDIA
ETIEVANT;MICHEL;M;12/12/1932;CONSEILLER MUNICIPAL;11/03/1995;10/03/2001;FM;M;11/03/1995;10/03/2001;FM;NA;55032;LONGVIC;Commune;BOTTIN CdO
ETIEVANT;MICHEL;M;12/12/1932;CONSEILLER MUNICIPAL;11/06/1995;10/03/2001;FM;M;11/06/1995;10/03/2001;FM;NA;55032;LONGVIC;Commune;WIKIPEDIA
ETIEVANT;MICHEL;M;12/12/1932;CONSEILLER REGIONAL;15/03/1998;20/03/2004;FM;NA;NA;NA;NA;NA;1790_20;COTE D OR;Departement;BOTTIN CdO
ETIEVANT;MICHEL;M;12/12/1932;DEPUTE;10/12/1999;18/06/2002;FM;NA;NA;NA;NA;NA;66983;3EME CIRCONSCRIPTION COTE D OR;Circonscription Legislative;WIKIPEDIA
ETIEVANT;MICHEL;M;12/12/1932;CONSEILLER MUNICIPAL;11/03/2001;07/07/2006;DC;M;11/03/2001;07/07/2006;DC;NA;55032;LONGVIC;Commune;BOTTIN CdO
FALCONNET;THIERRY;M;27/11/1964;CONSEILLER MUNICIPAL;11/06/1995;10/03/2001;FM;NA;NA;NA;NA;SOC;NA;CHENOVE;Commune;WIKIPEDIA
FALCONNET;THIERRY;M;27/11/1964;CONSEILLER MUNICIPAL;11/03/2001;01/03/2008;FM;NA;NA;NA;NA;SOC;NA;CHENOVE;Commune;WIKIPEDIA
FALCONNET;THIERRY;M;27/11/1964;CONSEILLER MUNICIPAL;09/03/2008;20/03/2014;FM;NA;NA;NA;NA;SOC;NA;CHENOVE;Commune;WIKIPEDIA
FALCONNET;THIERRY;M;27/11/1964;CONSEILLER MUNICIPAL;23/03/2014;10/03/2020;FM;M;01/09/2015;10/03/2020;FM;SOC;NA;CHENOVE;Commune;WIKIPEDIA
FALCONNET;THIERRY;M;27/11/1964;CONSEILLER MUNICIPAL;20/03/2020;NA;FM;M;20/03/2020;NA;NA;SOC;NA;CHENOVE;Commune;WIKIPEDIA
FROUSSART;JEAN;M;16/05/1908;CONSEILLER MUNICIPAL;26/04/1953;05/03/1959;FM;M;26/04/1953;05/03/1959;FM;MRP;66183;CHEVIGNY SAINT SAUVEUR;Commune;ARCHIVES
FROUSSART;JEAN;M;16/05/1908;CONSEILLER MUNICIPAL;08/03/1959;10/03/1965;FM;M;08/03/1959;10/03/1965;FM;MRP;66183;CHEVIGNY SAINT SAUVEUR;Commune;ARCHIVES
FROUSSART;JEAN;M;16/05/1908;CONSEILLER MUNICIPAL;14/03/1965;10/03/1971;FM;M;14/03/1965;10/03/1971;FM;MRP;NA;CHEVIGNY SAINT SAUVEUR;Commune;WIKIPEDIA
FROUSSART;JEAN;M;16/05/1908;CONSEILLER MUNICIPAL;13/03/1971;10/03/1977;FM;M;13/03/1971;10/03/1977;FM;MRP;66183;CHEVIGNY SAINT SAUVEUR;Commune;WIKIPEDIA
GISCLON;JOFFRE;M;14/04/1915;CONSEILLER MUNICIPAL;14/03/1965;10/03/1971;FM;M;14/03/1965;10/03/1971;FM;DVG;35797;TALANT;Commune;WIKIPEDIA
GISCLON;JOFFRE;M;14/04/1915;CONSEILLER MUNICIPAL;14/03/1971;10/03/1977;FM;M;14/03/1971;10/03/1977;FM;DVG;35797;TALANT;Commune;ARCHIVES
GRANDGUILLAUME;LAURENT;M;20/01/1978;CONSEILLER MUNICIPAL;09/03/2008;20/03/2014;FM;ADJOINT;09/03/2008;20/06/2012;AU;SOC;NA;DIJON;Commune;WIKIPEDIA
GRANDGUILLAUME;LAURENT;M;20/01/1978;CONSEILLER DEPARTEMENTAL;21/03/2008;17/06/2012;AU;NA;NA;NA;NA;SOC;NA;DIJON 5;Canton;WIKIPEDIA
GRANDGUILLAUME;LAURENT;M;20/01/1978;DEPUTE;20/06/2012;10/06/2017;FM;NA;NA;NA;NA;SOC;NA;1ERE CIRCONSCRIPTION COTE D OR;Circonscription Legislative;WIKIPEDIA
GRILLOT;LOUIS;M;18/04/1932;CONSEILLER MUNICIPAL;13/03/1977;05/03/1983;FM;M;13/03/1977;05/03/1983;FM;NA;NA;CENSEREY;Commune;WIKIPEDIA
GRILLOT;LOUIS;M;18/04/1932;CONSEILLER MUNICIPAL;06/03/1983;10/03/1989;FM;M;06/03/1983;10/03/1989;FM;NA;NA;CENSEREY;Commune;WIKIPEDIA
GRILLOT;LOUIS;M;18/04/1932;CONSEILLER DEPARTEMENTAL;01/01/1989;01/01/1991;NA;NA;NA;NA;NA;NA;NA;LIERNAIS;Canton;WIKIPEDIA
GRILLOT;LOUIS;M;18/04/1932;CONSEILLER MUNICIPAL;12/03/1989;10/06/1995;FM;M;12/03/1989;10/06/1995;FM;NA;NA;CENSEREY;Commune;WIKIPEDIA
GRILLOT;LOUIS;M;18/04/1932;CONSEILLER MUNICIPAL;11/06/1995;10/03/2001;FM;M;11/06/1995;10/03/2001;FM;NA;NA;CENSEREY;Commune;WIKIPEDIA
GRILLOT;LOUIS;M;18/04/1932;SENATEUR;01/10/1998;20/09/2008;FM;NA;NA;NA;NA;UMP;NA;COTE D OR;Departement;WIKIPEDIA
GRILLOT;LOUIS;M;18/04/1932;CONSEILLER MUNICIPAL;11/03/2001;01/03/2008;FM;M;11/03/2001;01/03/2008;FM;NA;NA;CENSEREY;Commune;WIKIPEDIA
HOUELLE;MICHEL;M;09/08/1933;CONSEILLER MUNICIPAL;13/03/1977;05/03/1983;FM;M;13/03/1977;05/03/1983;FM;SOC;35797;TALANT;Commune;BOTTIN CdO
HOUELLE;MICHEL;M;09/08/1933;CONSEILLER REGIONAL;16/03/1986;01/04/1987;AU;NA;NA;NA;NA;SOC;1790_20;COTE D OR;Departement;BOTTIN CdO
HOUPERT;ALAIN;M;13/08/1957;CONSEILLER MUNICIPAL;11/06/1995;10/03/2001;FM;M;11/06/1995;10/03/2001;FM;NA;NA;SALIVES;Commune;WIKIPEDIA
HOUPERT;ALAIN;M;13/08/1957;CONSEILLER DEPARTEMENTAL;15/03/1998;20/03/2004;FM;NA;NA;NA;NA;LR;21_25-16;GRANCEY LE CHATEAU;Canton;BOTTIN CdO
HOUPERT;ALAIN;M;13/08/1957;CONSEILLER MUNICIPAL;11/03/2001;01/03/2008;FM;M;11/03/2001;01/03/2008;FM;NA;NA;SALIVES;Commune;WIKIPEDIA
HOUPERT;ALAIN;M;13/08/1957;CONSEILLER DEPARTEMENTAL;21/03/2004;15/03/2011;FM;NA;NA;NA;NA;UMP;NA;GRANCEY LE CHATEAU;Canton;WIKIPEDIA
HOUPERT;ALAIN;M;13/08/1957;CONSEILLER MUNICIPAL;09/03/2008;20/03/2014;FM;M;09/03/2008;20/03/2014;FM;NA;NA;SALIVES;Commune;WIKIPEDIA
HOUPERT;ALAIN;M;13/08/1957;SENATEUR;21/09/2008;20/09/2014;FM;NA;NA;NA;NA;UMP;NA;COTE D OR;Departement;WIKIPEDIA
HOUPERT;ALAIN;M;13/08/1957;CONSEILLER DEPARTEMENTAL;20/03/2011;22/05/2014;AU;NA;NA;NA;NA;UMP;NA;GRANCEY LE CHATEAU;Canton;WIKIPEDIA
HOUPERT;ALAIN;M;13/08/1957;CONSEILLER MUNICIPAL;04/04/2014;20/06/2020;FM;NA;NA;NA;NA;NA;NA;DIJON;Commune;WIKIPEDIA
HOUPERT;ALAIN;M;13/08/1957;SENATEUR;28/09/2014;20/09/2020;FM;NA;NA;NA;NA;LR;NA;COTE D OR;Departement;WIKIPEDIA
HOUPERT;ALAIN;M;13/08/1957;SENATEUR;27/09/2020;NA;NA;NA;NA;NA;NA;LR;NA;COTE D OR;Departement;WIKIPEDIA
JACOB;LUCIEN;M;03/07/1930;CONSEILLER MUNICIPAL;13/03/1977;05/03/1983;FM;M;13/03/1977;05/03/1983;FM;NA;64014;ECHEVRONNE;Commune;BOTTIN CdO
JACOB;LUCIEN;M;03/07/1930;DEPUTE;01/04/1978;10/06/1981;FM;NA;NA;NA;NA;NA;66983;3EME CIRCONSCRIPTION COTE D OR;Circonscription Legislative;BOTTIN CdO
JACOB;LUCIEN;M;03/07/1930;CONSEILLER MUNICIPAL;06/03/1983;10/03/1989;FM;M;06/03/1983;10/03/1989;FM;NA;64014;ECHEVRONNE;Commune;BOTTIN CdO
JACOB;LUCIEN;M;03/07/1930;DEPUTE;16/03/1986;01/06/1988;NA;NA;NA;NA;NA;NA;66982;2EME CIRCONSCRIPTION COTE D OR;Circonscription Legislative;BOTTIN CdO
JACOB;LUCIEN;M;03/07/1930;CONSEILLER MUNICIPAL;12/03/1989;10/06/1995;FM;M;12/03/1989;10/06/1995;FM;NA;64014;ECHEVRONNE;Commune;BOTTIN CdO
JACOB;LUCIEN;M;03/07/1930;CONSEILLER DEPARTEMENTAL;22/03/1992;10/03/1998;FM;NA;NA;NA;NA;NA;21_6-5;BEAUNE NORD;Canton;BOTTIN CdO
JACOB;LUCIEN;M;03/07/1930;CONSEILLER MUNICIPAL;11/06/1995;10/03/2001;FM;M;11/06/1995;10/03/2001;FM;NA;64014;ECHEVRONNE;Commune;BOTTIN CdO
JACOB;LUCIEN;M;03/07/1930;CONSEILLER DEPARTEMENTAL;15/03/1998;20/03/2004;FM;NA;NA;NA;NA;NA;21_6-5;BEAUNE NORD;Canton;BOTTIN CdO
JACQUELINET;MARCEL;M;NA;CONSEILLER MUNICIPAL;06/03/1983;01/01/1986;AU;M;06/03/1983;01/01/1986;AU;DVD;55032;LONGVIC;Commune;WIKIPEDIA
JACQUES;PIERRE;M;18/10/1910;CONSEILLER MUNICIPAL;14/03/1971;10/03/1977;FM;M;14/03/1971;10/03/1977;FM;DVG;40756;FONTAINE LES DIJON;Commune;ARCHIVES
JAPIOT;FRANCOIS;M;01/11/1912;CONSEILLER MUNICIPAL;26/05/1953;05/03/1959;FM;NA;NA;NA;NA;NA;NA;DIJON;Commune;WIKIPEDIA
JAPIOT;FRANCOIS;M;01/11/1912;DEPUTE;30/11/1958;01/10/1962;FM;NA;NA;NA;NA;IND;NA;2EME CIRCONSCRIPTION COTE D OR;Circonscription Legislative;WIKIPEDIA
JAPIOT;FRANCOIS;M;01/11/1912;CONSEILLER MUNICIPAL;08/03/1959;10/03/1965;FM;NA;NA;NA;NA;NA;NA;DIJON;Commune;WIKIPEDIA
JAPIOT;FRANCOIS;M;01/11/1912;CONSEILLER MUNICIPAL;14/03/1965;10/03/1971;FM;NA;NA;NA;NA;NA;NA;DIJON;Commune;WIKIPEDIA
JAPIOT;FRANCOIS;M;01/11/1912;CONSEILLER MUNICIPAL;14/03/1971;10/03/1977;FM;NA;NA;NA;NA;NA;NA;DIJON;Commune;WIKIPEDIA
KHATTABI;FADILA;F;23/02/1962;CONSEILLER REGIONAL;21/03/2004;10/03/2010;FM;NA;NA;NA;NA;PS;NA;COTE D OR;Departement;WIKIPEDIA
KHATTABI;FADILA;F;23/02/1962;CONSEILLER REGIONAL;14/03/2010;01/12/2015;FM;VP;14/03/2010;01/12/2015;FM;PS;NA;COTE D OR;Departement;WIKIPEDIA
KHATTABI;FADILA;F;23/02/1962;CONSEILLER MUNICIPAL;23/03/2014;10/03/2020;FM;NA;NA;NA;NA;LREM;NA;VAROIS ET CHAIGNOT;Commune;WIKIPEDIA
KHATTABI;FADILA;F;23/02/1962;DEPUTE;11/06/2017;10/06/2022;FM;NA;NA;NA;NA;LREM;NA;3EME CIRCONSCRIPTION COTE D OR;Circonscription Legislative;WIKIPEDIA
KHATTABI;FADILA;F;23/02/1962;DEPUTE;19/06/2022;NA;NA;NA;NA;NA;NA;LREM;NA;3EME CIRCONSCRIPTION COTE D OR;Circonscription Legislative;WIKIPEDIA
KIR;FELIX;M;22/01/1876;CONSEILLER MUNICIPAL;29/04/1945;10/10/1947;FM;M;29/04/1945;10/10/1947;FM;NA;47564;DIJON;Commune;BOTTIN CdO
KIR;FELIX;M;22/01/1876;CONSEILLER DEPARTEMENTAL;23/09/1945;01/06/1961;FM;VP;23/09/1945;01/01/1951;NA;NA;NA;DIJON OUEST;Canton;BOTTIN CdO
KIR;FELIX;M;22/01/1876;DEPUTE;01/01/1946;20/11/1958;FM;NA;NA;NA;NA;IND;NA;NA;Circonscription Legislative;BOTTIN CdO
KIR;FELIX;M;22/01/1876;CONSEILLER MUNICIPAL;19/10/1947;20/04/1953;FM;M;19/10/1947;20/04/1953;FM;NA;47564;DIJON;Commune;BOTTIN CdO
KIR;FELIX;M;22/01/1876;CONSEILLER MUNICIPAL;26/05/1953;05/03/1959;FM;M;26/05/1953;05/03/1959;FM;NA;47564;DIJON;Commune;BOTTIN CdO
KIR;FELIX;M;22/01/1876;DEPUTE;23/11/1958;15/11/1962;FM;NA;NA;NA;NA;IND;66981;1ERE CIRCONSCRIPTION COTE D OR;Circonscription Legislative;BOTTIN CdO
KIR;FELIX;M;22/01/1876;CONSEILLER MUNICIPAL;08/03/1959;10/03/1965;FM;M;08/03/1959;10/03/1965;FM;NA;47564;DIJON;Commune;BOTTIN CdO
KIR;FELIX;M;22/01/1876;CONSEILLER DEPARTEMENTAL;04/06/1961;20/09/1967;FM;NA;NA;NA;NA;NA;NA;DIJON OUEST;Canton;BOTTIN CdO
KIR;FELIX;M;22/01/1876;DEPUTE;18/11/1962;01/03/1967;FM;NA;NA;NA;NA;IND;66981;1ERE CIRCONSCRIPTION COTE D OR;Circonscription Legislative;BOTTIN CdO
KIR;FELIX;M;22/01/1876;CONSEILLER MUNICIPAL;14/03/1965;25/04/1968;DC;M;14/03/1965;25/04/1968;DC;NA;47564;DIJON;Commune;BOTTIN CdO
LAJOUX;ISABELLE;F;20/05/1960;CONSEILLER MUNICIPAL;11/03/2001;01/03/2008;FM;M;11/03/2001;01/03/2008;FM;SOC;NA;SAVOLLES;Commune;WIKIPEDIA
LAJOUX;ISABELLE;F;20/05/1960;CONSEILLER MUNICIPAL;09/03/2008;20/03/2014;FM;M;09/03/2008;20/03/2014;FM;SOC;NA;SAVOLLES;Commune;WIKIPEDIA
LAJOUX;ISABELLE;F;20/05/1960;CONSEILLER REGIONAL;14/03/2010;01/12/2015;FM;NA;NA;NA;NA;SOC;NA;COTE D OR;Departement;WIKIPEDIA
LAJOUX;ISABELLE;F;20/05/1960;CONSEILLER MUNICIPAL;23/03/2014;10/03/2020;FM;M;23/03/2014;10/03/2020;FM;SOC;NA;SAVOLLES;Commune;WIKIPEDIA
LAJOUX;ISABELLE;F;20/05/1960;SENATEUR;03/05/2014;30/09/2014;FM;NA;NA;NA;NA;SOC;NA;COTE D OR;Departement;WIKIPEDIA
LALLE;ALBERT;M;24/05/1905;CONSEILLER MUNICIPAL;05/05/1935;20/04/1945;FM;M;05/05/1935;20/04/1945;FM;NA;43078;VILLY LE MOUTIER;Commune;BOTTIN CdO
LALLE;ALBERT;M;24/05/1905;CONSEILLER MUNICIPAL;29/04/1945;10/10/1947;FM;M;29/04/1945;10/10/1947;FM;NA;43078;VILLY LE MOUTIER;Commune;BOTTIN CdO
LALLE;ALBERT;M;24/05/1905;DEPUTE;30/11/1946;20/11/1958;FM;NA;NA;NA;NA;NA;66983;3EME CIRCONSCRIPTION COTE D OR;Circonscription Legislative;BOTTIN CdO
LALLE;ALBERT;M;24/05/1905;CONSEILLER MUNICIPAL;19/10/1947;20/04/1953;FM;M;19/10/1947;20/04/1953;FM;NA;43078;VILLY LE MOUTIER;Commune;BOTTIN CdO
LALLE;ALBERT;M;24/05/1905;CONSEILLER MUNICIPAL;26/05/1953;05/03/1959;FM;M;26/05/1953;05/03/1959;FM;NA;43078;VILLY LE MOUTIER;Commune;BOTTIN CdO
LALLE;ALBERT;M;24/05/1905;DEPUTE;23/11/1958;10/11/1962;FM;NA;NA;NA;NA;NA;66983;3EME CIRCONSCRIPTION COTE D OR;Circonscription Legislative;BOTTIN CdO
LALLE;ALBERT;M;24/05/1905;CONSEILLER MUNICIPAL;08/03/1959;10/03/1965;FM;M;08/03/1959;10/03/1965;FM;NA;43078;VILLY LE MOUTIER;Commune;BOTTIN CdO
LALLE;ALBERT;M;24/05/1905;DEPUTE;18/11/1962;01/03/1967;FM;NA;NA;NA;NA;NA;66983;3EME CIRCONSCRIPTION COTE D OR;Circonscription Legislative;BOTTIN CdO
LALLE;ALBERT;M;24/05/1905;CONSEILLER DEPARTEMENTAL;08/03/1964;20/03/1970;FM;NA;NA;NA;NA;NA;21_7-6;BEAUNE SUD;Canton;BOTTIN CdO
LALLE;ALBERT;M;24/05/1905;CONSEILLER MUNICIPAL;14/03/1965;10/03/1971;FM;M;14/03/1965;10/03/1971;FM;NA;43078;VILLY LE MOUTIER;Commune;BOTTIN CdO
LALLE;ALBERT;M;24/05/1905;CONSEILLER DEPARTEMENTAL;23/09/1970;05/03/1976;FM;NA;NA;NA;NA;NA;21_7-6;BEAUNE SUD;Canton;BOTTIN CdO
LALLE;ALBERT;M;24/05/1905;CONSEILLER MUNICIPAL;14/03/1971;10/03/1977;FM;M;14/03/1971;10/03/1977;FM;NA;43078;VILLY LE MOUTIER;Commune;BOTTIN CdO
LAMBERTON;LEONCE;M;14/11/1886;CONSEILLER MUNICIPAL;29/04/1945;10/10/1947;FM;M;29/04/1945;10/10/1947;FM;UNR;40756;FONTAINE LES DIJON;Commune;ARCHIVES
LAMBERTON;LEONCE;M;14/11/1886;CONSEILLER MUNICIPAL;19/10/1947;20/04/1953;FM;M;19/10/1947;20/04/1953;FM;UNR;40756;FONTAINE LES DIJON;Commune;ARCHIVES
LAMBERTON;LEONCE;M;14/11/1886;CONSEILLER MUNICIPAL;26/05/1953;05/03/1959;FM;M;26/05/1953;05/03/1959;FM;UNR;40756;FONTAINE LES DIJON;Commune;ARCHIVES
LAMBERTON;LEONCE;M;14/11/1886;CONSEILLER MUNICIPAL;08/03/1959;01/03/1964;NA;M;08/03/1959;01/03/1964;NA;UNR;40756;FONTAINE LES DIJON;Commune;ARCHIVES
LECAT;JEAN PHILIPPE;M;29/07/1935;DEPUTE;23/06/1968;30/05/1972;AU;NA;NA;NA;NA;RPR;66983;3EME CIRCONSCRIPTION COTE D OR;Circonscription Legislative;BOTTIN CdO
LECAT;JEAN PHILIPPE;M;29/07/1935;CONSEILLER DEPARTEMENTAL;23/09/1970;05/03/1976;FM;NA;NA;NA;NA;RPR;21_34-23;NOLAY;Canton;BOTTIN CdO
LECAT;JEAN PHILIPPE;M;29/07/1935;DEPUTE;04/03/1973;01/04/1973;AU;NA;NA;NA;NA;RPR;66983;3EME CIRCONSCRIPTION COTE D OR;Circonscription Legislative;BOTTIN CdO
LECAT;JEAN PHILIPPE;M;29/07/1935;CONSEILLER DEPARTEMENTAL;07/03/1976;10/03/1982;FM;NA;NA;NA;NA;RPR;21_34-23;NOLAY;Canton;BOTTIN CdO
LECAT;JEAN PHILIPPE;M;29/07/1935;DEPUTE;12/03/1978;01/04/1978;AU;NA;NA;NA;NA;RPR;66983;3EME CIRCONSCRIPTION COTE D OR;Circonscription Legislative;BOTTIN CdO
LECAT;JEAN PHILIPPE;M;29/07/1935;CONSEILLER DEPARTEMENTAL;14/03/1982;20/09/1988;FM;NA;NA;NA;NA;RPR;21_34-23;NOLAY;Canton;BOTTIN CdO
LOISIER;ANNE CATHERINE;F;13/03/1969;CONSEILLER DEPARTEMENTAL;20/03/1994;10/03/2001;FM;NA;NA;NA;NA;NA;21_43-31;SAULIEU;Canton;BOTTIN CdO
LOISIER;ANNE CATHERINE;F;13/03/1969;CONSEILLER MUNICIPAL;11/03/1995;10/03/2001;FM;M;11/03/1995;10/03/2001;FM;NA;36823;SAULIEU;Commune;BOTTIN CdO
LOISIER;ANNE CATHERINE;F;13/03/1969;CONSEILLER REGIONAL;15/03/1998;20/03/2004;FM;NA;NA;NA;NA;NA;1790_20;COTE D OR;Departement;BOTTIN CdO
LOISIER;ANNE CATHERINE;F;13/03/1969;CONSEILLER DEPARTEMENTAL;11/03/2001;01/03/2008;FM;NA;NA;NA;NA;NA;NA;SAULIEU;Canton;WIKIPEDIA
LOISIER;ANNE CATHERINE;F;13/03/1969;CONSEILLER MUNICIPAL;11/03/2001;01/03/2008;FM;M;11/03/2001;01/03/2008;FM;NA;NA;SAULIEU;Commune;WIKIPEDIA
LOISIER;ANNE CATHERINE;F;13/03/1969;CONSEILLER REGIONAL;21/03/2004;10/03/2010;FM;NA;NA;NA;NA;NA;1790_20;COTE D OR;Departement;BOTTIN CdO
LOISIER;ANNE CATHERINE;F;13/03/1969;CONSEILLER DEPARTEMENTAL;09/03/2008;01/10/2014;NA;NA;NA;NA;NA;NA;NA;SAULIEU;Canton;WIKIPEDIA
LOISIER;ANNE CATHERINE;F;13/03/1969;CONSEILLER MUNICIPAL;09/03/2008;20/03/2014;FM;M;09/03/2008;20/03/2014;FM;NA;NA;SAULIEU;Commune;WIKIPEDIA
LOISIER;ANNE CATHERINE;F;13/03/1969;CONSEILLER MUNICIPAL;23/03/2014;16/10/2017;CUMUL;M;23/03/2014;16/10/2017;CUMUL;NA;NA;SAULIEU;Commune;WIKIPEDIA
LOISIER;ANNE CATHERINE;F;13/03/1969;SENATEUR;28/09/2014;20/09/2020;FM;NA;NA;NA;NA;UDI;NA;COTE D OR;Departement;WIKIPEDIA
LOISIER;ANNE CATHERINE;F;13/03/1969;SENATEUR;27/09/2020;NA;NA;NA;NA;NA;NA;UDI;NA;COTE D OR;Departement;WIKIPEDIA
LOMBARD;MAURICE;M;04/02/1922;CONSEILLER MUNICIPAL;01/12/1968;10/03/1971;FM;NA;NA;NA;NA;NA;47564;DIJON;Commune;BOTTIN CdO
LOMBARD;MAURICE;M;04/02/1922;CONSEILLER MUNICIPAL;14/03/1971;10/03/1977;FM;ADJOINT;14/03/1971;10/03/1977;FM;NA;47564;DIJON;Commune;BOTTIN CdO
LOMBARD;MAURICE;M;04/02/1922;CONSEILLER DEPARTEMENTAL;23/09/1973;15/03/1979;FM;NA;NA;NA;NA;NA;21_19-41;DIJON 7;Canton;BOTTIN CdO
LOMBARD;MAURICE;M;04/02/1922;CONSEILLER MUNICIPAL;13/03/1977;05/03/1983;FM;1er ADJOINT;13/03/1977;05/03/1983;FM;NA;47564;DIJON;Commune;BOTTIN CdO
LOMBARD;MAURICE;M;04/02/1922;CONSEILLER DEPARTEMENTAL;18/03/1979;05/03/1985;FM;NA;NA;NA;NA;NA;21_19-41;DIJON 7;Canton;BOTTIN CdO
LOMBARD;MAURICE;M;04/02/1922;SENATEUR;28/09/1980;20/09/1989;FM;NA;NA;NA;NA;RPR;NA;COTE D OR;Departement;WIKIPEDIA
LOMBARD;MAURICE;M;04/02/1922;CONSEILLER MUNICIPAL;06/03/1983;10/03/1989;FM;NA;NA;NA;NA;NA;47564;DIJON;Commune;BOTTIN CdO
LOMBARD;MAURICE;M;04/02/1922;CONSEILLER DEPARTEMENTAL;10/03/1985;20/03/1992;FM;NA;NA;NA;NA;NA;21_19-41;DIJON 7;Canton;BOTTIN CdO
LOMBARD;MAURICE;M;04/02/1922;CONSEILLER MUNICIPAL;12/03/1989;01/03/1995;FM;NA;NA;NA;NA;NA;47564;DIJON;Commune;BOTTIN CdO
LOMBARD;MAURICE;M;04/02/1922;SENATEUR;24/09/1989;30/09/1998;FM;NA;NA;NA;NA;RPR;NA;COTE D OR;Departement;WIKIPEDIA
MARTIN;DIDIER;M;20/08/1956;CONSEILLER MUNICIPAL;11/06/1995;10/03/2001;FM;NA;NA;NA;NA;PRG;NA;DIJON;Commune;WIKIPEDIA
MARTIN;DIDIER;M;20/08/1956;CONSEILLER MUNICIPAL;11/03/2001;01/03/2008;FM;ADJOINT;11/03/2001;01/03/2008;FM;PRG;NA;DIJON;Commune;WIKIPEDIA
MARTIN;DIDIER;M;20/08/1956;CONSEILLER REGIONAL;21/03/2004;10/03/2010;FM;NA;NA;NA;NA;PRG;NA;COTE D OR;Departement;WIKIPEDIA
MARTIN;DIDIER;M;20/08/1956;CONSEILLER MUNICIPAL;09/03/2008;20/03/2014;FM;ADJOINT;09/03/2008;20/03/2014;FM;PRG;NA;DIJON;Commune;WIKIPEDIA
MARTIN;DIDIER;M;20/08/1956;CONSEILLER REGIONAL;14/03/2010;01/12/2015;FM;NA;NA;NA;NA;PRG;NA;COTE D OR;Departement;WIKIPEDIA
MARTIN;DIDIER;M;20/08/1956;CONSEILLER MUNICIPAL;23/03/2014;10/03/2020;FM;ADJOINT;23/03/2014;10/06/2017;AU;PRG;NA;DIJON;Commune;WIKIPEDIA
MARTIN;DIDIER;M;20/08/1956;DEPUTE;11/06/2017;10/06/2022;FM;NA;NA;NA;NA;LREM;NA;1ERE CIRCONSCRIPTION COTE D OR;Circonscription Legislative;WIKIPEDIA
MARTIN;DIDIER;M;20/08/1956;DEPUTE;19/06/2022;NA;NA;NA;NA;NA;NA;LREM;NA;1ERE CIRCONSCRIPTION COTE D OR;Circonscription Legislative;WIKIPEDIA
MATHIEU;GILBERT;M;04/05/1920;CONSEILLER MUNICIPAL;08/03/1959;10/03/1965;FM;NA;NA;NA;NA;NA;33640;VITTEAUX;Commune;BOTTIN CdO
MATHIEU;GILBERT;M;04/05/1920;CONSEILLER DEPARTEMENTAL;04/06/1961;20/09/1967;FM;NA;NA;NA;NA;NA;21_50-37;VITTEAUX;Canton;BOTTIN CdO
MATHIEU;GILBERT;M;04/05/1920;CONSEILLER MUNICIPAL;14/03/1965;10/03/1971;FM;M;14/03/1965;10/03/1971;FM;NA;33640;VITTEAUX;Commune;BOTTIN CdO
MATHIEU;GILBERT;M;04/05/1920;CONSEILLER DEPARTEMENTAL;24/09/1967;10/09/1973;FM;NA;NA;NA;NA;NA;21_50-37;VITTEAUX;Canton;BOTTIN CdO
MATHIEU;GILBERT;M;04/05/1920;DEPUTE;23/06/1968;01/03/1973;FM;NA;NA;NA;NA;UDF;66984;4EME CIRCONSCRIPTION COTE D OR;Circonscription Legislative;BOTTIN CdO
MATHIEU;GILBERT;M;04/05/1920;CONSEILLER MUNICIPAL;14/03/1971;10/03/1977;FM;M;14/03/1971;10/03/1977;FM;NA;33640;VITTEAUX;Commune;BOTTIN CdO
MATHIEU;GILBERT;M;04/05/1920;DEPUTE;04/03/1973;10/03/1978;FM;NA;NA;NA;NA;UDF;66984;4EME CIRCONSCRIPTION COTE D OR;Circonscription Legislative;BOTTIN CdO
MATHIEU;GILBERT;M;04/05/1920;CONSEILLER DEPARTEMENTAL;23/09/1973;15/03/1979;FM;NA;NA;NA;NA;NA;21_50-37;VITTEAUX;Canton;BOTTIN CdO
MATHIEU;GILBERT;M;04/05/1920;CONSEILLER MUNICIPAL;13/03/1977;05/03/1983;FM;M;13/03/1977;05/03/1983;FM;NA;33640;VITTEAUX;Commune;BOTTIN CdO
MATHIEU;GILBERT;M;04/05/1920;DEPUTE;12/03/1978;10/06/1981;FM;NA;NA;NA;NA;UDF;66984;4EME CIRCONSCRIPTION COTE D OR;Circonscription Legislative;BOTTIN CdO
MATHIEU;GILBERT;M;04/05/1920;CONSEILLER DEPARTEMENTAL;18/03/1979;05/03/1985;FM;NA;NA;NA;NA;NA;21_50-37;VITTEAUX;Canton;BOTTIN CdO
MATHIEU;GILBERT;M;04/05/1920;DEPUTE;14/06/1981;10/03/1986;FM;NA;NA;NA;NA;UDF;66984;4EME CIRCONSCRIPTION COTE D OR;Circonscription Legislative;BOTTIN CdO
MATHIEU;GILBERT;M;04/05/1920;CONSEILLER DEPARTEMENTAL;10/03/1985;20/03/1992;FM;VP;10/03/1985;20/03/1992;FM;NA;21_50-37;VITTEAUX;Canton;BOTTIN CdO
MATHIEU;GILBERT;M;04/05/1920;DEPUTE;16/03/1986;01/06/1988;FM;NA;NA;NA;NA;UDF;66984;4EME CIRCONSCRIPTION COTE D OR;Circonscription Legislative;BOTTIN CdO
MATHIEU;GILBERT;M;04/05/1920;DEPUTE;05/06/1988;20/03/1993;FM;NA;NA;NA;NA;UDF;66984;4EME CIRCONSCRIPTION COTE D OR;Circonscription Legislative;BOTTIN CdO
MATHIEU;GILBERT;M;04/05/1920;CONSEILLER MUNICIPAL;12/03/1989;10/06/1995;FM;M;12/03/1989;10/06/1995;FM;NA;33640;VITTEAUX;Commune;BOTTIN CdO
MATHIEU;GILBERT;M;04/05/1920;CONSEILLER DEPARTEMENTAL;22/03/1992;10/03/1998;FM;VP;22/03/1992;10/03/1998;FM;NA;21_50-37;VITTEAUX;Canton;BOTTIN CdO
MAZUE;MAURICE ANDRE GUILLAUME;M;24/02/1911;CONSEILLER MUNICIPAL;29/04/1945;10/10/1947;FM;NA;NA;NA;NA;SFIO;55032;LONGVIC;Commune;ARCHIVES
MAZUE;MAURICE ANDRE GUILLAUME;M;24/02/1911;CONSEILLER MUNICIPAL;19/10/1947;20/04/1953;FM;NA;NA;NA;NA;SFIO;55032;LONGVIC;Commune;ARCHIVES
MAZUE;MAURICE ANDRE GUILLAUME;M;24/02/1911;CONSEILLER MUNICIPAL;26/05/1953;05/03/1959;FM;NA;NA;NA;NA;SFIO;55032;LONGVIC;Commune;ARCHIVES
MAZUE;MAURICE ANDRE GUILLAUME;M;24/02/1911;CONSEILLER MUNICIPAL;08/03/1959;10/03/1965;FM;M;01/02/1963;10/03/1965;FM;SFIO;55032;LONGVIC;Commune;ARCHIVES
MAZUE;MAURICE ANDRE GUILLAUME;M;24/02/1911;CONSEILLER MUNICIPAL;14/03/1965;10/03/1971;FM;M;14/03/1965;10/03/1971;FM;SFIO;55032;LONGVIC;Commune;WIKIPEDIA
MAZUE;MAURICE ANDRE GUILLAUME;M;24/02/1911;CONSEILLER MUNICIPAL;14/03/1971;10/03/1977;FM;M;14/03/1971;10/03/1977;FM;SFIO;55032;LONGVIC;Commune;ARCHIVES
MAZUE;MAURICE ANDRE GUILLAUME;M;24/02/1911;CONSEILLER DEPARTEMENTAL;23/09/1973;01/03/1976;AU;NA;NA;NA;NA;SFIO;21_11-38;CHENOVE;Canton;BOTTIN CdO
MAZUE;MAURICE ANDRE GUILLAUME;M;24/02/1911;CONSEILLER MUNICIPAL;13/03/1977;05/03/1983;FM;M;13/03/1977;05/03/1983;FM;SFIO;55032;LONGVIC;Commune;WIKIPEDIA
MENUT;GILBERT;M;03/12/1947;CONSEILLER MUNICIPAL;13/03/1977;05/03/1983;FM;NA;NA;NA;NA;RPR;35797;TALANT;Commune;BOTTIN CdO
MENUT;GILBERT;M;03/12/1947;CONSEILLER MUNICIPAL;06/03/1983;10/03/1989;FM;1er ADJOINT;06/03/1983;10/03/1989;FM;RPR;35797;TALANT;Commune;BOTTIN CdO
MENUT;GILBERT;M;03/12/1947;CONSEILLER MUNICIPAL;12/03/1989;10/06/1995;FM;1er ADJOINT;12/03/1989;10/06/1995;FM;RPR;35797;TALANT;Commune;BOTTIN CdO
MENUT;GILBERT;M;03/12/1947;CONSEILLER MUNICIPAL;11/06/1995;10/03/2001;FM;M;01/12/1997;10/03/2001;NA;UMP;35797;TALANT;Commune;BOTTIN CdO
MENUT;GILBERT;M;03/12/1947;CONSEILLER MUNICIPAL;11/03/2001;01/03/2008;FM;M;11/03/2001;01/03/2008;FM;UMP;NA;TALANT;Commune;WIKIPEDIA
MENUT;GILBERT;M;03/12/1947;CONSEILLER REGIONAL;30/07/2002;20/03/2004;FM;NA;NA;NA;NA;NA;1790_20;COTE D OR;Departement;BOTTIN CdO
MENUT;GILBERT;M;03/12/1947;CONSEILLER DEPARTEMENTAL;21/03/2004;10/03/2011;FM;NA;NA;NA;NA;UMP;NA;NA;Canton;WIKIPEDIA
MENUT;GILBERT;M;03/12/1947;CONSEILLER MUNICIPAL;09/03/2008;20/03/2014;FM;M;09/03/2008;20/03/2014;FM;LR;NA;TALANT;Commune;WIKIPEDIA
MENUT;GILBERT;M;03/12/1947;CONSEILLER DEPARTEMENTAL;20/03/2011;20/03/2015;FM;NA;NA;NA;NA;UMP;NA;NA;Canton;WIKIPEDIA
MENUT;GILBERT;M;03/12/1947;CONSEILLER MUNICIPAL;23/03/2014;10/03/2020;FM;M;23/03/2014;10/03/2020;FM;LR;NA;TALANT;Commune;WIKIPEDIA
MEUNIER;PIERRE;M;15/08/1908;CONSEILLER DEPARTEMENTAL;23/09/1945;15/03/1949;FM;NA;NA;NA;NA;NA;21_2-1;ARNAY LE DUC;Canton;BOTTIN CdO
MEUNIER;PIERRE;M;15/08/1908;DEPUTE;10/11/1946;10/06/1951;FM;NA;NA;NA;NA;NA;NA;NA;Circonscription Legislative;BOTTIN CdO
MEUNIER;PIERRE;M;15/08/1908;DEPUTE;17/06/1951;30/12/1955;FM;NA;NA;NA;NA;NA;NA;NA;Circonscription Legislative;BOTTIN CdO
MEUNIER;PIERRE;M;15/08/1908;CONSEILLER DEPARTEMENTAL;17/04/1955;01/06/1961;FM;NA;NA;NA;NA;NA;21_2-1;ARNAY LE DUC;Canton;BOTTIN CdO
MEUNIER;PIERRE;M;15/08/1908;DEPUTE;02/01/1956;20/11/1958;FM;NA;NA;NA;NA;NA;NA;NA;Circonscription Legislative;BOTTIN CdO
MEUNIER;PIERRE;M;15/08/1908;CONSEILLER DEPARTEMENTAL;04/06/1961;20/09/1967;FM;NA;NA;NA;NA;NA;21_2-1;ARNAY LE DUC;Canton;BOTTIN CdO
MEUNIER;PIERRE;M;15/08/1908;CONSEILLER DEPARTEMENTAL;24/09/1967;20/03/1973;FM;NA;NA;NA;NA;NA;21_2-1;ARNAY LE DUC;Canton;BOTTIN CdO
MEUNIER;PIERRE;M;15/08/1908;CONSEILLER MUNICIPAL;14/03/1971;10/03/1977;FM;M;14/03/1971;10/03/1977;FM;NA;41336;ARNAY LE DUC;Commune;BOTTIN CdO
MEUNIER;PIERRE;M;15/08/1908;CONSEILLER DEPARTEMENTAL;23/09/1973;15/03/1979;FM;NA;NA;NA;NA;NA;21_2-1;ARNAY LE DUC;Canton;BOTTIN CdO
MEUNIER;PIERRE;M;15/08/1908;CONSEILLER MUNICIPAL;13/03/1977;01/03/1983;FM;M;13/03/1977;01/03/1983;FM;NA;41336;ARNAY LE DUC;Commune;BOTTIN CdO
MEUNIER;PIERRE;M;15/08/1908;CONSEILLER DEPARTEMENTAL;18/03/1979;05/03/1985;FM;NA;NA;NA;NA;NA;21_2-1;ARNAY LE DUC;Canton;BOTTIN CdO
MOINE;HENRI;M;22/03/1921;CONSEILLER MUNICIPAL;30/12/1963;10/03/1965;FM;NA;NA;NA;NA;NA;48130;BEAUNE;Commune;BOTTIN CdO
MOINE;HENRI;M;22/03/1921;CONSEILLER MUNICIPAL;14/03/1965;10/03/1971;FM;M;30/12/1968;10/03/1971;FM;NA;48130;BEAUNE;Commune;BOTTIN CdO
MOINE;HENRI;M;22/03/1921;CONSEILLER MUNICIPAL;14/03/1971;10/03/1977;FM;M;14/03/1971;10/03/1977;FM;NA;48130;BEAUNE;Commune;BOTTIN CdO
MOINE;HENRI;M;22/03/1921;DEPUTE;30/05/1972;01/02/1973;NA;SUPPLEANT;NA;NA;NA;NA;66983;3EME CIRCONSCRIPTION COTE D OR;Circonscription Legislative;BOTTIN CdO
MOINE;HENRI;M;22/03/1921;DEPUTE;30/04/1973;01/09/1974;NA;SUPPLEANT;NA;NA;NA;NA;66983;3EME CIRCONSCRIPTION COTE D OR;Circonscription Legislative;BOTTIN CdO
MOINE;HENRI;M;22/03/1921;CONSEILLER DEPARTEMENTAL;07/03/1976;10/03/1982;FM;NA;NA;NA;NA;NA;21_7-6;BEAUNE SUD;Canton;BOTTIN CdO
MOINE;HENRI;M;22/03/1921;CONSEILLER MUNICIPAL;13/03/1977;01/03/1983;FM;M;13/03/1977;01/03/1983;FM;NA;48130;BEAUNE;Commune;BOTTIN CdO
MOINE;HENRI;M;22/03/1921;CONSEILLER DEPARTEMENTAL;14/03/1982;20/09/1988;FM;NA;NA;NA;NA;NA;21_7-6;BEAUNE SUD;Canton;BOTTIN CdO
MOINE;HENRI;M;22/03/1921;CONSEILLER MUNICIPAL;06/03/1983;10/03/1989;FM;M;06/03/1983;10/03/1989;FM;NA;48130;BEAUNE;Commune;BOTTIN CdO
MOINE;HENRI;M;22/03/1921;CONSEILLER REGIONAL;16/03/1986;20/03/1992;NA;VP;NA;NA;NA;NA;1790_20;COTE D OR;Departement;BOTTIN CdO
MOINE;HENRI;M;22/03/1921;CONSEILLER DEPARTEMENTAL;25/09/1988;15/03/1994;FM;NA;NA;NA;NA;NA;21_7-6;BEAUNE SUD;Canton;BOTTIN CdO
MOINE;HENRI;M;22/03/1921;CONSEILLER MUNICIPAL;12/03/1989;01/06/1995;FM;M;12/03/1989;01/06/1995;FM;NA;48130;BEAUNE;Commune;BOTTIN CdO
MOINE;HENRI;M;22/03/1921;CONSEILLER DEPARTEMENTAL;20/03/1994;10/03/2001;FM;NA;NA;NA;NA;NA;21_7-6;BEAUNE SUD;Canton;BOTTIN CdO
MORELON;PAUL;M;29/10/1922;CONSEILLER MUNICIPAL;06/03/1983;10/03/1989;FM;M;06/03/1983;10/03/1989;FM;NA;40756;FONTAINE LES DIJON;Commune;ARCHIVES
MORELON;PAUL;M;29/10/1922;CONSEILLER MUNICIPAL;12/03/1989;05/06/1995;FM;M;12/03/1989;05/06/1995;FM;NA;40756;FONTAINE LES DIJON;Commune;ARCHIVES
MORELON;PAUL;M;29/10/1922;CONSEILLER MUNICIPAL;11/06/1995;10/03/2001;FM;M;11/06/1995;10/03/2001;FM;NA;40756;FONTAINE LES DIJON;Commune;ARCHIVES
MORLEVAT;ROBERT;M;14/02/1907;CONSEILLER MUNICIPAL;05/05/1935;25/04/1945;FM;M;30/12/1937;25/04/1945;FM;NA;46835;SEMUR EN AUXOIS;Commune;BOTTIN CdO
MORLEVAT;ROBERT;M;14/02/1907;CONSEILLER MUNICIPAL;29/04/1945;10/10/1947;FM;M;29/04/1945;10/10/1947;FM;NA;46835;SEMUR EN AUXOIS;Commune;BOTTIN CdO
MORLEVAT;ROBERT;M;14/02/1907;CONSEILLER DEPARTEMENTAL;23/09/1945;01/10/1951;FM;NA;NA;NA;NA;NA;21_45-22;SEMUR EN AUXOIS;Canton;BOTTIN CdO
MORLEVAT;ROBERT;M;14/02/1907;CONSEILLER MUNICIPAL;19/10/1947;20/04/1953;FM;M;19/10/1947;20/04/1953;FM;NA;46835;SEMUR EN AUXOIS;Commune;BOTTIN CdO
MORLEVAT;ROBERT;M;14/02/1907;CONSEILLER DEPARTEMENTAL;07/10/1951;15/04/1958;FM;NA;NA;NA;NA;NA;21_45-22;SEMUR EN AUXOIS;Canton;BOTTIN CdO
MORLEVAT;ROBERT;M;14/02/1907;CONSEILLER MUNICIPAL;26/05/1953;05/03/1959;FM;M;26/05/1953;05/03/1959;FM;NA;46835;SEMUR EN AUXOIS;Commune;BOTTIN CdO
MORLEVAT;ROBERT;M;14/02/1907;CONSEILLER DEPARTEMENTAL;20/04/1958;05/03/1964;FM;NA;NA;NA;NA;NA;21_45-22;SEMUR EN AUXOIS;Canton;BOTTIN CdO
MORLEVAT;ROBERT;M;14/02/1907;CONSEILLER MUNICIPAL;08/03/1959;10/03/1965;FM;M;08/03/1959;10/03/1965;FM;NA;46835;SEMUR EN AUXOIS;Commune;BOTTIN CdO
MORLEVAT;ROBERT;M;14/02/1907;DEPUTE;18/11/1962;01/03/1967;FM;NA;NA;NA;NA;NA;66984;4EME CIRCONSCRIPTION COTE D OR;Circonscription Legislative;BOTTIN CdO
MORLEVAT;ROBERT;M;14/02/1907;CONSEILLER DEPARTEMENTAL;08/03/1964;20/09/1970;FM;NA;NA;NA;NA;NA;21_45-22;SEMUR EN AUXOIS;Canton;BOTTIN CdO
MORLEVAT;ROBERT;M;14/02/1907;CONSEILLER MUNICIPAL;14/03/1965;10/03/1971;FM;M;14/03/1965;10/03/1971;FM;NA;46835;SEMUR EN AUXOIS;Commune;BOTTIN CdO
MORLEVAT;ROBERT;M;14/02/1907;DEPUTE;05/03/1967;20/06/1968;FM;NA;NA;NA;NA;NA;66984;4EME CIRCONSCRIPTION COTE D OR;Circonscription Legislative;BOTTIN CdO
MORLEVAT;ROBERT;M;14/02/1907;CONSEILLER DEPARTEMENTAL;23/09/1970;05/03/1976;FM;NA;NA;NA;NA;NA;21_45-22;SEMUR EN AUXOIS;Canton;BOTTIN CdO
MORLEVAT;ROBERT;M;14/02/1907;CONSEILLER MUNICIPAL;14/03/1971;10/03/1977;FM;M;14/03/1971;10/03/1977;FM;NA;46835;SEMUR EN AUXOIS;Commune;BOTTIN CdO
MORLEVAT;ROBERT;M;14/02/1907;CONSEILLER DEPARTEMENTAL;07/03/1976;10/03/1982;FM;NA;NA;NA;NA;NA;21_45-22;SEMUR EN AUXOIS;Canton;BOTTIN CdO
MORLEVAT;ROBERT;M;14/02/1907;CONSEILLER MUNICIPAL;13/03/1977;01/03/1983;FM;M;13/03/1977;01/03/1983;FM;NA;46835;SEMUR EN AUXOIS;Commune;BOTTIN CdO
MORLEVAT;ROBERT;M;14/02/1907;CONSEILLER DEPARTEMENTAL;14/03/1982;20/09/1988;FM;NA;NA;NA;NA;NA;21_45-22;SEMUR EN AUXOIS;Canton;BOTTIN CdO
MORLEVAT;ROBERT;M;14/02/1907;CONSEILLER MUNICIPAL;06/03/1983;10/03/1989;FM;M;06/03/1983;10/03/1989;FM;NA;46835;SEMUR EN AUXOIS;Commune;BOTTIN CdO
NUDANT;JEAN MARC;M;20/01/1942;CONSEILLER MUNICIPAL;13/03/1977;05/03/1983;FM;NA;NA;NA;NA;UMP;47564;DIJON;Commune;BOTTIN CdO
NUDANT;JEAN MARC;M;20/01/1942;CONSEILLER DEPARTEMENTAL;14/03/1982;20/09/1988;FM;NA;NA;NA;NA;UMP;21_15-11;DIJON 3;Canton;BOTTIN CdO
NUDANT;JEAN MARC;M;20/01/1942;CONSEILLER MUNICIPAL;06/03/1983;10/03/1989;FM;ADJOINT;06/03/1983;10/03/1989;FM;UMP;47564;DIJON;Commune;BOTTIN CdO
NUDANT;JEAN MARC;M;20/01/1942;CONSEILLER DEPARTEMENTAL;25/09/1988;15/03/1994;FM;VP;25/09/1988;15/03/1994;FM;UMP;21_15-11;DIJON 3;Canton;BOTTIN CdO
NUDANT;JEAN MARC;M;20/01/1942;CONSEILLER MUNICIPAL;12/03/1989;10/06/1995;FM;ADJOINT;12/03/1989;10/06/1995;FM;UMP;47564;DIJON;Commune;BOTTIN CdO
NUDANT;JEAN MARC;M;20/01/1942;CONSEILLER DEPARTEMENTAL;20/03/1994;10/03/2001;FM;VP;20/03/1994;22/03/1998;AU;UMP;21_15-11;DIJON 3;Canton;BOTTIN CdO
NUDANT;JEAN MARC;M;20/01/1942;CONSEILLER MUNICIPAL;11/06/1995;10/03/2001;FM;ADJOINT;11/06/1995;10/03/2001;FM;UMP;47564;DIJON;Commune;BOTTIN CdO
NUDANT;JEAN MARC;M;20/01/1942;DEPUTE;30/11/1998;01/06/2002;FM;NA;NA;NA;NA;UMP;66982;2EME CIRCONSCRIPTION COTE D OR;Circonscription Legislative;BOTTIN CdO
NUDANT;JEAN MARC;M;20/01/1942;DEPUTE;09/06/2002;10/06/2007;FM;NA;NA;NA;NA;UMP;NA;2EME CIRCONSCRIPTION COTE D OR;Circonscription Legislative;WIKIPEDIA
PARIS;DIDIER;M;14/02/1954;DEPUTE;11/06/2017;10/06/2022;FM;NA;NA;NA;NA;LREM;NA;5EME CIRCONSCRIPTION COTE D OR;Circonscription Legislative;WIKIPEDIA
PARIS;DIDIER;M;14/02/1954;DEPUTE;19/06/2022;NA;NA;NA;NA;NA;NA;LREM;NA;5EME CIRCONSCRIPTION COTE D OR;Circonscription Legislative;WIKIPEDIA
PATRIAT;FRANCOIS;M;12/03/1943;CONSEILLER DEPARTEMENTAL;07/03/1976;10/03/1982;FM;NA;NA;NA;NA;NA;21_37-26;POUILLY EN AUXOIS;Canton;BOTTIN CdO
PATRIAT;FRANCOIS;M;12/03/1943;DEPUTE;14/06/1981;10/03/1986;FM;NA;NA;NA;NA;SOC;66983;3EME CIRCONSCRIPTION COTE D OR;Circonscription Legislative;BOTTIN CdO
PATRIAT;FRANCOIS;M;12/03/1943;CONSEILLER DEPARTEMENTAL;14/03/1982;20/09/1988;FM;NA;NA;NA;NA;NA;21_37-26;POUILLY EN AUXOIS;Canton;BOTTIN CdO
PATRIAT;FRANCOIS;M;12/03/1943;DEPUTE;16/03/1986;01/06/1988;FM;NA;NA;NA;NA;SOC;66985;5EME CIRCONSCRIPTION COTE D OR;Circonscription Legislative;BOTTIN CdO
PATRIAT;FRANCOIS;M;12/03/1943;DEPUTE;05/06/1988;15/03/1993;FM;NA;NA;NA;NA;SOC;66985;5EME CIRCONSCRIPTION COTE D OR;Circonscription Legislative;BOTTIN CdO
PATRIAT;FRANCOIS;M;12/03/1943;CONSEILLER DEPARTEMENTAL;25/09/1988;15/03/1994;FM;NA;NA;NA;NA;NA;21_37-26;POUILLY EN AUXOIS;Canton;BOTTIN CdO
PATRIAT;FRANCOIS;M;12/03/1943;CONSEILLER MUNICIPAL;12/03/1989;10/06/1995;FM;M;12/03/1989;10/06/1995;FM;NA;50006;CHAILLY SUR ARMANCON;Commune;WIKIPEDIA
PATRIAT;FRANCOIS;M;12/03/1943;CONSEILLER DEPARTEMENTAL;20/03/1994;10/03/2001;FM;NA;NA;NA;NA;NA;21_37-26;POUILLY EN AUXOIS;Canton;BOTTIN CdO
PATRIAT;FRANCOIS;M;12/03/1943;CONSEILLER MUNICIPAL;11/06/1995;10/03/2001;FM;M;11/06/1995;10/03/2001;FM;NA;50006;CHAILLY SUR ARMANCON;Commune;WIKIPEDIA
PATRIAT;FRANCOIS;M;12/03/1943;DEPUTE;10/06/1997;01/10/2000;AU;NA;NA;NA;NA;SOC;66985;5EME CIRCONSCRIPTION COTE D OR;Circonscription Legislative;BOTTIN CdO
PATRIAT;FRANCOIS;M;12/03/1943;CONSEILLER DEPARTEMENTAL;15/03/2001;20/03/2008;FM;NA;NA;NA;NA;NA;NA;POUILLY EN AUXOIS;Canton;WIKIPEDIA
PATRIAT;FRANCOIS;M;12/03/1943;CONSEILLER REGIONAL;21/03/2004;10/03/2010;FM;P;21/03/2004;10/03/2010;FM;SOC;NA;COTE D OR;Departement;WIKIPEDIA
PATRIAT;FRANCOIS;M;12/03/1943;SENATEUR;21/09/2008;20/09/2014;FM;NA;NA;NA;NA;SOC;NA;COTE D OR;Departement;WIKIPEDIA
PATRIAT;FRANCOIS;M;12/03/1943;CONSEILLER REGIONAL;14/03/2010;01/12/2015;FM;P;14/03/2010;01/12/2015;FM;SOC;NA;COTE D OR;Departement;WIKIPEDIA
PATRIAT;FRANCOIS;M;12/03/1943;SENATEUR;28/09/2014;20/09/2020;FM;NA;NA;NA;NA;LREM;NA;COTE D OR;Departement;WIKIPEDIA
PATRIAT;FRANCOIS;M;12/03/1943;SENATEUR;27/09/2020;NA;NA;NA;NA;NA;NA;LREM;NA;COTE D OR;Departement;WIKIPEDIA
PERRIAUX;LUCIEN;M;07/11/1898;CONSEILLER MUNICIPAL;14/03/1965;01/01/1968;NA;M;14/03/1965;01/01/1968;NA;NA;48130;BEAUNE;Commune;WIKIPEDIA
PICARD;ANDRE;M;22/06/1899;CONSEILLER MUNICIPAL;03/05/1925;01/05/1929;FM;NA;NA;NA;NA;NA;61678;MARCIGNY SOUS THIL;Commune;WIKIPEDIA
PICARD;ANDRE;M;22/06/1899;CONSEILLER MUNICIPAL;05/05/1929;01/05/1935;FM;NA;NA;NA;NA;NA;61678;MARCIGNY SOUS THIL;Commune;WIKIPEDIA
PICARD;ANDRE;M;22/06/1899;CONSEILLER MUNICIPAL;05/05/1935;25/04/1945;FM;M;05/05/1935;25/04/1945;FM;NA;61678;MARCIGNY SOUS THIL;Commune;WIKIPEDIA
PICARD;ANDRE;M;22/06/1899;CONSEILLER MUNICIPAL;29/04/1945;10/10/1947;FM;M;29/04/1945;10/10/1947;FM;NA;61678;MARCIGNY SOUS THIL;Commune;WIKIPEDIA
PICARD;ANDRE;M;22/06/1899;CONSEILLER MUNICIPAL;19/10/1947;20/04/1953;FM;M;19/10/1947;20/04/1953;FM;NA;61678;MARCIGNY SOUS THIL;Commune;WIKIPEDIA
PICARD;ANDRE;M;22/06/1899;CONSEILLER DEPARTEMENTAL;07/10/1951;15/04/1958;FM;NA;NA;NA;NA;NA;21_38-27;PRECY SOUS THIL;Canton;BOTTIN CdO
PICARD;ANDRE;M;22/06/1899;CONSEILLER MUNICIPAL;26/05/1953;05/03/1959;FM;M;26/05/1953;05/03/1959;FM;NA;61678;MARCIGNY SOUS THIL;Commune;WIKIPEDIA
PICARD;ANDRE;M;22/06/1899;CONSEILLER DEPARTEMENTAL;20/04/1958;05/03/1964;FM;NA;NA;NA;NA;NA;21_38-27;PRECY SOUS THIL;Canton;BOTTIN CdO
PICARD;ANDRE;M;22/06/1899;CONSEILLER MUNICIPAL;08/03/1959;10/03/1965;FM;M;08/03/1959;10/03/1965;FM;NA;61678;MARCIGNY SOUS THIL;Commune;WIKIPEDIA
PICARD;ANDRE;M;22/06/1899;SENATEUR;23/09/1962;20/09/1971;FM;NA;NA;NA;NA;CNIP;NA;COTE D OR;Departement;WIKIPEDIA
PICARD;ANDRE;M;22/06/1899;CONSEILLER DEPARTEMENTAL;08/03/1964;20/09/1970;FM;NA;NA;NA;NA;NA;21_38-27;PRECY SOUS THIL;Canton;BOTTIN CdO
PICARD;ANDRE;M;22/06/1899;CONSEILLER MUNICIPAL;14/03/1965;10/03/1971;FM;M;14/03/1965;10/03/1971;FM;NA;61678;MARCIGNY SOUS THIL;Commune;WIKIPEDIA
PICARD;ANDRE;M;22/06/1899;CONSEILLER DEPARTEMENTAL;23/09/1970;05/03/1976;FM;NA;NA;NA;NA;NA;21_38-27;PRECY SOUS THIL;Canton;BOTTIN CdO
PICARD;ANDRE;M;22/06/1899;CONSEILLER MUNICIPAL;14/03/1971;10/03/1977;FM;M;14/03/1971;10/03/1977;FM;NA;61678;MARCIGNY SOUS THIL;Commune;WIKIPEDIA
PICARD;ANDRE;M;22/06/1899;SENATEUR;26/09/1971;05/07/1979;DC;NA;NA;NA;NA;CNIP;NA;COTE D OR;Departement;WIKIPEDIA
PICARD;ANDRE;M;22/06/1899;CONSEILLER MUNICIPAL;13/03/1977;05/07/1979;DC;M;13/03/1977;05/07/1979;DC;NA;61678;MARCIGNY SOUS THIL;Commune;WIKIPEDIA
POUJADE;ROBERT;M;06/05/1928;DEPUTE;05/03/1967;10/06/1968;FM;NA;NA;NA;NA;RPR;66981;1ERE CIRCONSCRIPTION COTE D OR;Circonscription Legislative;BOTTIN CdO
POUJADE;ROBERT;M;06/05/1928;CONSEILLER DEPARTEMENTAL;24/09/1967;20/09/1970;FM;NA;NA;NA;NA;UDR;21_18-13;DIJON 6;Canton;BOTTIN CdO
POUJADE;ROBERT;M;06/05/1928;DEPUTE;23/06/1968;01/01/1971;AU;NA;NA;NA;NA;RPR;66981;1ERE CIRCONSCRIPTION COTE D OR;Circonscription Legislative;BOTTIN CdO
POUJADE;ROBERT;M;06/05/1928;CONSEILLER MUNICIPAL;30/12/1968;10/03/1971;FM;NA;NA;NA;NA;UDR;47564;DIJON;Commune;BOTTIN CdO
POUJADE;ROBERT;M;06/05/1928;CONSEILLER DEPARTEMENTAL;23/09/1970;05/03/1976;FM;NA;NA;NA;NA;UDR;21_18-13;DIJON 6;Canton;BOTTIN CdO
POUJADE;ROBERT;M;06/05/1928;CONSEILLER MUNICIPAL;14/03/1971;10/03/1977;FM;M;14/03/1971;10/03/1977;FM;UDR;47564;DIJON;Commune;BOTTIN CdO
POUJADE;ROBERT;M;06/05/1928;DEPUTE;04/03/1973;30/03/1973;AU;NA;NA;NA;NA;RPR;66981;1ERE CIRCONSCRIPTION COTE D OR;Circonscription Legislative;BOTTIN CdO
POUJADE;ROBERT;M;06/05/1928;CONSEILLER DEPARTEMENTAL;07/03/1976;10/03/1982;FM;NA;NA;NA;NA;UDR;21_18-13;DIJON 6;Canton;BOTTIN CdO
POUJADE;ROBERT;M;06/05/1928;CONSEILLER MUNICIPAL;13/03/1977;01/03/1983;FM;M;13/03/1977;01/03/1983;FM;UDR;47564;DIJON;Commune;BOTTIN CdO
POUJADE;ROBERT;M;06/05/1928;DEPUTE;12/03/1978;10/06/1981;FM;NA;NA;NA;NA;RPR;66981;1ERE CIRCONSCRIPTION COTE D OR;Circonscription Legislative;BOTTIN CdO
POUJADE;ROBERT;M;06/05/1928;CONSEILLER DEPARTEMENTAL;14/03/1982;20/09/1988;FM;P;14/03/1982;20/09/1988;FM;UDR;21_18-13;DIJON 6;Canton;BOTTIN CdO
POUJADE;ROBERT;M;06/05/1928;CONSEILLER MUNICIPAL;06/03/1983;10/03/1989;FM;M;06/03/1983;10/03/1989;FM;UDR;47564;DIJON;Commune;BOTTIN CdO
POUJADE;ROBERT;M;06/05/1928;DEPUTE;16/03/1986;01/06/1988;FM;NA;NA;NA;NA;RPR;66981;1ERE CIRCONSCRIPTION COTE D OR;Circonscription Legislative;BOTTIN CdO
POUJADE;ROBERT;M;06/05/1928;DEPUTE;05/06/1988;15/03/1993;FM;NA;NA;NA;NA;RPR;66981;1ERE CIRCONSCRIPTION COTE D OR;Circonscription Legislative;BOTTIN CdO
POUJADE;ROBERT;M;06/05/1928;CONSEILLER MUNICIPAL;12/03/1989;10/06/1995;FM;M;12/03/1989;10/06/1995;FM;UDR;47564;DIJON;Commune;BOTTIN CdO
POUJADE;ROBERT;M;06/05/1928;DEPUTE;21/03/1993;20/07/1997;FM;NA;NA;NA;NA;RPR;66981;1ERE CIRCONSCRIPTION COTE D OR;Circonscription Legislative;BOTTIN CdO
POUJADE;ROBERT;M;06/05/1928;CONSEILLER MUNICIPAL;11/06/1995;10/03/2001;FM;M;11/06/1995;10/03/2001;FM;UDR;47564;DIJON;Commune;BOTTIN CdO
POUJADE;ROBERT;M;06/05/1928;DEPUTE;25/07/1997;05/06/2002;FM;NA;NA;NA;NA;RPR;66981;1ERE CIRCONSCRIPTION COTE D OR;Circonscription Legislative;BOTTIN CdO
RASERA;MICHEL;M;30/05/1947;CONSEILLER MUNICIPAL;13/03/1977;01/03/1983;FM;M;13/03/1977;01/03/1983;FM;NA;66183;CHEVIGNY SAINT SAUVEUR;Commune;WIKIPEDIA
REBSAMEN;FRANCOIS;M;25/06/1951;CONSEILLER MUNICIPAL;12/03/1989;10/06/1995;FM;NA;NA;NA;NA;SOC;47564;DIJON;Commune;BOTTIN CdO
REBSAMEN;FRANCOIS;M;25/06/1951;CONSEILLER REGIONAL;01/01/1994;10/03/1998;FM;NA;NA;NA;NA;SOC;1790_20;COTE D OR;Departement;BOTTIN CdO
REBSAMEN;FRANCOIS;M;25/06/1951;CONSEILLER MUNICIPAL;11/03/1995;10/03/2001;FM;NA;NA;NA;NA;SOC;47564;DIJON;Commune;BOTTIN CdO
REBSAMEN;FRANCOIS;M;25/06/1951;CONSEILLER REGIONAL;15/03/1998;01/04/2001;NA;NA;NA;NA;NA;SOC;1790_20;COTE D OR;Departement;BOTTIN CdO
REBSAMEN;FRANCOIS;M;25/06/1951;CONSEILLER DEPARTEMENTAL;02/04/1998;10/03/2001;FM;NA;NA;NA;NA;SOC;21_17-12;DIJON 5;Canton;BOTTIN CdO
REBSAMEN;FRANCOIS;M;25/06/1951;CONSEILLER DEPARTEMENTAL;11/03/2001;09/03/2008;FM;NA;NA;NA;NA;SOC;21_17-12;DIJON 5;Canton;BOTTIN CdO
REBSAMEN;FRANCOIS;M;25/06/1951;CONSEILLER MUNICIPAL;11/03/2001;01/03/2008;FM;M;11/03/2001;01/03/2008;FM;SOC;NA;DIJON;Commune;WIKIPEDIA
REBSAMEN;FRANCOIS;M;25/06/1951;CONSEILLER MUNICIPAL;09/03/2008;20/03/2014;FM;M;09/03/2008;20/03/2014;FM;SOC;NA;DIJON;Commune;WIKIPEDIA
REBSAMEN;FRANCOIS;M;25/06/1951;SENATEUR;01/10/2008;10/04/2014;FM;NA;NA;NA;NA;SOC;NA;COTE D OR;Departement;WIKIPEDIA
REBSAMEN;FRANCOIS;M;25/06/1951;CONSEILLER MUNICIPAL;10/08/2015;01/07/2020;FM;M;10/08/2015;01/07/2020;FM;SOC;NA;DIJON;Commune;WIKIPEDIA
REBSAMEN;FRANCOIS;M;25/06/1951;CONSEILLER MUNICIPAL;04/07/2020;NA;NA;M;04/07/2020;NA;NA;SOC;NA;DIJON;Commune;WIKIPEDIA
REMOND;ROGER;M;04/02/1925;CONSEILLER MUNICIPAL;26/04/1953;05/03/1959;FM;NA;NA;NA;NA;SFIO;59499;QUETIGNY;Commune;ARCHIVES
REMOND;ROGER;M;04/02/1925;CONSEILLER MUNICIPAL;08/03/1959;10/03/1965;FM;M;08/03/1959;10/03/1965;FM;SFIO;59499;QUETIGNY;Commune;ARCHIVES
REMOND;ROGER;M;04/02/1925;CONSEILLER MUNICIPAL;14/03/1965;10/03/1971;FM;M;14/03/1965;10/03/1971;FM;SFIO;59499;QUETIGNY;Commune;ARCHIVES
REMOND;ROGER;M;04/02/1925;CONSEILLER MUNICIPAL;13/03/1971;10/03/1977;FM;M;13/03/1971;10/03/1977;FM;SFIO;59499;QUETIGNY;Commune;ARCHIVES
REMOND;ROGER;M;04/02/1925;CONSEILLER DEPARTEMENTAL;07/03/1976;10/03/1982;FM;NA;NA;NA;NA;SFIO;21_14-10;DIJON 2;Canton;BOTTIN CdO
REMOND;ROGER;M;04/02/1925;CONSEILLER DEPARTEMENTAL;07/03/1976;10/03/1982;FM;NA;NA;NA;NA;SFIO;NA;NA;Canton;WIKIPEDIA
REMOND;ROGER;M;04/02/1925;CONSEILLER MUNICIPAL;13/03/1977;05/03/1983;FM;M;13/03/1977;05/03/1983;FM;SFIO;59499;QUETIGNY;Commune;WIKIPEDIA
REMOND;ROGER;M;04/02/1925;CONSEILLER DEPARTEMENTAL;14/03/1982;25/09/1988;FM;NA;NA;NA;NA;SFIO;21_14-10;DIJON 2;Canton;BOTTIN CdO
REMOND;ROGER;M;04/02/1925;CONSEILLER DEPARTEMENTAL;14/03/1982;20/09/1988;FM;NA;NA;NA;NA;SFIO;NA;NA;Canton;WIKIPEDIA
REMOND;ROGER;M;04/02/1925;CONSEILLER MUNICIPAL;06/03/1983;01/01/1984;DM;M;06/03/1983;01/01/1984;DM;SFIO;59499;QUETIGNY;Commune;WIKIPEDIA
REVOL;HENRI;M;14/02/1936;CONSEILLER MUNICIPAL;14/03/1971;10/03/1977;FM;M;14/03/1971;10/03/1977;FM;NA;41518;MESSIGNY ET VANTOUX;Commune;BOTTIN CdO
REVOL;HENRI;M;14/02/1936;CONSEILLER DEPARTEMENTAL;23/09/1973;10/03/1979;FM;NA;NA;NA;NA;NA;21_22-14;FONTAINE LES DIJON;Canton;BOTTIN CdO
REVOL;HENRI;M;14/02/1936;CONSEILLER MUNICIPAL;13/03/1977;05/03/1983;FM;M;13/03/1977;05/03/1983;FM;NA;41518;MESSIGNY ET VANTOUX;Commune;BOTTIN CdO
REVOL;HENRI;M;14/02/1936;CONSEILLER DEPARTEMENTAL;18/03/1979;05/03/1985;FM;NA;NA;NA;NA;NA;21_22-14;FONTAINE LES DIJON;Canton;BOTTIN CdO
REVOL;HENRI;M;14/02/1936;CONSEILLER MUNICIPAL;06/03/1983;10/03/1989;FM;M;06/03/1983;10/03/1989;FM;NA;41518;MESSIGNY ET VANTOUX;Commune;BOTTIN CdO
REVOL;HENRI;M;14/02/1936;CONSEILLER DEPARTEMENTAL;10/03/1985;20/03/1992;FM;NA;NA;NA;NA;NA;21_22-14;FONTAINE LES DIJON;Canton;BOTTIN CdO
REVOL;HENRI;M;14/02/1936;CONSEILLER REGIONAL;16/03/1986;01/10/1989;AU;VP AFFAIRES ECONOMIQUES;1603/1986;01/10/1989;AU;NA;1790_20;COTE D OR;Departement;BOTTIN CdO
REVOL;HENRI;M;14/02/1936;CONSEILLER MUNICIPAL;12/03/1989;10/06/1995;FM;M;12/03/1989;10/06/1995;FM;NA;41518;MESSIGNY ET VANTOUX;Commune;BOTTIN CdO
REVOL;HENRI;M;14/02/1936;SENATEUR;24/09/1989;30/09/1998;FM;NA;NA;NA;NA;RPR;NA;COTE D OR;Departement;WIKIPEDIA
REVOL;HENRI;M;14/02/1936;CONSEILLER DEPARTEMENTAL;22/03/1992;10/03/1998;FM;NA;NA;NA;NA;NA;21_22-14;FONTAINE LES DIJON;Canton;BOTTIN CdO
REVOL;HENRI;M;14/02/1936;CONSEILLER MUNICIPAL;11/06/1995;10/03/2001;FM;M;11/06/1995;10/03/2001;FM;NA;41518;MESSIGNY ET VANTOUX;Commune;BOTTIN CdO
REVOL;HENRI;M;14/02/1936;CONSEILLER DEPARTEMENTAL;15/03/1998;20/03/2004;FM;NA;NA;NA;NA;NA;21_22-14;FONTAINE LES DIJON;Canton;BOTTIN CdO
REVOL;HENRI;M;14/02/1936;SENATEUR;01/10/1998;20/09/2008;FM;NA;NA;NA;NA;UMP;NA;COTE D OR;Departement;WIKIPEDIA
ROCLORE;MARCEL;M;25/08/1897;DEPUTE;01/01/1945;01/01/1946;FM;NA;NA;NA;NA;CNI;NA;ASSEMBLEE CONSTITUANTE;Circonscription legislative;BOTTIN CdO
ROCLORE;MARCEL;M;25/08/1897;CONSEILLER MUNICIPAL;05/05/1935;25/04/1945;FM;NA;NA;NA;NA;CNI;36823;SAULIEU;Commune;BOTTIN CdO
ROCLORE;MARCEL;M;25/08/1897;CONSEILLER MUNICIPAL;05/05/1935;25/04/1945;FM;NA;NA;NA;NA;CNI;36823;SAULIEU;Commune;ARCHIVES
ROCLORE;MARCEL;M;25/08/1897;CONSEILLER MUNICIPAL;29/04/1945;10/10/1947;FM;M;29/04/1945;10/10/1947;FM;CNI;36823;SAULIEU;Commune;BOTTIN CdO
ROCLORE;MARCEL;M;25/08/1897;CONSEILLER DEPARTEMENTAL;23/09/1945;15/04/1958;FM;NA;NA;NA;NA;CNI;21_43-31;SAULIEU;Canton;BOTTIN CdO
ROCLORE;MARCEL;M;25/08/1897;DEPUTE;10/11/1946;17/06/1951;FM;NA;NA;NA;NA;IND;NA;NA;Circonscription Legislative;BOTTIN CdO
ROCLORE;MARCEL;M;25/08/1897;CONSEILLER MUNICIPAL;19/10/1947;25/04/1953;FM;M;19/10/1947;25/04/1953;FM;CNI;36823;SAULIEU;Commune;BOTTIN CdO
ROCLORE;MARCEL;M;25/08/1897;CONSEILLER MUNICIPAL;26/05/1953;05/03/1959;FM;M;01/01/1955;05/03/1959;FM;CNI;36823;SAULIEU;Commune;BOTTIN CdO
ROCLORE;MARCEL;M;25/08/1897;DEPUTE;02/01/1956;01/11/1958;FM;NA;NA;NA;NA;IND;NA;NA;Circonscription Legislative;BOTTIN CdO
ROCLORE;MARCEL;M;25/08/1897;CONSEILLER DEPARTEMENTAL;20/04/1958;05/03/1964;FM;P;17/10/1951;05/03/1964;FM;CNI;21_43-31;SAULIEU;Canton;BOTTIN CdO
ROCLORE;MARCEL;M;25/08/1897;DEPUTE;23/11/1958;15/11/1962;FM;NA;NA;NA;NA;IND;21_43-31;NA;Circonscription Legislative;BOTTIN CdO
ROCLORE;MARCEL;M;25/08/1897;CONSEILLER MUNICIPAL;08/03/1959;10/03/1965;FM;M;08/03/1959;10/03/1965;FM;CNI;36823;SAULIEU;Commune;ARCHIVES
ROCLORE;MARCEL;M;25/08/1897;CONSEILLER DEPARTEMENTAL;08/03/1964;27/10/1966;AU;P;08/03/1964;27/10/1966;AU;CNI;21_43-31;SAULIEU;Canton;BOTTIN CdO
ROSSILLE;AIME;M;NA;CONSEILLER MUNICIPAL;26/05/1953;05/03/1959;FM;M;26/05/1953;05/03/1959;FM;NA;NA;TALANT;Commune;VILLE
ROSSILLE;AIME;M;NA;CONSEILLER MUNICIPAL;08/03/1959;10/03/1965;FM;M;08/03/1959;10/03/1965;FM;NA;NA;TALANT;Commune;VILLE
ROTGER;MICHEL;M;NA;CONSEILLER MUNICIPAL;09/03/2008;20/03/2014;FM;M;15/10/2012;20/03/2014;FM;NA;NA;CHEVIGNY SAINT SAUVEUR;Commune;PRESSE
ROTGER;MICHEL;M;NA;CONSEILLER MUNICIPAL;23/03/2014;10/03/2020;FM;M;23/03/2014;01/02/2019;DM;NA;NA;CHEVIGNY SAINT SAUVEUR;Commune;PRESSE
RUET;GUILLAUME;M;22/06/1983;CONSEILLER MUNICIPAL;23/03/2014;10/03/2020;FM;M;02/02/2019;10/03/2020;FM;LR;NA;CHEVIGNY SAINT SAUVEUR;Commune;PRESSE
RUET;GUILLAUME;M;22/06/1983;CONSEILLER MUNICIPAL;20/03/2020;NA;NA;M;20/03/2020;NA;NA;LR;NA;CHEVIGNY SAINT SAUVEUR;Commune;PRESSE
RUET;GUILLAUME;M;22/06/1983;CONSEILLER DEPARTEMENTAL;01/06/2021;NA;NA;NA;NA;NA;NA;LR;NA;CHEVIGNY SAINT SAUVEUR;Canton;WIKIPEDIA
RUINET;FRANCOIS;M;14/06/1972;CONSEILLER MUNICIPAL;20/03/2020;NA;NA;M;20/03/2020;NA;NA;LR;NA;TALANT;Commune;PRESSE
SAUVADET;FRANCOIS;M;20/04/1953;CONSEILLER MUNICIPAL;12/03/1989;10/06/1995;FM;NA;NA;NA;FM;UDF;59303;CHANCEAUX;Commune;BOTTIN CdO
SAUVADET;FRANCOIS;M;20/04/1953;DEPUTE;21/03/1993;20/05/1997;FM;NA;NA;NA;NA;UDF;NA;4EME CIRCONSCRIPTION COTE D OR;Circonscription Legislative;BOTTIN CdO
SAUVADET;FRANCOIS;M;20/04/1953;CONSEILLER MUNICIPAL;11/06/1995;10/03/2001;FM;M;11/06/1995;10/03/2001;FM;UDF;NA;VITTEAUX;Commune;BOTTIN CdO
SAUVADET;FRANCOIS;M;20/04/1953;DEPUTE;25/05/1997;05/06/2002;FM;NA;NA;NA;NA;UDF;NA;4EME CIRCONSCRIPTION COTE D OR;Circonscription Legislative;BOTTIN CdO
SAUVADET;FRANCOIS;M;20/04/1953;CONSEILLER DEPARTEMENTAL;15/03/1998;20/03/2004;FM;1er VP;15/03/1998;20/03/2004;FM;UDF;21_50-37;VITTEAUX;Canton;BOTTIN CdO
SAUVADET;FRANCOIS;M;20/04/1953;DEPUTE;09/06/2002;10/06/2007;FM;NA;NA;NA;NA;UDF;NA;4EME CIRCONSCRIPTION COTE D OR;Circonscription Legislative;WIKIPEDIA
SAUVADET;FRANCOIS;M;20/04/1953;CONSEILLER DEPARTEMENTAL;21/03/2004;10/03/2011;FM;P;20/03/2008;10/03/2011;FM;UDF;NA;VITTEAUX;Canton;WIKIPEDIA
SAUVADET;FRANCOIS;M;20/04/1953;DEPUTE;17/06/2007;10/06/2012;FM;NA;NA;NA;NA;UDF;NA;4EME CIRCONSCRIPTION COTE D OR;Circonscription Legislative;WIKIPEDIA
SAUVADET;FRANCOIS;M;20/04/1953;CONSEILLER DEPARTEMENTAL;20/03/2011;20/03/2015;FM;NA;20/03/2011;20/03/2015;FM;UDF;NA;VITTEAUX;Canton;WIKIPEDIA
SAUVADET;FRANCOIS;M;20/04/1953;DEPUTE;17/06/2012;17/08/2016;AU;NA;NA;NA;NA;UDF;NA;4EME CIRCONSCRIPTION COTE D OR;Circonscription Legislative;WIKIPEDIA
SAUVADET;FRANCOIS;M;20/04/1953;CONSEILLER DEPARTEMENTAL;29/03/2015;20/06/2021;FM;NA;29/03/2015;20/06/2021;FM;UDF;NA;SEMUR EN AUXOIS;Canton;WIKIPEDIA
SAUVADET;FRANCOIS;M;20/04/1953;CONSEILLER REGIONAL;03/01/2016;03/07/2021;FM;NA;NA;NA;NA;UDF;NA;COTE D OR;Departement;WIKIPEDIA
SORDEL;MICHEL;M;11/11/1920;CONSEILLER MUNICIPAL;14/03/1965;10/03/1971;FM;M;14/03/1965;10/03/1971;FM;REI;55724;CHATILLON SUR SEINE;Commune;ARCHIVES
SORDEL;MICHEL;M;11/11/1920;CONSEILLER MUNICIPAL;14/03/1971;10/03/1977;FM;M;14/03/1971;10/03/1977;FM;REI;55724;CHATILLON SUR SEINE;Commune;ARCHIVES
SORDEL;MICHEL;M;11/11/1920;SENATEUR;26/09/1971;20/09/1980;FM;NA;NA;NA;NA;REI;NA;COTE D OR;Departement;WIKIPEDIA
SORDEL;MICHEL;M;11/11/1920;CONSEILLER MUNICIPAL;13/03/1977;05/03/1983;FM;M;13/03/1977;05/03/1983;FM;REI;55724;CHATILLON SUR SEINE;Commune;ARCHIVES
SORDEL;MICHEL;M;11/11/1920;SENATEUR;28/09/1980;20/09/1989;FM;NA;NA;NA;NA;REI;NA;COTE D OR;Departement;WIKIPEDIA
SORDEL;MICHEL;M;11/11/1920;CONSEILLER MUNICIPAL;06/03/1983;10/03/1989;FM;M;06/03/1983;10/03/1989;FM;REI;55724;CHATILLON SUR SEINE;Commune;ARCHIVES
SOUNY;JEAN;M;20/11/1897;CONSEILLER MUNICIPAL;07/03/1964;10/03/1965;FM;M;07/03/1964;10/03/1965;FM;UNR;40756;FONTAINE LES DIJON;Commune;ARCHIVES
SOUNY;JEAN;M;20/11/1897;CONSEILLER MUNICIPAL;14/03/1965;10/03/1971;FM;M;14/03/1965;10/03/1971;FM;UNR;40756;FONTAINE LES DIJON;Commune;WIKIPEDIA
SUGUENOT;ALAIN;M;17/09/1951;CONSEILLER REGIONAL;16/03/1986;21/03/1992;FM;VP;16/03/1986;21/03/1992;FM;NA;NA;NIEVRE;Departement;BOTTIN CdO
SUGUENOT;ALAIN;M;17/09/1951;CONSEILLER REGIONAL;22/03/1992;14/03/1998;FM;VP;22/03/1992;14/03/1998;FM;NA;1790_20;COTE D OR;Departement;BOTTIN CdO
SUGUENOT;ALAIN;M;17/09/1951;DEPUTE;02/04/1993;21/04/1997;FM;NA;NA;NA;FM;UMP;66985;5EME CIRCONSCRIPTION COTE D OR;Circonscription Legislative;BOTTIN CdO
SUGUENOT;ALAIN;M;17/09/1951;CONSEILLER MUNICIPAL;11/03/1995;10/03/2001;FM;M;11/03/1995;10/03/2001;FM;UMP;48130;BEAUNE;Commune;BOTTIN CdO
SUGUENOT;ALAIN;M;17/09/1951;CONSEILLER REGIONAL;15/03/1998;02/07/2002;AU;VP;15/03/1998;02/07/2002;AU;NA;1790_20;COTE D OR;Departement;BOTTIN CdO
SUGUENOT;ALAIN;M;17/09/1951;CONSEILLER MUNICIPAL;11/03/2001;01/03/2008;FM;M;11/03/2001;01/03/2008;FM;UMP;NA;BEAUNE;Commune;WIKIPEDIA
SUGUENOT;ALAIN;M;17/09/1951;DEPUTE;09/06/2002;10/06/2007;FM;NA;NA;NA;NA;UMP;NA;5EME CIRCONSCRIPTION COTE D OR;Circonscription Legislative;WIKIPEDIA
SUGUENOT;ALAIN;M;17/09/1951;DEPUTE;17/06/2007;10/06/2012;FM;NA;NA;NA;NA;UMP;NA;5EME CIRCONSCRIPTION COTE D OR;Circonscription Legislative;WIKIPEDIA
SUGUENOT;ALAIN;M;17/09/1951;CONSEILLER MUNICIPAL;09/03/2008;20/03/2014;FM;M;09/03/2008;20/03/2014;FM;UMP;NA;BEAUNE;Commune;WIKIPEDIA
SUGUENOT;ALAIN;M;17/09/1951;DEPUTE;17/06/2012;20/06/2017;FM;NA;NA;NA;NA;LR;NA;5EME CIRCONSCRIPTION COTE D OR;Circonscription Legislative;WIKIPEDIA
SUGUENOT;ALAIN;M;17/09/1951;CONSEILLER MUNICIPAL;23/03/2014;10/03/2020;FM;M;23/03/2014;10/03/2020;FM;LR;NA;BEAUNE;Commune;WIKIPEDIA
SUGUENOT;ALAIN;M;17/09/1951;CONSEILLER MUNICIPAL;15/03/2020;NA;NA;M;15/03/2020;NA;NA;LR;NA;BEAUNE;Commune;WIKIPEDIA
SUREAU;HENRI;M;02/03/1909;CONSEILLER MUNICIPAL;14/03/1971;10/03/1977;FM;M;14/03/1971;10/03/1977;FM;REI;65024;CHENOVE;Commune;ARCHIVES
VEILLET;JEAN;M;14/05/1901;CONSEILLER DEPARTEMENTAL;23/09/1945;01/10/1951;FM;NA;NA;NA;NA;NA;21_13-9;DIJON 1;Canton;BOTTIN CdO
VEILLET;JEAN;M;14/05/1901;CONSEILLER DEPARTEMENTAL;07/10/1951;15/04/1958;FM;NA;NA;NA;NA;NA;21_13-9;DIJON 1;Canton;BOTTIN CdO
VEILLET;JEAN;M;14/05/1901;CONSEILLER DEPARTEMENTAL;20/04/1958;05/03/1964;FM;NA;NA;NA;NA;NA;21_13-9;DIJON 1;Canton;BOTTIN CdO
VEILLET;JEAN;M;14/05/1901;CONSEILLER DEPARTEMENTAL;08/03/1964;20/09/1970;FM;P;01/01/1966;20/09/1970;FM;NA;21_13-9;DIJON 1;Canton;BOTTIN CdO
VEILLET;JEAN;M;14/05/1901;CONSEILLER MUNICIPAL;25/04/1968;10/03/1971;FM;M;25/04/1968;10/03/1971;FM;NA;47564;DIJON;Commune;BOTTIN CdO
VEILLET;JEAN;M;14/05/1901;CONSEILLER DEPARTEMENTAL;23/09/1970;05/03/1976;FM;P;23/09/1970;01/01/1975;FM;NA;21_13-9;DIJON 1;Canton;BOTTIN CdO
VIALLANES;ETIENNE;M;02/01/1891;CONSEILLER MUNICIPAL;03/05/1925;01/05/1929;FM;NA;NA;NA;NA;CNIP;NA;MARCELLOIS;Commune;WIKIPEDIA
VIALLANES;ETIENNE;M;02/01/1891;CONSEILLER MUNICIPAL;01/01/1929;01/05/1935;FM;M;01/01/1929;01/05/1935;FM;CNIP;NA;MARCELLOIS;Commune;WIKIPEDIA
VIALLANES;ETIENNE;M;02/01/1891;CONSEILLER MUNICIPAL;05/05/1935;25/04/1945;FM;M;05/05/1935;25/04/1945;FM;CNIP;NA;MARCELLOIS;Commune;WIKIPEDIA
VIALLANES;ETIENNE;M;02/01/1891;CONSEILLER MUNICIPAL;29/04/1945;10/10/1947;FM;M;29/04/1945;10/10/1947;FM;CNIP;NA;MARCELLOIS;Commune;WIKIPEDIA
VIALLANES;ETIENNE;M;02/01/1891;CONSEILLER MUNICIPAL;19/10/1947;20/04/1953;FM;M;19/10/1947;20/04/1953;FM;CNIP;NA;MARCELLOIS;Commune;WIKIPEDIA
VIALLANES;ETIENNE;M;02/01/1891;CONSEILLER MUNICIPAL;26/05/1953;05/03/1959;FM;M;26/05/1953;05/03/1959;FM;CNIP;NA;MARCELLOIS;Commune;WIKIPEDIA
VIALLANES;ETIENNE;M;02/01/1891;SENATEUR;06/10/1957;01/10/1962;FM;NA;NA;NA;NA;CNIP;NA;COTE D OR;Departement;WIKIPEDIA
VIALLANES;ETIENNE;M;02/01/1891;CONSEILLER MUNICIPAL;08/03/1959;10/03/1965;FM;M;08/03/1959;01/01/1963;NA;CNIP;NA;MARCELLOIS;Commune;WIKIPEDIA
VOUILLOT;HERVE;M;01/04/1943;DEPUTE;14/04/1981;10/03/1986;FM;NA;NA;NA;NA;SOC;1790_20;COTE D OR;Departement;BOTTIN CdO
VOUILLOT;HERVE;M;01/04/1943;CONSEILLER MUNICIPAL;01/02/1984;10/03/1989;FM;M;01/02/1984;10/03/1989;FM;SOC;59499;QUETIGNY;Commune;WIKIPEDIA
VOUILLOT;HERVE;M;01/04/1943;CONSEILLER REGIONAL;16/03/1986;20/03/1992;FM;NA;NA;NA;NA;SOC;1790_20;COTE D OR;Departement;BOTTIN CdO
VOUILLOT;HERVE;M;01/04/1943;CONSEILLER DEPARTEMENTAL;25/09/1988;15/03/1994;FM;NA;NA;NA;NA;SOC;21_15-11;DIJON 3;Canton;BOTTIN CdO
VOUILLOT;HERVE;M;01/04/1943;CONSEILLER MUNICIPAL;12/03/1989;10/06/1995;FM;M;12/03/1989;10/06/1995;FM;SOC;59499;QUETIGNY;Commune;WIKIPEDIA
VOUILLOT;HERVE;M;01/04/1943;CONSEILLER REGIONAL;22/03/1992;01/08/1994;AU;NA;NA;NA;NA;SOC;1790_20;COTE D OR;Departement;BOTTIN CdO
VOUILLOT;HERVE;M;01/04/1943;CONSEILLER DEPARTEMENTAL;20/03/1994;10/03/2001;FM;NA;NA;NA;NA;SOC;21_15-11;DIJON 3;Canton;BOTTIN CdO
VOUILLOT;HERVE;M;01/04/1943;CONSEILLER MUNICIPAL;11/06/1995;10/03/2001;FM;M;11/06/1995;10/03/2001;FM;SOC;59499;QUETIGNY;Commune;WIKIPEDIA
VOUILLOT;HERVE;M;01/04/1943;CONSEILLER MUNICIPAL;11/03/2001;01/01/2003;DM;M;11/03/2001;01/01/2003;DM;SOC;NA;QUETIGNY;Commune;WIKIPEDIA
BORDAT;BENOIT;M;07/02/1984;CONSEILLER MUNICIPAL;30/03/2014;20/06/2020;FM;NA;NA;NA;NA;MODEM;NA;DIJON;Commune;WIKIPEDIA
BORDAT;BENOIT;M;07/02/1984;CONSEILLER MUNICIPAL;28/06/2020;NA;NA;NA;NA;NA;NA;LREM;NA;DIJON;Commune;WIKIPEDIA
BORDAT;BENOIT;M;07/02/1984;CONSEILLER DEPARTEMENTAL;27/06/2021;NA;NA;NA;NA;NA;NA;LREM;NA;DIJON 4;Canton;WIKIPEDIA
BORDAT;BENOIT;M;07/02/1984;DEPUTE;19/06/2022;NA;NA;NA;NA;NA;NA;LREM;NA;2EME CIRCONSCRIPTION COTE D OR;Circonscription Legislative;WIKIPEDIA
BRIGAND;HUBERT;M;28/07/1952;DEPUTE;19/06/2022;NA;NA;NA;NA;NA;NA;LREM;NA;4EME CIRCONSCRIPTION COTE D OR;Circonscription Legislative;WIKIPEDIA
BRIGAND;HUBERT;M;28/07/1952;CONSEILLER DEPARTEMENTAL;02/10/1988;20/03/1994;FM;NA;NA;NA;NA;NA;NA;CHATILLON SUR SEINE;Canton;WIKIPEDIA
BRIGAND;HUBERT;M;28/07/1952;CONSEILLER DEPARTEMENTAL;27/03/1994;10/03/2001;FM;NA;NA;NA;NA;NA;NA;CHATILLON SUR SEINE;Canton;WIKIPEDIA
BRIGAND;HUBERT;M;28/07/1952;CONSEILLER DEPARTEMENTAL;18/03/2001;10/03/2008;FM;NA;NA;NA;NA;NA;NA;CHATILLON SUR SEINE;Canton;WIKIPEDIA
BRIGAND;HUBERT;M;28/07/1952;CONSEILLER DEPARTEMENTAL;16/03/2008;01/04/2015;FM;NA;NA;NA;NA;NA;NA;CHATILLON SUR SEINE;Canton;WIKIPEDIA
BRIGAND;HUBERT;M;28/07/1952;CONSEILLER DEPARTEMENTAL;02/04/2015;10/06/2021;FM;NA;NA;NA;NA;NA;NA;CHATILLON SUR SEINE;Canton;WIKIPEDIA
BRIGAND;HUBERT;M;28/07/1952;CONSEILLER DEPARTEMENTAL;20/06/2021;12/09/2022;DM;NA;NA;NA;NA;NA;NA;CHATILLON SUR SEINE;Canton;WIKIPEDIA
BRIGAND;HUBERT;M;28/07/1952;CONSEILLER MUNICIPAL;12/03/1989;10/06/1995;FM;NA;NA;NA;NA;NA;NA;CHATILLON SUR SEINE;Commune;WIKIPEDIA
BRIGAND;HUBERT;M;28/07/1952;CONSEILLER MUNICIPAL;11/06/1995;10/03/2001;FM;M;11/06/1995;10/03/2001;FM;NA;NA;CHATILLON SUR SEINE;Commune;WIKIPEDIA
BRIGAND;HUBERT;M;28/07/1952;CONSEILLER MUNICIPAL;11/03/2001;01/03/2008;FM;M;11/03/2001;01/03/2008;FM;NA;NA;CHATILLON SUR SEINE;Commune;WIKIPEDIA
BRIGAND;HUBERT;M;28/07/1952;CONSEILLER MUNICIPAL;09/03/2008;20/03/2014;FM;M;09/03/2008;20/03/2014;FM;NA;NA;CHATILLON SUR SEINE;Commune;WIKIPEDIA
BRIGAND;HUBERT;M;28/07/1952;CONSEILLER MUNICIPAL;30/03/2014;20/06/2020;FM;M;30/03/2014;20/06/2020;FM;NA;NA;CHATILLON SUR SEINE;Commune;WIKIPEDIA
BRIGAND;HUBERT;M;28/07/1952;CONSEILLER MUNICIPAL;28/06/2020;07/09/2022;DM;M;28/06/2020;07/09/2022;CUMUL;NA;NA;CHATILLON SUR SEINE;Commune;WIKIPEDIA
