"Id","IdIndividu","IdEluRNEHisto","IdEluSenat","IdEluAssemblee","NomDeNaissance","Prenom","Sexe","DateDeNaissance","TypeMandat","DateDebutMandat","DateFinMandat","MotifFinMandat","TypeFonction","DateDebutFonction","DateFinFonction","MotifFinFonction","NuancePolitique","IdTerritoire","NomTerritoire","TypeTerritoire","Sources"
"ain_005",NA,NA,NA,NA,"BARBEROT","PAUL","M",1915-10-26,"DEPUTE",1962-11-18,1967-03-01,"FM",NA,NA,NA,NA,NA,NA,"1ERE CIRCONSCRIPTION AIN","Circonscription legislative","WIKIPEDIA"
"ain_005",NA,NA,NA,NA,"BARBEROT","PAUL","M",1915-10-26,"DEPUTE",1967-03-05,1968-06-20,"FM",NA,NA,NA,NA,NA,NA,"1ERE CIRCONSCRIPTION AIN","Circonscription legislative","WIKIPEDIA"
"ain_005",NA,NA,NA,NA,"BARBEROT","PAUL","M",1915-10-26,"DEPUTE",1968-06-23,1973-03-01,"FM",NA,NA,NA,NA,NA,NA,"1ERE CIRCONSCRIPTION AIN","Circonscription legislative","WIKIPEDIA"
"ain_005",NA,NA,NA,NA,"BARBEROT","PAUL","M",1915-10-26,"DEPUTE",1973-03-04,1978-03-10,"FM",NA,NA,NA,NA,NA,NA,"1ERE CIRCONSCRIPTION AIN","Circonscription legislative","WIKIPEDIA"
"ain_010",NA,NA,NA,NA,"BERTRAND","JEAN MICHEL","M",1943-06-06,"DEPUTE",2002-06-19,2007-06-20,"FM",NA,NA,NA,NA,NA,NA,"1ERE CIRCONSCRIPTION AIN","Circonscription legislative","WIKIPEDIA"
"ain_017",NA,NA,NA,NA,"BOYON","JACQUES","M",1934-09-30,"DEPUTE",1993-04-02,1997-04-21,NA,NA,NA,NA,NA,NA,NA,"1ERE CIRCONSCRIPTION AIN","Circonscription legislative","WIKIPEDIA"
"ain_017",NA,NA,NA,NA,"BOYON","JACQUES","M",1934-09-30,"DEPUTE",1988-06-23,1993-04-01,"FM",NA,NA,NA,NA,NA,NA,"1ERE CIRCONSCRIPTION AIN","Circonscription legislative","WIKIPEDIA"
"ain_017",NA,NA,NA,NA,"BOYON","JACQUES","M",1934-09-30,"DEPUTE",1986-04-02,1986-09-20,"GOUVERNEMENT",NA,NA,NA,NA,NA,NA,"1ERE CIRCONSCRIPTION AIN","Circonscription legislative","WIKIPEDIA"
"ain_017",NA,NA,NA,NA,"BOYON","JACQUES","M",1934-09-30,"DEPUTE",1978-04-03,1981-05-22,"FM",NA,NA,NA,NA,NA,NA,"1ERE CIRCONSCRIPTION AIN","Circonscription legislative","WIKIPEDIA"
"ain_019",NA,NA,NA,NA,"BRETON ","XAVIER","M",1962-11-25,"DEPUTE",2007-06-17,2012-06-10,"FM",NA,NA,NA,NA,"DROITE",NA,"1ERE CIRCONSCRIPTION AIN","Circonscription legislative","WIKIPEDIA"
"ain_019",NA,NA,NA,NA,"BRETON ","XAVIER","M",1962-11-25,"DEPUTE",2012-12-17,2017-06-10,"FM",NA,NA,NA,NA,"DROITE",NA,"1ERE CIRCONSCRIPTION AIN","Circonscription legislative","WIKIPEDIA"
"ain_019",NA,NA,NA,NA,"BRETON ","XAVIER","M",1962-11-25,"DEPUTE",2017-06-18,2022-06-10,"FM",NA,NA,NA,NA,"DROITE",NA,"1ERE CIRCONSCRIPTION AIN","Circonscription legislative","WIKIPEDIA"
"ain_019",NA,NA,NA,NA,"BRETON ","XAVIER","M",1962-11-25,"DEPUTE",2022-06-19,NA,NA,NA,NA,NA,NA,"DROITE",NA,"1ERE CIRCONSCRIPTION AIN","Circonscription legislative","WIKIPEDIA"
"ain_072",NA,NA,NA,NA,"ROBIN ","LOUIS","M",1923-05-01,"DEPUTE",1981-06-14,1986-03-10,"FM",NA,NA,NA,NA,NA,NA,"1ERE CIRCONSCRIPTION AIN","Circonscription legislative","WIKIPEDIA"
"ain_057",NA,NA,NA,NA,"MERCIER","AMEDEE","M",1890-12-02,"DEPUTE",1958-11-30,1962-10-09,"FM",NA,NA,NA,NA,"SOC",NA,"1ERE CIRCONSCRIPTION AIN","Departement","WIKIPEDIA"
"ain_003",NA,NA,NA,NA,"ANTHONIOZ","MARCEL","M",1911-04-26,"DEPUTE",1973-03-04,1976-08-31,"DC","VP",1973-03-04,1976-08-31,"DC","CENTRE",NA,"2EME CIRCONSCRIPTION DE L'AIN","Circonscription legislative","WIKIPEDIA"
"ain_003",NA,NA,NA,NA,"ANTHONIOZ","MARCEL","M",1911-04-26,"DEPUTE",1958-11-23,1962-11-15,"FM",NA,NA,NA,NA,"IPAS",NA,"2EME CIRCONSCRIPTION DE L'AIN","Circonscription legislative","WIKIPEDIA"
"ain_003",NA,NA,NA,NA,"ANTHONIOZ","MARCEL","M",1911-04-26,"DEPUTE",1962-11-18,1967-03-01,"FM",NA,NA,NA,NA,"CENTRE",NA,"2EME CIRCONSCRIPTION DE L'AIN","Circonscription legislative","WIKIPEDIA"
"ain_023",NA,NA,NA,NA,"CARRIER","MICHEL","M",1906-10-02,"DEPUTE",1969-07-23,1973-04-01,"FM",NA,NA,NA,NA,"CENTRE",NA,"2EME CIRCONSCRIPTION DE L'AIN","Circonscription legislative","WIKIPEDIA"
"ain_023",NA,NA,NA,NA,"CARRIER","MICHEL","M",1906-10-02,"DEPUTE",1976-08-31,1978-04-02,"FM",NA,NA,NA,NA,"CENTRE",NA,"2EME CIRCONSCRIPTION DE L'AIN","Circonscription legislative","WIKIPEDIA"
"ain_028",NA,NA,NA,NA,"DAUBIE","ROMAIN","M",1980-05-05,"DEPUTE",2022-06-19,NA,NA,NA,NA,NA,NA,"CENTRE",NA,"2EME CIRCONSCRIPTION DE L'AIN","Circonscription legislative","WIKIPEDIA"
"ain_029","RNE_0106732","106732","NULL","PA1012","DE LA VERPILLIERE","CHARLES","M",1954-05-31,"DEPUTE",2012-06-10,2017-06-10,"FM",NA,NA,NA,NA,NA,NA,"2EME CIRCONSCRIPTION DE L'AIN","Circonscription legislative","WIKIPEDIA"
"ain_029","RNE_0106732","106732","NULL","PA1012","DE LA VERPILLIERE","CHARLES","M",1954-05-31,"DEPUTE",2017-06-11,2022-06-20,"FM",NA,NA,NA,NA,NA,NA,"2EME CIRCONSCRIPTION DE L'AIN","Circonscription legislative","WIKIPEDIA"
"ain_048",NA,NA,NA,NA,"GUICHON","LUCIEN","M",1932-02-09,"DEPUTE",1986-03-16,1988-06-01,"FM",NA,NA,NA,NA,"DROITE",NA,"2EME CIRCONSCRIPTION DE L'AIN","Circonscription legislative","WIKIPEDIA"
"ain_048",NA,NA,NA,NA,"GUICHON","LUCIEN","M",1932-02-09,"DEPUTE",1988-06-05,1993-03-15,"FM",NA,NA,NA,NA,"DROITE",NA,"2EME CIRCONSCRIPTION DE L'AIN","Circonscription legislative","WIKIPEDIA"
"ain_048",NA,NA,NA,NA,"GUICHON","LUCIEN","M",1932-02-09,"DEPUTE",1993-03-21,1997-05-20,"FM",NA,NA,NA,NA,"DROITE",NA,"2EME CIRCONSCRIPTION DE L'AIN","Circonscription legislative","WIKIPEDIA"
"ain_048",NA,NA,NA,NA,"GUICHON","LUCIEN","M",1932-02-09,"DEPUTE",1997-05-25,2002-06-01,"FM",NA,NA,NA,NA,"DROITE",NA,"2EME CIRCONSCRIPTION DE L'AIN","Circonscription legislative","WIKIPEDIA"
"ain_048",NA,NA,NA,NA,"GUICHON","LUCIEN","M",1932-02-09,"DEPUTE",2002-06-18,2007-06-20,"FM",NA,NA,NA,NA,"DROITE",NA,"2EME CIRCONSCRIPTION DE L'AIN","Circonscription legislative","WIKIPEDIA"
"ain_060",NA,NA,NA,NA,"MILLON","CHARLES","M",1945-11-12,"DEPUTE",1986-03-16,1988-06-01,"FM","VP",1986-04-04,1988-05-14,"FM","CENTRE",NA,"2EME CIRCONSCRIPTION DE L'AIN","Circonscription legislative","WIKIPEDIA"
"ain_060",NA,NA,NA,NA,"MILLON","CHARLES","M",1945-11-12,"DEPUTE",1978-03-12,1981-06-10,"FM",NA,NA,NA,NA,"CENTRE",NA,"2EME CIRCONSCRIPTION DE L'AIN","Circonscription legislative","WIKIPEDIA"
"ain_060",NA,NA,NA,NA,"MILLON","CHARLES","M",1945-11-12,"DEPUTE",1981-06-14,1986-03-10,"FM",NA,NA,NA,NA,"CENTRE",NA,"2EME CIRCONSCRIPTION DE L'AIN","Circonscription legislative","WIKIPEDIA"
"ain_004",NA,NA,NA,NA,"ARMAND","GERARD","M",1941-07-09,"DEPUTE",1995-06-18,1997-04-21,"FM",NA,NA,NA,NA,NA,NA,"3EME CIRCONSCRIPTION AIN","Circonscription legislative","WIKIPEDIA"
"ain_030","SEN_058913V","NULL","58913V","NULL","DE LA VERPILLIERE","GUY","M",1922-08-09,"DEPUTE",1967-03-05,1968-06-20,"FM",NA,NA,NA,NA,NA,NA,"3EME CIRCONSCRIPTION AIN","Circonscription legislative","WIKIPEDIA"
"ain_030","SEN_058913V","NULL","58913V","NULL","DE LA VERPILLIERE","GUY","M",1922-08-09,"DEPUTE",1968-06-23,1973-03-01,"FM",NA,NA,NA,NA,NA,NA,"3EME CIRCONSCRIPTION AIN","Circonscription legislative","WIKIPEDIA"
"ain_030","SEN_058913V","NULL","58913V","NULL","DE LA VERPILLIERE","GUY","M",1922-08-09,"DEPUTE",1973-03-03,1978-03-10,"FM",NA,NA,NA,NA,NA,NA,"3EME CIRCONSCRIPTION AIN","Circonscription legislative","WIKIPEDIA"
"ain_030","SEN_058913V","NULL","58913V","NULL","DE LA VERPILLIERE","GUY","M",1922-08-09,"DEPUTE",1978-03-12,1980-01-01,"AU",NA,NA,NA,NA,NA,NA,"3EME CIRCONSCRIPTION AIN","Circonscription legislative","WIKIPEDIA"
"ain_033",NA,NA,NA,NA,"DUBUIS","EMILE","M",1911-03-20,"DEPUTE",1958-11-23,1962-11-10,"FM",NA,NA,NA,NA,"CENTRE",NA,"3EME CIRCONSCRIPTION AIN","Circonscription legislative","WIKIPEDIA"
"ain_033",NA,NA,NA,NA,"DUBUIS","EMILE","M",1911-03-20,"DEPUTE",1962-11-18,1967-03-01,"FM",NA,NA,NA,NA,"CENTRE",NA,"3EME CIRCONSCRIPTION AIN","Circonscription legislative","WIKIPEDIA"
"ain_043",NA,NA,NA,NA,"GIVERNET","OLGA","F",1981-10-17,"DEPUTE",2017-06-18,2022-06-20,"FM",NA,NA,NA,NA,"LREM",NA,"3EME CIRCONSCRIPTION AIN","Circonscription legislative","WIKIPEDIA"
"ain_043",NA,NA,NA,NA,"GIVERNET","OLGA","F",1981-10-17,"DEPUTE",2022-06-21,NA,NA,NA,NA,NA,NA,"LREM",NA,"3EME CIRCONSCRIPTION AIN","Circonscription legislative","WIKIPEDIA"
"ain_060",NA,NA,NA,NA,"MILLON","CHARLES","M",1945-11-12,"DEPUTE",1995-05-18,1997-06-12,"FM",NA,NA,NA,NA,"CENTRE",NA,"3EME CIRCONSCRIPTION AIN","Circonscription legislative","WIKIPEDIA"
"ain_060",NA,NA,NA,NA,"MILLON","CHARLES","M",1945-11-12,"DEPUTE",1988-06-05,1993-03-15,"FM",NA,NA,NA,NA,"CENTRE",NA,"3EME CIRCONSCRIPTION AIN","Circonscription legislative","WIKIPEDIA"
"ain_060",NA,NA,NA,NA,"MILLON","CHARLES","M",1945-11-12,"DEPUTE",1993-03-21,1995-06-18,"MINISTRE",NA,NA,NA,NA,"CENTRE",NA,"3EME CIRCONSCRIPTION AIN","Circonscription legislative","WIKIPEDIA"
"ain_071",NA,NA,NA,NA,"RAVASSARD","NOEL","M",1935-07-25,"DEPUTE",1980-11-30,1981-05-22,"FM",NA,NA,NA,NA,"SOC",NA,"3EME CIRCONSCRIPTION AIN","Circonscription legislative","ARCHIVES"
"ain_071",NA,NA,NA,NA,"RAVASSARD","NOEL","M",1935-07-25,"DEPUTE",1981-06-21,1986-04-01,"FM",NA,NA,NA,NA,"SOC",NA,"3EME CIRCONSCRIPTION AIN","Circonscription legislative","ARCHIVES"
"ain_071",NA,NA,NA,NA,"RAVASSARD","NOEL","M",1935-07-25,"DEPUTE",1986-03-16,1988-05-14,"FM",NA,NA,NA,NA,"SOC",NA,"3EME CIRCONSCRIPTION AIN","Circonscription legislative","ARCHIVES"
"ain_079",NA,NA,NA,NA,"TROMPILLE","STEPHANE","M",1982-12-01,"DEPUTE",2017-06-18,2022-06-20,"FM",NA,NA,NA,NA,"LREM",NA,"4EME CIRCONSCRIPTION AIN","Circonscription legislative","WIKIPEDIA"
"ain_020",NA,NA,NA,NA,"BUISSON","JEROME","M",1973-01-15,"DEPUTE",2022-06-22,NA,NA,NA,NA,NA,NA,"EXTD",NA,"4EME CIRCONSCRIPTION AIN","Circonscription legislative","WIKIPEDIA"
"ain_082",NA,NA,NA,NA,"VOISIN","MICHEL","M",1944-10-06,"DEPUTE",1988-06-05,1993-03-15,"FM",NA,NA,NA,NA,"CENTRE",NA,"4EME CIRCONSCRIPTION AIN","Circonscription legislative","WIKIPEDIA"
"ain_082",NA,NA,NA,NA,"VOISIN","MICHEL","M",1944-10-06,"DEPUTE",1993-03-21,1997-05-20,"FM",NA,NA,NA,NA,"CENTRE",NA,"4EME CIRCONSCRIPTION AIN","Circonscription legislative","WIKIPEDIA"
"ain_082",NA,NA,NA,NA,"VOISIN","MICHEL","M",1944-10-06,"DEPUTE",1997-05-25,2002-06-01,"FM",NA,NA,NA,NA,"CENTRE",NA,"4EME CIRCONSCRIPTION AIN","Circonscription legislative","WIKIPEDIA"
"ain_082",NA,NA,NA,NA,"VOISIN","MICHEL","M",1944-10-06,"DEPUTE",2002-06-18,2007-06-20,"FM",NA,NA,NA,NA,"DROITE",NA,"4EME CIRCONSCRIPTION AIN","Circonscription legislative","WIKIPEDIA"
"ain_082",NA,NA,NA,NA,"VOISIN","MICHEL","M",1944-10-06,"DEPUTE",2007-06-20,2012-06-19,"FM",NA,NA,NA,NA,"DROITE",NA,"4EME CIRCONSCRIPTION AIN","Circonscription legislative","WIKIPEDIA"
"ain_082",NA,NA,NA,NA,"VOISIN","MICHEL","M",1944-10-06,"DEPUTE",2012-06-20,2017-06-20,"FM",NA,NA,NA,NA,"DROITE",NA,"4EME CIRCONSCRIPTION AIN","Circonscription legislative","WIKIPEDIA"
"ain_001",NA,NA,NA,NA,"ABAD","DAMIEN","M",1980-04-05,"DEPUTE",2012-06-17,2017-06-10,"FM",NA,NA,NA,NA,"DROITE",NA,"5EME CIRCONSCRIPTION AIN","Circonscription legislative","WIKIPEDIA"
"ain_001",NA,NA,NA,NA,"ABAD","DAMIEN","M",1980-04-05,"DEPUTE",2017-06-18,2022-06-10,"FM",NA,NA,NA,NA,"DROITE",NA,"5EME CIRCONSCRIPTION AIN","Circonscription legislative","WIKIPEDIA"
"ain_001",NA,NA,NA,NA,"ABAD","DAMIEN","M",1980-04-05,"DEPUTE",2022-06-19,NA,NA,NA,NA,NA,NA,"DROITE",NA,"5EME CIRCONSCRIPTION AIN","Circonscription legislative","WIKIPEDIA"
"ain_003",NA,NA,NA,NA,"ANTHONIOZ","MARCEL","M",1911-04-26,"DEPUTE",1951-06-17,1955-12-01,"FM",NA,NA,NA,NA,"CENTRE",NA,"AIN","Circonscription legislative","WIKIPEDIA"
"ain_003",NA,NA,NA,NA,"ANTHONIOZ","MARCEL","M",1911-04-26,"DEPUTE",1956-01-02,1958-11-01,"FM",NA,NA,NA,NA,"IPAS",NA,"AIN","Circonscription legislative","WIKIPEDIA"
"ain_012",NA,NA,NA,NA,"BILLIEMAZ","AUGUSTE","M",1903-08-29,"SENATEUR",1959-04-26,1962-09-20,"FM",NA,NA,NA,NA,"RAD",NA,"AIN","Circonscription legislative","WIKIPEDIA"
"ain_012",NA,NA,NA,NA,"BILLIEMAZ","AUGUSTE","M",1903-08-29,"SENATEUR",1962-09-23,1971-09-20,"FM",NA,NA,NA,NA,"RAD",NA,"AIN","Circonscription legislative","WIKIPEDIA"
"ain_012",NA,NA,NA,NA,"BILLIEMAZ","AUGUSTE","M",1903-08-29,"SENATEUR",1971-09-26,1980-09-20,"FM",NA,NA,NA,NA,"RAD",NA,"AIN","Circonscription legislative","WIKIPEDIA"
"ain_018",NA,NA,NA,NA,"BRAYARD","JOSEPH","M",1901-03-31,"SENATEUR",1959-04-26,1962-09-20,"FM",NA,NA,NA,NA,"DVG",NA,"AIN","Circonscription legislative","WIKIPEDIA"
"ain_018",NA,NA,NA,NA,"BRAYARD","JOSEPH","M",1901-03-31,"SENATEUR",1962-09-23,1971-09-20,"FM",NA,NA,NA,NA,"DVG",NA,"AIN","Departement","WIKIPEDIA"
"ain_065",NA,NA,NA,NA,"PEPIN","JEAN","M",1939-11-23,"SENATEUR",1989-09-24,1998-09-20,"FM",NA,NA,NA,NA,NA,NA,"AIN","Departement","WIKIPEDIA"
"ain_065",NA,NA,NA,NA,"PEPIN","JEAN","M",1939-11-23,"SENATEUR",1998-09-27,2008-09-20,"FM",NA,NA,NA,NA,NA,NA,"AIN","Departement","WIKIPEDIA"
"ain_073","SEN_058928D","NULL","58928D","NULL","RUET","ROLAND","M",1921-10-29,"SENATEUR",1971-09-26,1980-09-20,"FM",NA,NA,NA,NA,"CENTRE",NA,"AIN","Circonscription legislative","WIKIPEDIA"
"ain_073","SEN_058928D","NULL","58928D","NULL","RUET","ROLAND","M",1921-10-29,"SENATEUR",1980-09-28,1989-09-20,"FM",NA,NA,NA,NA,"CENTRE",NA,"AIN","Circonscription legislative","WIKIPEDIA"
"ain_074",NA,NA,NA,NA,"SAINT PIERRE","DOMINIQUE","M",1940-11-10,"DEPUTE",1986-03-16,1988-05-14,"FM",NA,NA,NA,NA,"SOC",NA,"AIN","Circonscription legislative","WIKIPEDIA"
"ain_001",NA,NA,NA,NA,"ABAD","DAMIEN","M",1980-04-05,"CONSEILLER REGIONAL",2010-03-21,2015-04-01,"FM",NA,NA,NA,NA,"DROITE",NA,"AIN","Departement","WIKIPEDIA"
"ain_008","RNE_0106690","106690","08059E","NULL","BERTHOU","JACQUES","M",1940-03-03,"SENATEUR",2008-10-01,2014-09-20,"FM",NA,NA,NA,NA,NA,NA,"AIN","Departement","WIKIPEDIA"
"ain_010",NA,NA,NA,NA,"BERTRAND","JEAN MICHEL","M",1943-06-06,"CONSEILLER REGIONAL",1992-03-22,1998-03-10,"FM",NA,NA,NA,NA,NA,NA,"AIN","Departement","WIKIPEDIA"
"ain_010",NA,NA,NA,NA,"BERTRAND","JEAN MICHEL","M",1943-06-06,"CONSEILLER REGIONAL",1998-03-15,2002-06-01,"AU",NA,NA,NA,NA,NA,NA,"AIN","Departement","WIKIPEDIA"
"ain_014","RNE_0000794","794","NULL","PA267075","BLANC","ETIENNE","M",1954-08-29,"CONSEILLER REGIONAL",1992-03-27,1998-03-10,"FM",NA,NA,NA,NA,NA,NA,"AIN","Departement","WIKIPEDIA"
"ain_014","RNE_0000794","794","NULL","PA267075","BLANC","ETIENNE","M",1954-08-29,"CONSEILLER REGIONAL",1998-03-15,2002-07-22,"AU","VP",1998-03-16,1998-12-11,NA,"CENTRE",NA,"AIN","Departement","WIKIPEDIA"
"ain_014","RNE_0000794","794","NULL","PA267075","BLANC","ETIENNE","M",1954-08-29,"CONSEILLER REGIONAL",1992-03-27,1998-03-10,"FM",NA,NA,NA,NA,"CENTRE",NA,"AIN","Departement","WIKIPEDIA"
"ain_015",NA,NA,NA,NA,"BLATRIX CONTAT","FLORENCE","F",1966-03-30,"SENATEUR",2020-09-27,NA,NA,NA,NA,NA,NA,"SOC",NA,"AIN","Departement","WIKIPEDIA"
"ain_019",NA,NA,NA,NA,"BRETON ","XAVIER","M",1962-11-25,"CONSEILLER REGIONAL",2016-01-04,2021-06-20,"FM",NA,NA,NA,NA,"DROITE",NA,"AIN","Departement","WIKIPEDIA"
"ain_019",NA,NA,NA,NA,"BRETON ","XAVIER","M",1962-11-25,"CONSEILLER REGIONAL",2021-06-27,NA,NA,NA,NA,NA,NA,"DROITE",NA,"AIN","Departement","WIKIPEDIA"
"ain_020",NA,NA,NA,NA,"BUISSON","JEROME","M",1973-01-15,"CONSEILLER REGIONAL",2021-06-27,NA,NA,NA,NA,NA,NA,"EXTD",NA,"AIN","Departement","WIKIPEDIA"
"ain_024",NA,NA,NA,NA,"CHAIZE","PATRICK","M",1963-03-22,"SENATEUR",2014-10-01,2020-09-30,"FM",NA,NA,NA,NA,"DROITE",NA,"AIN","Departement","WIKIPEDIA"
"ain_024",NA,NA,NA,NA,"CHAIZE","PATRICK","M",1963-03-22,"SENATEUR",2020-10-01,NA,NA,NA,NA,NA,NA,"DROITE",NA,"AIN","Departement","WIKIPEDIA"
"ain_030",NA,NA,NA,NA,"DE LA VERPILLIERE","GUY","M",1922-08-09,"SENATEUR",1980-09-28,1989-09-20,"FM",NA,NA,NA,NA,"CD",NA,"AIN","Departement","WIKIPEDIA"
"ain_037",NA,NA,NA,NA,"EMIN","JEAN-PAUL","M",1939-09-17,"SENATEUR",1989-09-24,1998-09-20,"FM",NA,NA,NA,NA,NA,NA,"AIN","Departement","WIKIPEDIA"
"ain_037",NA,NA,NA,NA,"EMIN","JEAN-PAUL","M",1939-09-17,"SENATEUR",1998-09-27,2008-09-20,"FM",NA,NA,NA,NA,NA,NA,"AIN","Departement","WIKIPEDIA"
"ain_037",NA,NA,NA,NA,"EMIN","JEAN-PAUL","M",1939-06-17,"CONSEILLER DEPARTEMENTAL",NA,NA,NA,"VP",NA,NA,NA,NA,NA,"AIN","Departement","WIKIPEDIA"
"ain_043",NA,NA,NA,NA,"GIVERNET","OLGA","F",1981-10-17,"CONSEILLER REGIONAL",2015-12-18,2021-07-01,"FM",NA,NA,NA,NA,"CENTRE",NA,"AIN","Departement","WIKIPEDIA"
"ain_046",NA,NA,NA,NA,"GOY-CHAVENT","SYLVIE","F",1963-05-23,"SENATEUR",2008-09-21,2014-09-20,"FM",NA,NA,NA,NA,NA,"UMP","AIN","Departement","WIKIPEDIA"
"ain_046",NA,NA,NA,NA,"GOY-CHAVENT","SYLVIE","F",1963-05-23,"SENATEUR",2014-09-28,2020-09-20,"FM",NA,NA,NA,NA,NA,"UMP","AIN","Departement","WIKIPEDIA"
"ain_046",NA,NA,NA,NA,"GOY-CHAVENT","SYLVIE","F",1963-05-23,"SENATEUR",2020-09-27,NA,NA,NA,NA,NA,NA,NA,"LR","AIN","Departement","WIKIPEDIA"
"ain_046",NA,NA,NA,NA,"GOY-CHAVENT","SYLVIE","F",1963-05-23,"CONSEILLER REGIONAL",2015-12-13,2021-06-20,"FM",NA,NA,NA,NA,NA,NA,"AIN","Departement","WIKIPEDIA"
"ain_055",NA,NA,NA,NA,"MAZUIR","RACHEL","M",1940-02-12,"CONSEILLER REGIONAL",1998-03-15,2004-03-15,"FM",NA,NA,NA,NA,"SOC",NA,"AIN","Departement","WIKIPEDIA"
"ain_055",NA,NA,NA,NA,"MAZUIR","RACHEL","M",1940-02-12,"SENATEUR",2014-10-01,2020-09-30,"FM",NA,NA,NA,NA,NA,NA,"AIN","Departement","WIKIPEDIA"
"ain_055",NA,NA,NA,NA,"MAZUIR","RACHEL","M",1940-02-12,"SENATEUR",2008-10-01,2014-09-30,"FM",NA,NA,NA,NA,NA,NA,"AIN","Departement","WIKIPEDIA"
"ain_060",NA,NA,NA,NA,"MILLON","CHARLES","M",1945-11-12,"CONSEILLER REGIONAL",1986-03-16,1992-03-20,"FM","P",1988-10-27,1992-03-20,"FM",NA,NA,"AIN","Departement","WIKIPEDIA"
"ain_060",NA,NA,NA,NA,"MILLON","CHARLES","M",1945-11-12,"CONSEILLER REGIONAL",1992-03-22,1998-03-10,"FM","P",1992-03-22,1998-03-10,"FM",NA,NA,"AIN","Departement","WIKIPEDIA"
"ain_060",NA,NA,NA,NA,"MILLON","CHARLES","M",1945-11-12,"CONSEILLER REGIONAL",1998-03-15,2003-01-01,NA,"P",1998-03-15,1999-01-03,NA,"CENTRE",NA,"AIN","Departement","WIKIPEDIA"
"ain_061",NA,NA,NA,NA,"MORETEAU","JEAN","M",1942-06-23,"CONSEILLER REGIONAL",1986-03-16,1992-03-20,"FM",NA,NA,NA,NA,NA,NA,"AIN","Departement","WIKIPEDIA"
"ain_071",NA,NA,NA,NA,"RAVASSARD","NOEL","M",1935-07-25,"CONSEILLER REGIONAL",1998-03-15,2004-03-15,"FM",NA,NA,NA,NA,"SOC",NA,"AIN","Departement","ARCHIVES"
"ain_074",NA,NA,NA,NA,"SAINT PIERRE","DOMINIQUE","M",1940-11-10,"CONSEILLER REGIONAL",1986-03-16,1992-03-15,"FM",NA,NA,NA,NA,"SOC",NA,"AIN","Departement","WIKIPEDIA"
"ain_074",NA,NA,NA,NA,"SAINT PIERRE","DOMINIQUE","M",1940-11-10,"CONSEILLER REGIONAL",1992-03-22,1998-03-10,"FM",NA,NA,NA,NA,"ARE",NA,"AIN","Departement","WIKIPEDIA"
"ain_074",NA,NA,NA,NA,"SAINT PIERRE","DOMINIQUE","M",1940-11-10,"CONSEILLER REGIONAL",1998-03-15,2004-03-15,"FM",NA,NA,NA,NA,"ARE",NA,"AIN","Departement","WIKIPEDIA"
"ain_027",NA,NA,NA,NA,"COMBIER","PAUL","M",1933-01-01,"CONSEILLER DEPARTEMENTAL",1976-03-07,1982-03-10,"FM","VP",1976-03-07,1982-03-10,"FM","SOC",NA,"AMBERIEU EN BUGEY","Canton","ARCHIVES"
"ain_027",NA,NA,NA,NA,"COMBIER","PAUL","M",1933-01-01,"CONSEILLER DEPARTEMENTAL",1976-03-07,1982-03-10,"FM",NA,NA,NA,NA,NA,NA,"AMBERIEU EN BUGEY","Canton","WIKIPEDIA"
"ain_067",NA,NA,NA,NA,"PIRALLA","GILLES","M",1949-10-05,"CONSEILLER DEPARTEMENTAL",1994-03-20,2001-03-10,"FM",NA,NA,NA,NA,"DROITE",NA,"AMBERIEU EN BUGEY","Canton","WIKIPEDIA"
"ain_077",NA,NA,NA,NA,"TOURNIER BILLION","LEON","M",1899-04-02,"CONSEILLER DEPARTEMENTAL",1958-04-20,1964-03-05,"FM",NA,NA,NA,NA,NA,NA,"AMBERIEU EN BUGEY","Canton","ARCHIVES"
"ain_077",NA,NA,NA,NA,"TOURNIER BILLION","LEON","M",1899-04-02,"CONSEILLER DEPARTEMENTAL",1964-03-08,1970-09-20,"FM",NA,NA,NA,NA,NA,NA,"AMBERIEU EN BUGEY","Canton","ARCHIVES"
"ain_077",NA,NA,NA,NA,"TOURNIER BILLION","LEON","M",1899-04-02,"CONSEILLER DEPARTEMENTAL",1970-03-23,1976-03-05,"FM",NA,NA,NA,NA,NA,NA,"AMBERIEU EN BUGEY","Canton","ARCHIVES"
"ain_016",NA,NA,NA,NA,"BOLLIET","GILLES","M",NA,"CONSEILLER MUNICIPAL",1992-01-01,1995-06-10,"FM","M",1992-01-01,1995-06-10,"FM","DVD",NA,"AMBERIEU EN BUGEY","Commune","WIKIPEDIA"
"ain_021",NA,NA,NA,NA,"BUY","ANTOINE","M",1907-08-22,"CONSEILLER MUNICIPAL",1971-03-14,1977-03-10,"FM","M",1971-03-14,1977-03-10,"FM","DVG",NA,"AMBERIEU EN BUGEY","Commune","ARCHIVES"
"ain_021",NA,NA,NA,NA,"BUY","ANTOINE","M",1907-08-22,"CONSEILLER MUNICIPAL",1965-03-14,1971-03-10,"FM",NA,NA,NA,NA,NA,NA,"AMBERIEU EN BUGEY","Commune","ARCHIVES"
"ain_027",NA,NA,NA,NA,"COMBIER","PAUL","M",1933-01-01,"CONSEILLER MUNICIPAL",1965-03-14,1971-03-10,"FM","M",1965-03-14,1971-03-10,"FM","SOC",NA,"AMBERIEU EN BUGEY","Commune","WIKIPEDIA"
"ain_054",NA,NA,NA,NA,"MARCELPOIL","ROBERT","M",NA,"CONSEILLER MUNICIPAL",1977-03-13,1983-03-05,"FM","M",1977-03-13,1983-03-05,"FM","DVD",NA,"AMBERIEU EN BUGEY","Commune","WIKIPEDIA"
"ain_054",NA,NA,NA,NA,"MARCELPOIL","ROBERT","M",NA,"CONSEILLER MUNICIPAL",1983-03-06,1989-03-10,"FM","M",1983-03-06,1989-03-10,"FM","DVD",NA,"AMBERIEU EN BUGEY","Commune","WIKIPEDIA"
"ain_054",NA,NA,NA,NA,"MARCELPOIL","ROBERT","M",NA,"CONSEILLER MUNICIPAL",1989-03-12,1991-12-22,"DC","M",1989-03-12,1991-12-22,"DC","DVD",NA,"AMBERIEU EN BUGEY","Commune","WIKIPEDIA"
"ain_067",NA,NA,NA,NA,"PIRALLA","GILLES","M",1949-10-05,"CONSEILLER MUNICIPAL",1995-06-11,2001-03-10,"FM","M",1995-06-11,2001-03-10,"FM","DROITE",NA,"AMBERIEU EN BUGEY","Commune","WIKIPEDIA"
"ain_067",NA,NA,NA,NA,"PIRALLA","GILLES","M",1949-10-05,"CONSEILLER MUNICIPAL",2001-03-11,2008-03-01,"FM","M",2001-03-11,2008-03-01,"FM",NA,NA,"AMBERIEU EN BUGEY","Commune","WIKIPEDIA"
"ain_077",NA,NA,NA,NA,"TOURNIER BILLION","LEON","M",1899-04-02,"CONSEILLER MUNICIPAL",1945-04-29,1947-10-10,"FM","M",1945-04-29,1947-10-10,NA,NA,NA,"AMBERIEU EN BUGEY","Commune","ARCHIVES"
"ain_077",NA,NA,NA,NA,"TOURNIER BILLION","LEON","M",1899-04-02,"CONSEILLER MUNICIPAL",1947-10-19,1953-04-20,"FM","M",1947-10-19,1953-04-20,NA,NA,NA,"AMBERIEU EN BUGEY","Commune","ARCHIVES"
"ain_077",NA,NA,NA,NA,"TOURNIER BILLION","LEON","M",1899-04-02,"CONSEILLER MUNICIPAL",1953-04-26,1959-03-05,"FM","M",1953-04-26,1959-03-05,NA,NA,NA,"AMBERIEU EN BUGEY","Commune","ARCHIVES"
"ain_077",NA,NA,NA,NA,"TOURNIER BILLION","LEON","M",1899-04-02,"CONSEILLER MUNICIPAL",1959-03-08,1965-03-10,"FM","M",1959-03-08,1965-03-10,NA,NA,NA,"AMBERIEU EN BUGEY","Commune","ARCHIVES"
"ain_039",NA,NA,NA,NA,"EXPOSITO","JOSIANE","F",1943-03-03,"CONSEILLER MUNICIPAL",1989-03-12,1995-06-10,"FM",NA,NA,NA,NA,"SOC",NA,"AMBERIEU EN BUGEY","Commune","PRESSE"
"ain_039",NA,NA,NA,NA,"EXPOSITO","JOSIANE","F",1943-03-03,"CONSEILLER MUNICIPAL",1995-06-11,2001-03-10,"FM",NA,NA,NA,NA,"SOC",NA,"AMBERIEU EN BUGEY","Commune","PRESSE"
"ain_039",NA,NA,NA,NA,"EXPOSITO","JOSIANE","F",1943-03-03,"CONSEILLER MUNICIPAL",2001-03-11,2008-03-01,"FM",NA,NA,NA,NA,"SOC",NA,"AMBERIEU EN BUGEY","Commune","PRESSE"
"ain_039",NA,NA,NA,NA,"EXPOSITO","JOSIANE","F",1943-03-03,"CONSEILLER MUNICIPAL",2008-03-17,2014-03-20,"FM","M",2008-03-17,2014-03-20,"FM","SOC",NA,"AMBERIEU EN BUGEY","Commune","WIKIPEDIA"
"ain_039",NA,NA,NA,NA,"EXPOSITO","JOSIANE","F",1943-03-03,"CONSEILLER REGIONAL",2004-03-29,2010-03-21,"FM",NA,NA,NA,NA,"SOC",NA,"AIN","Departement","WIKIPEDIA"
"ain_040",NA,NA,NA,NA,"FABRE","DANIEL","M",1961-09-07,"CONSEILLER MUNICIPAL",2014-03-22,2020-03-10,"FM","M",2014-03-22,2020-03-10,"FM","CENTRE",NA,"AMBERIEU EN BUGEY","Commune","WIKIPEDIA"
"ain_040",NA,NA,NA,NA,"FABRE","DANIEL","M",1961-09-07,"CONSEILLER MUNICIPAL",2020-03-20,NA,NA,"M",2020-03-20,NA,NA,"CENTRE",NA,"AMBERIEU EN BUGEY","Commune","WIKIPEDIA"
"ain_082",NA,NA,NA,NA,"VOISIN","MICHEL","M",1944-10-06,"CONSEILLER DEPARTEMENTAL",1992-03-22,1998-03-10,"FM","VP",1994-04-01,1998-03-10,"FM",NA,NA,"BAGE LE CHATEL","Canton","WIKIPEDIA"
"ain_082",NA,NA,NA,NA,"VOISIN","MICHEL","M",1944-10-06,"CONSEILLER DEPARTEMENTAL",1998-03-15,2004-03-20,"FM","VP",2004-03-20,NA,"AU",NA,NA,"BAGE LE CHATEL","Canton","WIKIPEDIA"
"ain_082",NA,NA,NA,NA,"VOISIN","MICHEL","M",1944-10-06,"CONSEILLER DEPARTEMENTAL",1992-03-13,1998-03-10,"FM",NA,NA,NA,NA,NA,NA,"BAGE LE CHATEL","Canton","WIKIPEDIA"
"ain_004",NA,NA,NA,NA,"ARMAND","GERARD","M",1941-07-09,"CONSEILLER DEPARTEMENTAL",1979-03-18,1985-03-01,"FM",NA,NA,NA,NA,"DROITE",NA,"BELLEGARDE SUR VALSERINE","Canton","ARCHIVES"
"ain_004",NA,NA,NA,NA,"ARMAND","GERARD","M",1941-07-09,"CONSEILLER MUNICIPAL",1995-06-11,2001-03-10,"FM","M",1995-06-11,2001-03-10,"FM","DROITE",NA,"BELLEGARDE SUR VALSERINE","Commune","WIKIPEDIA"
"ain_004",NA,NA,NA,NA,"ARMAND","GERARD","M",1941-07-09,"CONSEILLER MUNICIPAL",2001-03-13,2002-03-21,"DC","M",2001-03-13,2002-03-21,"DC","DROITE",NA,"BELLEGARDE SUR VALSERINE","Commune","WIKIPEDIA"
"ain_004",NA,NA,NA,NA,"ARMAND","GERARD","M",1941-07-09,"CONSEILLER MUNICIPAL",1983-03-06,1989-03-10,"FM",NA,NA,NA,NA,"DROITE",NA,"BELLEGARDE SUR VALSERINE","Commune","ARCHIVES"
"ain_004",NA,NA,NA,NA,"ARMAND","GERARD","M",1941-07-09,"CONSEILLER MUNICIPAL",1989-03-12,1995-06-10,"FM",NA,NA,NA,NA,"DROITE",NA,"BELLEGARDE SUR VALSERINE","Commune","ARCHIVES"
"ain_012",NA,NA,NA,NA,"BILLIEMAZ","AUGUSTE","M",1903-08-29,"CONSEILLER DEPARTEMENTAL",1949-03-20,1955-04-10,"FM",NA,NA,NA,NA,NA,NA,"BELLEY","Canton","WIKIPEDIA"
"ain_012",NA,NA,NA,NA,"BILLIEMAZ","AUGUSTE","M",1903-08-29,"CONSEILLER DEPARTEMENTAL",1955-04-17,1961-06-01,"FM",NA,NA,NA,NA,NA,NA,"BELLEY","Canton","WIKIPEDIA"
"ain_012",NA,NA,NA,NA,"BILLIEMAZ","AUGUSTE","M",1903-08-29,"CONSEILLER DEPARTEMENTAL",1961-06-04,1967-09-20,"FM",NA,NA,NA,NA,NA,NA,"BELLEY","Canton","WIKIPEDIA"
"ain_012",NA,NA,NA,NA,"BILLIEMAZ","AUGUSTE","M",1903-08-29,"CONSEILLER DEPARTEMENTAL",1967-09-24,1973-09-20,"FM",NA,NA,NA,NA,NA,NA,"BELLEY","Canton","WIKIPEDIA"
"ain_060",NA,NA,NA,NA,"MILLON","CHARLES","M",1945-11-12,"CONSEILLER DEPARTEMENTAL",1985-03-10,1988-09-20,NA,NA,NA,NA,NA,NA,NA,"BELLEY","Canton","WIKIPEDIA"
"ain_078",NA,NA,NA,NA,"TRAVERS","JEAN CLAUDE","M",1947-10-05,"CONSEILLER DEPARTEMENTAL",1992-03-22,1998-03-10,"FM",NA,NA,NA,NA,NA,NA,"BELLEY","Canton","WIKIPEDIA"
"ain_078",NA,NA,NA,NA,"TRAVERS","JEAN CLAUDE","M",1947-10-05,"CONSEILLER DEPARTEMENTAL",2004-03-28,2011-03-20,"FM",NA,NA,NA,NA,NA,NA,"BELLEY","Canton","PRESSE"
"ain_025",NA,NA,NA,NA,"CHASTEL","PAUL","M",1905-01-28,"CONSEILLER MUNICIPAL",1945-04-29,1947-10-10,"FM","M",1945-04-29,1947-10-10,"FM",NA,NA,"BELLEY","Commune","ARCHIVES"
"ain_025",NA,NA,NA,NA,"CHASTEL","PAUL","M",1905-01-28,"CONSEILLER MUNICIPAL",1947-10-19,1953-04-20,"FM","M",1947-10-19,1953-04-20,"FM",NA,NA,"BELLEY","Commune","ARCHIVES"
"ain_025",NA,NA,NA,NA,"CHASTEL","PAUL","M",1905-01-28,"CONSEILLER MUNICIPAL",1953-04-26,1959-03-05,"FM","M",1953-04-26,1959-03-05,"FM",NA,NA,"BELLEY","Commune","ARCHIVES"
"ain_025",NA,NA,NA,NA,"CHASTEL","PAUL","M",1905-01-28,"CONSEILLER MUNICIPAL",1959-03-08,1965-03-10,"FM","M",1959-03-08,1965-03-10,"FM",NA,NA,"BELLEY","Commune","ARCHIVES"
"ain_025",NA,NA,NA,NA,"CHASTEL","PAUL","M",1905-01-28,"CONSEILLER MUNICIPAL",1965-03-14,1971-03-10,"FM","M",1965-03-14,1971-03-10,"FM",NA,NA,"BELLEY","Commune","WIKIPEDIA"
"ain_060",NA,NA,NA,NA,"MILLON","CHARLES","M",1945-11-12,"CONSEILLER MUNICIPAL",1977-03-13,1983-03-05,"FM","M",1977-03-13,1983-03-05,"FM",NA,NA,"BELLEY","Commune","WIKIPEDIA"
"ain_060",NA,NA,NA,NA,"MILLON","CHARLES","M",1945-11-12,"CONSEILLER MUNICIPAL",1983-03-06,1989-03-10,"FM","M",1983-03-06,1989-03-10,"FM",NA,NA,"BELLEY","Commune","WIKIPEDIA"
"ain_060",NA,NA,NA,NA,"MILLON","CHARLES","M",1945-11-12,"CONSEILLER MUNICIPAL",1989-03-12,1995-06-10,"FM","M",1989-03-12,1995-06-10,"FM",NA,NA,"BELLEY","Commune","WIKIPEDIA"
"ain_060",NA,NA,NA,NA,"MILLON","CHARLES","M",1945-11-12,"CONSEILLER MUNICIPAL",1995-06-11,2001-03-10,"FM","M",1995-06-11,2001-03-10,"FM",NA,NA,"BELLEY","Commune","WIKIPEDIA"
"ain_078",NA,NA,NA,NA,"TRAVERS","JEAN CLAUDE","M",1947-10-05,"CONSEILLER MUNICIPAL",2001-03-11,2008-03-01,"FM","M",2001-03-11,2008-03-01,"FM",NA,NA,"BELLEY","Commune","WIKIPEDIA"
"ain_083",NA,NA,NA,NA,"VULLIOD","CHARLES","M",1909-01-09,"CONSEILLER MUNICIPAL",1971-03-14,1977-03-10,"FM","M",1971-03-14,1977-03-10,"FM",NA,NA,"BELLEY","Commune","ARCHIVES"
"ain_041",NA,NA,NA,NA,"FOGNINI","JEAN MARC","M",1958-03-29,"CONSEILLER MUNICIPAL",2008-03-17,2014-03-20,"FM","M",2008-03-17,2014-03-20,"FM","DVG",NA,"BELLEY","Commune","WIKIPEDIA"
"ain_041",NA,NA,NA,NA,"FOGNINI","JEAN MARC","M",1958-03-29,"CONSEILLER DEPARTEMENTAL",2011-03-28,2015-03-22,"FM",NA,NA,NA,NA,"DVG",NA,"BELLEY","Canton","PRESSE"
"ain_052",NA,NA,NA,NA,"JIMENEZ","CHRISTIAN","M",1950-02-28,"CONSEILLER MUNICIPAL",2008-03-17,2014-03-20,"FM",NA,NA,NA,NA,"DVD",NA,"BELLEY","Commune","PRESSE"
"ain_052",NA,NA,NA,NA,"JIMENEZ","CHRISTIAN","M",1950-02-28,"CONSEILLER MUNICIPAL",2014-03-22,2015-01-19,"DC","M",2014-03-22,2015-01-19,"DC","DVD",NA,"BELLEY","Commune","WIKIPEDIA"
"ain_007",NA,NA,NA,NA,"BERTHET","PIERRE","M",1949-01-01,"CONSEILLER MUNICIPAL",2014-03-22,2020-03-10,"FM","M",2015-01-30,2020-03-10,"FM","DVD",NA,"BELLEY","Commune","WIKIPEDIA"
"ain_007",NA,NA,NA,NA,"BERTHET","PIERRE","M",1949-01-01,"CONSEILLER MUNICIPAL",1977-03-13,1983-03-01,"FM",NA,NA,NA,NA,"DVD",NA,"BELLEY","Commune","PRESSE"
"ain_007",NA,NA,NA,NA,"BERTHET","PIERRE","M",1949-01-01,"CONSEILLER MUNICIPAL",1983-03-06,1989-03-10,"FM",NA,NA,NA,NA,"DVD",NA,"BELLEY","Commune","PRESSE"
"ain_007",NA,NA,NA,NA,"BERTHET","PIERRE","M",1949-01-01,"CONSEILLER MUNICIPAL",1995-06-11,2001-03-10,"FM",NA,NA,NA,NA,"DVD",NA,"BELLEY","Commune","PRESSE"
"ain_007",NA,NA,NA,NA,"BERTHET","PIERRE","M",1949-01-01,"CONSEILLER MUNICIPAL",2001-03-25,2008-02-05,"FM",NA,NA,NA,NA,"DVD",NA,"BELLEY","Commune","PRESSE"
"ain_007",NA,NA,NA,NA,"BERTHET","PIERRE","M",1949-01-01,"CONSEILLER MUNICIPAL",2008-03-17,2014-03-20,"FM",NA,NA,NA,NA,"DVD",NA,"BELLEY","Commune","PRESSE"
"ain_053",NA,NA,NA,NA,"LAHUERTA","DIMITRI","M",1980-10-20,"CONSEILLER MUNICIPAL",2020-03-20,NA,"FM","M",2020-03-20,NA,"FM","DVD",NA,"BELLEY","Commune","WIKIPEDIA"
"ain_053",NA,NA,NA,NA,"LAHUERTA","DIMITRI","M",1980-10-20,"CONSEILLER MUNICIPAL",2014-03-22,2020-03-10,"FM",NA,NA,NA,NA,"DVD",NA,"BELLEY","Commune","PRESSE"
"ain_005",NA,NA,NA,NA,"BARBEROT","PAUL","M",1915-10-26,"CONSEILLER MUNICIPAL",1959-03-08,1965-03-10,"FM","1er ADJOINT",1959-03-08,1965-03-10,"FM",NA,NA,"BOURG EN BRESSE","Commune","ARCHIVES"
"ain_005",NA,NA,NA,NA,"BARBEROT","PAUL","M",1915-10-26,"CONSEILLER MUNICIPAL",1965-03-14,1971-03-10,"FM","M",1965-03-14,1971-03-10,"FM",NA,NA,"BOURG EN BRESSE","Commune","ARCHIVES"
"ain_005",NA,NA,NA,NA,"BARBEROT","PAUL","M",1915-10-26,"CONSEILLER MUNICIPAL",1971-03-14,1977-03-10,"FM","M",1971-03-14,1977-03-10,"FM","CNI",NA,"BOURG EN BRESSE","Commune","ARCHIVES"
"ain_005",NA,NA,NA,NA,"BARBEROT","PAUL","M",1915-10-26,"CONSEILLER MUNICIPAL",1945-04-29,1947-10-10,"FM",NA,NA,NA,NA,NA,NA,"BOURG EN BRESSE","Commune","ARCHIVES"
"ain_005",NA,NA,NA,NA,"BARBEROT","PAUL","M",1915-10-26,"CONSEILLER MUNICIPAL",1947-10-19,1953-04-20,"FM",NA,NA,NA,NA,NA,NA,"BOURG EN BRESSE","Commune","ARCHIVES"
"ain_005",NA,NA,NA,NA,"BARBEROT","PAUL","M",1915-10-26,"CONSEILLER MUNICIPAL",1953-04-26,1959-03-05,"FM",NA,NA,NA,NA,NA,NA,"BOURG EN BRESSE","Commune","ARCHIVES"
"ain_010",NA,NA,NA,NA,"BERTRAND","JEAN MICHEL","M",1943-06-06,"CONSEILLER MUNICIPAL",1989-03-12,1995-06-10,"FM","1er ADJOINT",1989-03-12,1995-06-10,"FM","DROITE",NA,"BOURG EN BRESSE","Commune","WIKIPEDIA"
"ain_010",NA,NA,NA,NA,"BERTRAND","JEAN MICHEL","M",1943-06-06,"CONSEILLER MUNICIPAL",1995-06-11,2001-03-10,"FM","1er ADJOINT",1995-06-11,2001-03-10,"FM","DROITE",NA,"BOURG EN BRESSE","Commune","WIKIPEDIA"
"ain_010",NA,NA,NA,NA,"BERTRAND","JEAN MICHEL","M",1943-06-06,"CONSEILLER MUNICIPAL",2001-03-25,2008-02-05,"FM","M",2001-03-25,2008-02-05,"FM",NA,NA,"BOURG EN BRESSE","Commune","WIKIPEDIA"
"ain_010",NA,NA,NA,NA,"BERTRAND","JEAN MICHEL","M",1943-06-06,"CONSEILLER MUNICIPAL",1983-03-06,1989-03-10,"FM",NA,NA,NA,NA,"DROITE",NA,"BOURG EN BRESSE","Commune","WIKIPEDIA"
"ain_014","RNE_0000794","794","NULL","PA267075","BLANC","ETIENNE","M",1954-08-29,"CONSEILLER MUNICIPAL",1983-03-14,1989-03-19,"FM",NA,NA,NA,NA,NA,NA,"BOURG EN BRESSE","Commune","WIKIPEDIA"
"ain_019",NA,NA,NA,NA,"BRETON ","XAVIER","M",1962-11-25,"CONSEILLER MUNICIPAL",2001-03-25,2008-03-10,"FM","1er ADJOINT",2001-03-25,2008-03-10,"FM","DROITE",NA,"BOURG EN BRESSE","Commune","WIKIPEDIA"
"ain_019",NA,NA,NA,NA,"BRETON ","XAVIER","M",1962-11-25,"CONSEILLER MUNICIPAL",2008-03-16,2014-03-20,"FM",NA,NA,NA,NA,"DROITE",NA,"BOURG EN BRESSE","Commune","WIKIPEDIA"
"ain_019",NA,NA,NA,NA,"BRETON ","XAVIER","M",1962-11-25,"CONSEILLER MUNICIPAL",2014-03-23,2015-12-01,"DM",NA,NA,NA,NA,"DROITE",NA,"BOURG EN BRESSE","Commune","WIKIPEDIA"
"ain_020",NA,NA,NA,NA,"BUISSON","JEROME","M",1973-01-15,"CONSEILLER MUNICIPAL",2014-03-22,2020-03-10,"FM",NA,NA,NA,NA,"EXTD",NA,"BOURG EN BRESSE","Commune","WIKIPEDIA"
"ain_020",NA,NA,NA,NA,"BUISSON","JEROME","M",1973-01-15,"CONSEILLER MUNICIPAL",2020-03-20,2022-07-25,"DM",NA,NA,NA,NA,"EXTD",NA,"BOURG EN BRESSE","Commune","WIKIPEDIA"
"ain_045",NA,NA,NA,NA,"GODIN","ANDRE","M",1942-05-18,"CONSEILLER MUNICIPAL",1977-03-13,1983-03-05,"FM","ADJOINT",1977-03-13,1983-03-05,"FM",NA,NA,"BOURG EN BRESSE","Commune","ARCHIVES"
"ain_045",NA,NA,NA,NA,"GODIN","ANDRE","M",1942-05-18,"CONSEILLER MUNICIPAL",1995-06-11,2001-03-10,"FM","M",1995-06-11,2001-03-10,"FM",NA,NA,"BOURG EN BRESSE","Commune","WIKIPEDIA"
"ain_055",NA,NA,NA,NA,"MAZUIR","RACHEL","M",1940-02-12,"CONSEILLER MUNICIPAL",1977-03-13,1983-03-01,"FM",NA,NA,NA,NA,"SOC",NA,"BOURG EN BRESSE","Commune","WIKIPEDIA"
"ain_055",NA,NA,NA,NA,"MAZUIR","RACHEL","M",1940-02-12,"CONSEILLER MUNICIPAL",1983-03-06,1989-03-10,"FM",NA,NA,NA,NA,"SOC",NA,"BOURG EN BRESSE","Commune","WIKIPEDIA"
"ain_055",NA,NA,NA,NA,"MAZUIR","RACHEL","M",1940-02-12,"CONSEILLER MUNICIPAL",1995-06-11,2001-03-10,"FM",NA,NA,NA,NA,"SOC",NA,"BOURG EN BRESSE","Commune","WIKIPEDIA"
"ain_057",NA,NA,NA,NA,"MERCIER","AMEDEE","M",1890-12-02,"CONSEILLER MUNICIPAL",1945-04-29,1947-10-10,"FM","M",1945-04-29,1947-10-10,"FM","SOC",NA,"BOURG EN BRESSE","Commune","WIKIPEDIA"
"ain_057",NA,NA,NA,NA,"MERCIER","AMEDEE","M",1890-12-02,"CONSEILLER MUNICIPAL",1947-10-19,1953-04-10,"FM","M",1947-10-19,1953-04-10,"FM","SOC",NA,"BOURG EN BRESSE","Commune","WIKIPEDIA"
"ain_057",NA,NA,NA,NA,"MERCIER","AMEDEE","M",1890-12-02,"CONSEILLER MUNICIPAL",1953-04-16,1959-03-01,"FM","M",1953-04-16,1959-03-01,"FM","SOC",NA,"BOURG EN BRESSE","Canton","WIKIPEDIA"
"ain_057",NA,NA,NA,NA,"MERCIER","AMEDEE","M",1890-12-02,"CONSEILLER MUNICIPAL",1959-03-08,1965-03-10,"FM","M",1959-03-08,1965-03-10,"FM","SOC",NA,"BOURG EN BRESSE","Commune","WIKIPEDIA"
"ain_061",NA,NA,NA,NA,"MORETEAU","JEAN","M",1942-06-23,"CONSEILLER MUNICIPAL",1985-02-01,1989-03-10,"FM","M",1985-02-01,1989-03-10,"FM",NA,NA,"BOURG EN BRESSE","Commune","WIKIPEDIA"
"ain_061",NA,NA,NA,NA,"MORETEAU","JEAN","M",1942-06-23,"CONSEILLER MUNICIPAL",1989-03-12,1995-06-10,"FM",NA,NA,NA,NA,NA,NA,"BOURG EN BRESSE","Commune","WIKIPEDIA"
"ain_061",NA,NA,NA,NA,"MORETEAU","JEAN","M",1942-06-23,"CONSEILLER MUNICIPAL",1977-03-13,1983-03-05,"FM","1er ADJOINT",1977-03-13,1983-03-05,"FM",NA,NA,"BOURG EN BRESSE","Commune","WIKIPEDIA"
"ain_062",NA,NA,NA,NA,"MORIN","PAUL","M",1924-06-29,"CONSEILLER MUNICIPAL",1971-03-14,1977-03-10,"FM","ADJOINT",1971-03-14,1977-03-10,"FM","CENTRE",NA,"BOURG EN BRESSE","Commune","ARCHIVES"
"ain_062",NA,NA,NA,NA,"MORIN","PAUL","M",1924-06-29,"CONSEILLER MUNICIPAL",1977-03-13,1983-03-05,"FM","ADJOINT",1977-03-13,1983-03-05,"FM","CENTRE",NA,"BOURG EN BRESSE","Commune","WIKIPEDIA"
"ain_062",NA,NA,NA,NA,"MORIN","PAUL","M",1924-06-29,"CONSEILLER MUNICIPAL",1983-03-06,1989-03-10,"FM","ADJOINT",1983-03-06,1989-03-10,"FM",NA,NA,"BOURG EN BRESSE","Commune","WIKIPEDIA"
"ain_062",NA,NA,NA,NA,"MORIN","PAUL","M",1924-06-29,"CONSEILLER MUNICIPAL",1989-03-12,1995-06-10,"FM","M",1989-03-12,1995-06-10,"FM",NA,NA,"BOURG EN BRESSE","Commune","WIKIPEDIA"
"ain_062",NA,NA,NA,NA,"MORIN","PAUL","M",1924-06-29,"CONSEILLER MUNICIPAL",1947-10-19,1953-04-20,"FM",NA,NA,NA,NA,NA,NA,"BOURG EN BRESSE","Commune","WIKIPEDIA"
"ain_062",NA,NA,NA,NA,"MORIN","PAUL","M",1924-06-29,"CONSEILLER MUNICIPAL",1953-04-26,1959-03-05,"FM",NA,NA,NA,NA,NA,NA,"BOURG EN BRESSE","Commune","WIKIPEDIA"
"ain_062",NA,NA,NA,NA,"MORIN","PAUL","M",1924-06-29,"CONSEILLER MUNICIPAL",1959-03-08,1965-03-10,"FM",NA,NA,NA,NA,NA,NA,"BOURG EN BRESSE","Commune","WIKIPEDIA"
"ain_062",NA,NA,NA,NA,"MORIN","PAUL","M",1924-06-29,"CONSEILLER MUNICIPAL",1965-03-14,1971-03-10,"FM",NA,NA,NA,NA,NA,NA,"BOURG EN BRESSE","Commune","WIKIPEDIA"
"ain_072",NA,NA,NA,NA,"ROBIN ","LOUIS","M",1923-05-01,"CONSEILLER MUNICIPAL",1977-03-13,1983-03-05,"FM","M",1977-03-13,1983-03-05,"FM",NA,NA,"BOURG EN BRESSE","Commune","WIKIPEDIA"
"ain_072",NA,NA,NA,NA,"ROBIN ","LOUIS","M",1923-05-01,"CONSEILLER MUNICIPAL",1983-03-06,1985-01-01,"AU","M",1983-03-06,1985-01-01,"AU",NA,NA,"BOURG EN BRESSE","Commune","WIKIPEDIA"
"ain_074",NA,NA,NA,NA,"SAINT PIERRE","DOMINIQUE","M",1940-11-10,"CONSEILLER MUNICIPAL",1989-03-12,1995-06-10,"FM",NA,NA,NA,NA,NA,NA,"BOURG EN BRESSE","Commune","WIKIPEDIA"
"ain_074",NA,NA,NA,NA,"SAINT PIERRE","DOMINIQUE","M",1940-11-10,"CONSEILLER MUNICIPAL",1995-06-11,2001-03-10,"FM",NA,NA,NA,NA,NA,NA,"BOURG EN BRESSE","Commune","WIKIPEDIA"
"ain_031",NA,NA,NA,NA,"DEBAT","JEAN FRANCOIS","M",1966-01-24,"CONSEILLER MUNICIPAL",2008-03-16,2014-03-20,"FM","M",2008-03-16,2014-03-20,"FM","SOC",NA,"BOURG EN BRESSE","Commune","WIKIPEDIA"
"ain_031",NA,NA,NA,NA,"DEBAT","JEAN FRANCOIS","M",1966-01-24,"CONSEILLER MUNICIPAL",2014-03-22,2020-03-10,"FM","M",2014-03-22,2020-03-10,"FM","SOC",NA,"BOURG EN BRESSE","Commune","WIKIPEDIA"
"ain_031",NA,NA,NA,NA,"DEBAT","JEAN FRANCOIS","M",1966-01-24,"CONSEILLER MUNICIPAL",2020-03-20,NA,NA,"M",2020-03-20,NA,NA,"SOC",NA,"BOURG EN BRESSE","Commune","WIKIPEDIA"
"ain_031",NA,NA,NA,NA,"DEBAT","JEAN FRANCOIS","M",1966-01-24,"CONSEILLER REGIONAL",2004-03-28,2010-03-10,"FM",NA,NA,NA,NA,"SOC",NA,"AIN","Departement","WIKIPEDIA"
"ain_031",NA,NA,NA,NA,"DEBAT","JEAN FRANCOIS","M",1966-01-24,"CONSEILLER REGIONAL",2010-03-21,2015-12-10,"FM","VP",2010-03-21,2015-12-10,"FM","SOC",NA,"AIN","Departement","WIKIPEDIA"
"ain_031",NA,NA,NA,NA,"DEBAT","JEAN FRANCOIS","M",1966-01-24,"CONSEILLER REGIONAL",2015-12-13,2021-06-20,"FM",NA,NA,NA,NA,"SOC",NA,"AIN","Departement","WIKIPEDIA"
"ain_031",NA,NA,NA,NA,"DEBAT","JEAN FRANCOIS","M",1966-01-24,"CONSEILLER REGIONAL",2021-06-27,NA,NA,NA,NA,NA,NA,"SOC",NA,"AIN","Departement","WIKIPEDIA"
"ain_055",NA,NA,NA,NA,"MAZUIR","RACHEL","M",1940-02-12,"CONSEILLER DEPARTEMENTAL",1988-10-02,1994-03-15,"FM",NA,NA,NA,NA,"SOC",NA,"BOURG EN BRESSE EST","Canton","WIKIPEDIA"
"ain_055",NA,NA,NA,NA,"MAZUIR","RACHEL","M",1940-02-12,"CONSEILLER DEPARTEMENTAL",1994-03-20,2001-03-10,"FM",NA,NA,NA,NA,"SOC",NA,"BOURG EN BRESSE EST","Canton","WIKIPEDIA"
"ain_045",NA,NA,NA,NA,"GODIN","ANDRE","M",1942-05-18,"CONSEILLER DEPARTEMENTAL",1976-03-07,1982-03-10,"FM",NA,NA,NA,NA,"SOC",NA,"BOURG EN BRESSE I","Canton","ARCHIVES"
"ain_062",NA,NA,NA,NA,"MORIN","PAUL","M",1924-06-29,"CONSEILLER DEPARTEMENTAL",1973-09-23,1976-03-01,"FM",NA,NA,NA,NA,NA,NA,"BOURG EN BRESSE II","Canton","WIKIPEDIA"
"ain_062",NA,NA,NA,NA,"MORIN","PAUL","M",1924-06-29,"CONSEILLER DEPARTEMENTAL",1976-03-07,1982-03-10,"FM",NA,NA,NA,NA,"CENTRE",NA,"BOURG EN BRESSE II","Canton","ARCHIVES"
"ain_062",NA,NA,NA,NA,"MORIN","PAUL","M",1924-06-29,"CONSEILLER DEPARTEMENTAL",1988-09-25,1994-03-15,"FM","VP",1988-09-25,1994-03-15,"FM",NA,NA,"BOURG EN BRESSE NORD CENTRE","Canton","WIKIPEDIA"
"ain_062",NA,NA,NA,NA,"MORIN","PAUL","M",1924-06-29,"CONSEILLER DEPARTEMENTAL",1994-03-20,2001-03-10,"FM","VP",1994-03-20,2001-03-10,"FM",NA,NA,"BOURG EN BRESSE NORD CENTRE","Canton","WIKIPEDIA"
"ain_062",NA,NA,NA,NA,"MORIN","PAUL","M",1924-06-29,"CONSEILLER DEPARTEMENTAL",1982-03-14,1988-09-20,"FM",NA,NA,NA,NA,"CENTRE",NA,"BOURG EN BRESSE NORD CENTRE","Canton","ARCHIVES"
"ain_023",NA,NA,NA,NA,"CARRIER","MICHEL","M",1906-10-02,"CONSEILLER DEPARTEMENTAL",1958-04-20,1964-03-01,"FM",NA,NA,NA,NA,NA,NA,"BRENOD","Canton","ARCHIVES"
"ain_023",NA,NA,NA,NA,"CARRIER","MICHEL","M",1906-10-02,"CONSEILLER DEPARTEMENTAL",1964-03-08,1970-09-20,"FM",NA,NA,NA,NA,NA,NA,"BRENOD","Canton","ARCHIVES"
"ain_023",NA,NA,NA,NA,"CARRIER","MICHEL","M",1906-10-02,"CONSEILLER DEPARTEMENTAL",1970-09-23,1976-03-01,"FM",NA,NA,NA,NA,NA,NA,"BRENOD","Canton","ARCHIVES"
"ain_023",NA,NA,NA,NA,"CARRIER","MICHEL","M",1906-10-02,"CONSEILLER DEPARTEMENTAL",1976-03-07,1980-12-01,"DM",NA,NA,NA,NA,"CENTRE",NA,"BRENOD","Canton","ARCHIVES"
"ain_046",NA,NA,NA,NA,"GOY-CHAVENT","SYLVIE","F",1963-05-23,"CONSEILLER MUNICIPAL",2014-03-23,2020-03-10,"FM","M",2014-03-23,2017-01-01,"CUMUL",NA,NA,"CERDON","Commune","WIKIPEDIA"
"ain_046",NA,NA,NA,NA,"GOY-CHAVENT","SYLVIE","F",1963-05-23,"CONSEILLER MUNICIPAL",2008-03-09,2014-03-20,"FM","M",2008-03-09,2014-03-20,"FM",NA,NA,"CERDON","Commune","WIKIPEDIA"
"ain_046",NA,NA,NA,NA,"GOY-CHAVENT","SYLVIE","F",1963-05-23,"CONSEILLER MUNICIPAL",2001-03-11,2008-03-01,"FM","M",2001-03-11,2008-03-01,"FM",NA,NA,"CERDON","Commune","WIKIPEDIA"
"ain_046",NA,NA,NA,NA,"GOY-CHAVENT","SYLVIE","F",1963-05-23,"CONSEILLER MUNICIPAL",1995-06-23,2001-03-10,"FM","M",1995-06-23,2001-03-10,NA,"DVD",NA,"CERDON","Commune","WIKIPEDIA"
"ain_046",NA,NA,NA,NA,"GOY-CHAVENT","SYLVIE","F",1963-05-23,"CONSEILLER MUNICIPAL",1989-03-01,1995-06-20,"FM",NA,NA,NA,NA,"DVD",NA,"CERDON","Commune","WIKIPEDIA"
"ain_071",NA,NA,NA,NA,"RAVASSARD","NOEL","M",1935-07-25,"CONSEILLER DEPARTEMENTAL",1979-03-18,1985-03-01,"FM",NA,NA,NA,NA,"SOC",NA,"CHATILLON SUR CHALARONNE","Canton","ARCHIVES"
"ain_071",NA,NA,NA,NA,"RAVASSARD","NOEL","M",1935-07-25,"CONSEILLER DEPARTEMENTAL",1985-03-10,1992-03-15,"FM",NA,NA,NA,NA,"SOC",NA,"CHATILLON SUR CHALARONNE","Canton","ARCHIVES"
"ain_071",NA,NA,NA,NA,"RAVASSARD","NOEL","M",1935-07-25,"CONSEILLER DEPARTEMENTAL",1992-03-22,1998-03-10,"FM",NA,NA,NA,NA,"SOC",NA,"CHATILLON SUR CHALARONNE","Canton","ARCHIVES"
"ain_071",NA,NA,NA,NA,"RAVASSARD","NOEL","M",1935-07-25,"CONSEILLER MUNICIPAL",1989-03-12,1995-06-10,"FM","M",1989-03-12,1995-06-10,"FM","SOC",NA,"CHATILLON SUR CHALARONNE","Commune","ARCHIVES"
"ain_071",NA,NA,NA,NA,"RAVASSARD","NOEL","M",1935-07-25,"CONSEILLER MUNICIPAL",1995-06-11,2001-03-10,"FM","M",1995-06-11,2001-03-10,"FM","SOC",NA,"CHATILLON SUR CHALARONNE","Commune","ARCHIVES"
"ain_071",NA,NA,NA,NA,"RAVASSARD","NOEL","M",1935-07-25,"CONSEILLER MUNICIPAL",2001-03-11,2008-03-01,"FM","M",2001-03-11,2008-03-01,"FM","SOC",NA,"CHATILLON SUR CHALARONNE","Commune","WIKIPEDIA"
"ain_071",NA,NA,NA,NA,"RAVASSARD","NOEL","M",1935-07-25,"CONSEILLER MUNICIPAL",1977-03-13,1977-04-16,"DM",NA,NA,NA,NA,"SOC",NA,"CHATILLON SUR CHALARONNE","Commune","ARCHIVES"
"ain_072",NA,NA,NA,NA,"ROBIN ","LOUIS","M",1923-05-01,"CONSEILLER DEPARTEMENTAL",1955-04-17,1961-04-01,"FM",NA,NA,NA,NA,NA,NA,"COLIGNY","Canton","WIKIPEDIA"
"ain_072",NA,NA,NA,NA,"ROBIN ","LOUIS","M",1923-05-01,"CONSEILLER DEPARTEMENTAL",1961-06-04,1967-09-20,"FM",NA,NA,NA,NA,NA,NA,"COLIGNY","Canton","WIKIPEDIA"
"ain_072",NA,NA,NA,NA,"ROBIN ","LOUIS","M",1923-05-01,"CONSEILLER DEPARTEMENTAL",1967-09-24,1973-03-20,"FM",NA,NA,NA,NA,NA,NA,"COLIGNY","Canton","WIKIPEDIA"
"ain_072",NA,NA,NA,NA,"ROBIN ","LOUIS","M",1923-05-01,"CONSEILLER DEPARTEMENTAL",1973-09-23,1979-03-10,"FM",NA,NA,NA,NA,NA,NA,"COLIGNY","Canton","WIKIPEDIA"
"ain_003",NA,NA,NA,NA,"ANTHONIOZ","MARCEL","M",1911-04-26,"CONSEILLER MUNICIPAL",1939-01-01,1945-04-20,"FM","M",1939-01-01,1945-04-20,"FM","CNI",NA,"DIVONNE LES BAINS","Commune","ARCHIVES"
"ain_003",NA,NA,NA,NA,"ANTHONIOZ","MARCEL","M",1911-04-26,"CONSEILLER MUNICIPAL",1945-04-29,1947-10-10,"FM","M",1945-04-29,1947-10-10,"FM","CNI",NA,"DIVONNE LES BAINS","Commune","ARCHIVES"
"ain_003",NA,NA,NA,NA,"ANTHONIOZ","MARCEL","M",1911-04-26,"CONSEILLER MUNICIPAL",1947-10-19,1953-04-20,"FM","M",1947-10-19,1953-04-20,"FM","CNI",NA,"DIVONNE LES BAINS","Commune","ARCHIVES"
"ain_003",NA,NA,NA,NA,"ANTHONIOZ","MARCEL","M",1911-04-26,"CONSEILLER MUNICIPAL",1953-04-26,1959-03-05,"FM","M",1953-04-26,1959-03-05,"FM","CNI",NA,"DIVONNE LES BAINS","Commune","ARCHIVES"
"ain_003",NA,NA,NA,NA,"ANTHONIOZ","MARCEL","M",1911-04-26,"CONSEILLER MUNICIPAL",1959-03-08,1965-03-10,"FM","M",1959-03-08,1965-03-10,"FM","CNI",NA,"DIVONNE LES BAINS","Commune","ARCHIVES"
"ain_003",NA,NA,NA,NA,"ANTHONIOZ","MARCEL","M",1911-04-26,"CONSEILLER MUNICIPAL",1965-03-14,1971-03-10,"FM","M",1965-03-14,1971-03-10,"FM","CNI",NA,"DIVONNE LES BAINS","Commune","ARCHIVES"
"ain_003",NA,NA,NA,NA,"ANTHONIOZ","MARCEL","M",1911-04-26,"CONSEILLER MUNICIPAL",1971-03-14,1976-08-31,"FM","M",1971-03-14,1976-08-31,"DC","REI",NA,"DIVONNE LES BAINS","Commune","ARCHIVES"
"ain_014","RNE_0000794","794","NULL","PA267075","BLANC","ETIENNE","M",1954-08-29,"CONSEILLER MUNICIPAL",1991-01-20,1995-06-05,"FM","M",1991-01-20,1995-06-05,"FM","CENTRE",NA,"DIVONNE LES BAINS","Commune","WIKIPEDIA"
"ain_014","RNE_0000794","794","NULL","PA267075","BLANC","ETIENNE","M",1954-08-29,"CONSEILLER MUNICIPAL",1995-06-11,2001-03-10,"FM","M",1995-06-11,2001-03-10,"FM","CENTRE",NA,"DIVONNE LES BAINS","Commune","WIKIPEDIA"
"ain_014","RNE_0000794","794","NULL","PA267075","BLANC","ETIENNE","M",1954-08-29,"CONSEILLER MUNICIPAL",2001-03-11,2008-03-01,"FM","M",2001-03-11,2008-03-01,"FM","CENTRE",NA,"DIVONNE LES BAINS","Commune","WIKIPEDIA"
"ain_014","RNE_0000794","794","NULL","PA267075","BLANC","ETIENNE","M",1954-08-29,"CONSEILLER MUNICIPAL",2008-03-09,2014-03-20,"FM","M",2008-03-09,2014-03-20,"FM","CENTRE",NA,"DIVONNE LES BAINS","Commune","WIKIPEDIA"
"ain_014","RNE_0000794","794","NULL","PA267075","BLANC","ETIENNE","M",1954-08-29,"CONSEILLER MUNICIPAL",2014-03-23,2019-02-01,"AU","M",2014-03-23,2019-02-01,"AU","CENTRE",NA,"DIVONNE LES BAINS","Commune","WIKIPEDIA"
"ain_014","RNE_0000794","794","NULL","PA267075","BLANC","ETIENNE","M",1954-08-29,"CONSEILLER MUNICIPAL",2020-07-04,NA,NA,NA,NA,NA,NA,"CENTRE",NA,"LYON","Commune","WIKIPEDIA"
"ain_014","RNE_0000794","794","NULL","PA267075","BLANC","ETIENNE","M",1954-08-29,"SENATEUR",2020-09-27,NA,NA,NA,NA,NA,NA,"DROITE",NA,"RHONE","Circonscription legislative","WIKIPEDIA"
"ain_014","RNE_0000794","794","NULL","PA267075","BLANC","ETIENNE","M",1954-08-29,"DEPUTE",2002-06-16,2007-06-10,"FM",NA,NA,NA,NA,"DROITE",NA,"3EME CIRCONSCRIPTION AIN","Circonscription legislative","WIKIPEDIA"
"ain_014","RNE_0000794","794","NULL","PA267075","BLANC","ETIENNE","M",1954-08-29,"DEPUTE",2007-06-17,2012-06-10,"FM",NA,NA,NA,NA,"DROITE",NA,"3EME CIRCONSCRIPTION AIN","Circonscription legislative","WIKIPEDIA"
"ain_014","RNE_0000794","794","NULL","PA267075","BLANC","ETIENNE","M",1954-08-29,"DEPUTE",2012-06-17,2016-03-10,"AU",NA,NA,NA,NA,"DROITE",NA,"3EME CIRCONSCRIPTION AIN","Circonscription legislative","WIKIPEDIA"
"ain_075",NA,NA,NA,NA,"SCATTOLIN","VINCENT","M",1979-01-27,"CONSEILLER MUNICIPAL",2008-03-09,2014-03-20,"FM","ADJOINT",2008-03-09,2014-03-20,"FM","DVD",NA,"DIVONNE LES BAINS","Commune","WIKIPEDIA"
"ain_075",NA,NA,NA,NA,"SCATTOLIN","VINCENT","M",1979-01-27,"CONSEILLER MUNICIPAL",2014-03-23,2020-03-10,"FM","M",2019-02-15,2020-03-10,"FM","DVD",NA,"DIVONNE LES BAINS","Commune","WIKIPEDIA"
"ain_075",NA,NA,NA,NA,"SCATTOLIN","VINCENT","M",1979-01-27,"CONSEILLER MUNICIPAL",NA,NA,NA,NA,NA,NA,NA,"DVD",NA,"DIVONNE LES BAINS","Commune","WIKIPEDIA"
"ain_068",NA,NA,NA,NA,"PROST","JEAN","M",1925-10-26,"CONSEILLER MUNICIPAL",1965-03-14,1971-03-10,"FM","ADJOINT",1965-03-14,1971-03-10,"FM",NA,NA,"DIVONNE LES BAINS","Commune","ARCHIVES"
"ain_068",NA,NA,NA,NA,"PROST","JEAN","M",1925-10-26,"CONSEILLER MUNICIPAL",1971-03-14,1977-03-10,"FM","ADJOINT",1971-03-14,1976-10-17,"AU",NA,NA,"DIVONNE LES BAINS","Commune","ARCHIVES"
"ain_068",NA,NA,NA,NA,"PROST","JEAN","M",1925-10-26,"CONSEILLER MUNICIPAL",1971-03-14,1977-03-10,"FM","M",1976-10-17,1977-03-10,"FM","REI",NA,"DIVONNE LES BAINS","Commune","ARCHIVES"
"ain_068",NA,NA,NA,NA,"PROST","JEAN","M",1925-10-26,"CONSEILLER MUNICIPAL",1977-03-13,1983-03-05,"FM","M",1977-03-13,1983-03-05,"FM","CENTRE",NA,"DIVONNE LES BAINS","Commune","WIKIPEDIA"
"ain_068",NA,NA,NA,NA,"PROST","JEAN","M",1925-10-26,"CONSEILLER MUNICIPAL",1983-03-06,1989-03-10,"FM","M",1983-03-06,1989-03-10,"FM","CENTRE",NA,"DIVONNE LES BAINS","Commune","WIKIPEDIA"
"ain_068",NA,NA,NA,NA,"PROST","JEAN","M",1925-10-26,"CONSEILLER MUNICIPAL",1959-03-08,1965-03-10,"FM",NA,NA,NA,NA,NA,NA,"DIVONNE LES BAINS","Commune","ARCHIVES"
"ain_069",NA,NA,NA,NA,"PRUVOST","JEAN CLAUDE","M",NA,"CONSEILLER MUNICIPAL",1989-03-12,1990-12-01,NA,"M",1989-03-12,1990-12-01,NA,"GE",NA,"DIVONNE LES BAINS","Commune","WIKIPEDIA"
"ain_049",NA,NA,NA,NA,"HECLER","ALBERT","M",1889-01-01,"CONSEILLER DEPARTEMENTAL",1945-09-23,1951-10-05,"FM",NA,NA,NA,NA,"RAD",NA,"FERNEY VOLTAIRE","Canton","ARCHIVES"
"ain_049",NA,NA,NA,NA,"HECLER","ALBERT","M",1889-01-01,"CONSEILLER DEPARTEMENTAL",1951-10-07,1958-04-20,"FM",NA,NA,NA,NA,"RAD",NA,"FERNEY VOLTAIRE","Canton","ARCHIVES"
"ain_049",NA,NA,NA,NA,"HECLER","ALBERT","M",1889-01-01,"CONSEILLER DEPARTEMENTAL",1958-04-20,1961-04-01,"FM",NA,NA,NA,NA,"RAD",NA,"FERNEY VOLTAIRE","Canton","ARCHIVES"
"ain_059",NA,NA,NA,NA,"MEYLAN","PASCAL","M",1935-05-01,"CONSEILLER DEPARTEMENTAL",1985-03-10,1992-03-20,"FM",NA,NA,NA,NA,"CENTRE",NA,"FERNEY VOLTAIRE","Canton","WIKIPEDIA"
"ain_059",NA,NA,NA,NA,"MEYLAN","PASCAL","M",1935-05-01,"CONSEILLER DEPARTEMENTAL",1992-03-22,1998-03-10,"FM",NA,NA,NA,NA,"CENTRE",NA,"FERNEY VOLTAIRE","Canton","WIKIPEDIA"
"ain_073","SEN_058928D","NULL","58928D","NULL","RUET","ROLAND","M",1921-10-29,"CONSEILLER DEPARTEMENTAL",1973-09-23,1979-03-10,"FM","P",1976-03-07,1979-03-10,"FM",NA,NA,"FERNEY VOLTAIRE","Canton","WIKIPEDIA"
"ain_073","SEN_058928D","NULL","58928D","NULL","RUET","ROLAND","M",1921-10-29,"CONSEILLER DEPARTEMENTAL",1979-03-18,1985-03-05,"FM","P",1979-03-18,1984-03-28,"DM","DROITE",NA,"FERNEY VOLTAIRE","Canton","WIKIPEDIA"
"ain_073","SEN_058928D","NULL","58928D","NULL","RUET","ROLAND","M",1921-10-29,"CONSEILLER DEPARTEMENTAL",1961-06-04,1967-09-20,"FM",NA,NA,NA,NA,NA,NA,"FERNEY VOLTAIRE","Canton","WIKIPEDIA"
"ain_073","SEN_058928D","NULL","58928D","NULL","RUET","ROLAND","M",1921-10-29,"CONSEILLER DEPARTEMENTAL",1967-09-24,1973-09-20,"FM",NA,NA,NA,NA,NA,NA,"FERNEY VOLTAIRE","Canton","WIKIPEDIA"
"ain_049",NA,NA,NA,NA,"HECLER","ALBERT","M",1889-01-01,"CONSEILLER MUNICIPAL",1931-01-01,1935-05-01,"FM","M",1931-01-01,1935-05-01,"FM","RAD",NA,"FERNEY VOLTAIRE","Commune","WIKIPEDIA"
"ain_049",NA,NA,NA,NA,"HECLER","ALBERT","M",1889-01-01,"CONSEILLER MUNICIPAL",1935-05-05,1945-04-20,"FM","M",1935-05-05,1945-04-20,"FM","RAD",NA,"FERNEY VOLTAIRE","Commune","WIKIPEDIA"
"ain_049",NA,NA,NA,NA,"HECLER","ALBERT","M",1889-01-01,"CONSEILLER MUNICIPAL",1945-04-29,1947-10-10,"FM","M",1945-04-29,1947-10-10,"FM","RAD",NA,"FERNEY VOLTAIRE","Commune","WIKIPEDIA"
"ain_049",NA,NA,NA,NA,"HECLER","ALBERT","M",1889-01-01,"CONSEILLER MUNICIPAL",1947-10-19,1953-04-20,"FM","M",1947-10-19,1953-04-20,"FM","RAD",NA,"FERNEY VOLTAIRE","Commune","WIKIPEDIA"
"ain_049",NA,NA,NA,NA,"HECLER","ALBERT","M",1889-01-01,"CONSEILLER MUNICIPAL",1953-04-26,1959-03-01,"FM","M",1953-04-26,1959-03-01,"FM","RAD",NA,"FERNEY VOLTAIRE","Commune","WIKIPEDIA"
"ain_059",NA,NA,NA,NA,"MEYLAN","PASCAL","M",1935-05-01,"CONSEILLER MUNICIPAL",1971-03-14,1977-03-10,"FM","M",1971-03-14,1977-03-10,"FM","CDP",NA,"FERNEY VOLTAIRE","Commune","ARCHIVES"
"ain_059",NA,NA,NA,NA,"MEYLAN","PASCAL","M",1935-05-01,"CONSEILLER MUNICIPAL",1977-03-13,1983-03-05,"FM","M",1977-03-13,1983-03-05,"FM","CENTRE",NA,"FERNEY VOLTAIRE","Commune","WIKIPEDIA"
"ain_059",NA,NA,NA,NA,"MEYLAN","PASCAL","M",1935-05-01,"CONSEILLER MUNICIPAL",1983-03-06,1989-03-10,"FM","M",1983-03-06,1989-03-10,"FM","CENTRE",NA,"FERNEY VOLTAIRE","Commune","WIKIPEDIA"
"ain_059",NA,NA,NA,NA,"MEYLAN","PASCAL","M",1935-05-01,"CONSEILLER MUNICIPAL",1989-03-12,1995-06-10,"FM","M",1991-01-01,1995-06-10,"FM","CENTRE",NA,"FERNEY VOLTAIRE","Commune","WIKIPEDIA"
"ain_073","SEN_058928D","NULL","58928D","NULL","RUET","ROLAND","M",1921-10-29,"CONSEILLER MUNICIPAL",1959-03-08,1965-03-10,"FM","M",1959-03-08,1965-03-10,"FM","CNI",NA,"FERNEY VOLTAIRE","Commune","ARCHIVES"
"ain_073","SEN_058928D","NULL","58928D","NULL","RUET","ROLAND","M",1921-10-29,"CONSEILLER MUNICIPAL",1965-03-14,1971-03-10,"FM","M",1965-03-14,1971-03-10,"FM","CNI",NA,"FERNEY VOLTAIRE","Commune","WIKIPEDIA"
"ain_080",NA,NA,NA,NA,"VIANES","GEORGES","M",1938-06-17,"CONSEILLER MUNICIPAL",1995-06-11,2001-03-10,"FM","M",1995-06-11,2001-03-10,"FM","SOC",NA,"FERNEY VOLTAIRE","Commune","WIKIPEDIA"
"ain_080",NA,NA,NA,NA,"VIANES","GEORGES","M",1938-06-17,"CONSEILLER MUNICIPAL",2001-03-11,2002-01-01,"DM",NA,NA,NA,NA,NA,NA,"FERNEY VOLTAIRE","Commune","WIKIPEDIA"
"ain_036",NA,NA,NA,NA,"DUTY","PIERRE ETIENNE","M",NA,"CONSEILLER MUNICIPAL",2001-03-11,2008-03-01,"FM","M",2001-03-11,2008-03-01,"FM","DVD",NA,"FERNEY VOLTAIRE","Commune","WIKIPEDIA"
"ain_058",NA,NA,NA,NA,"MEYLAN","FRANCOIS","M",1944-01-01,"CONSEILLER MUNICIPAL",1977-03-13,1983-03-05,"FM",NA,NA,NA,NA,"DVG",NA,"VERSONNEX","Commune","PRESSE"
"ain_058",NA,NA,NA,NA,"MEYLAN","FRANCOIS","M",1944-01-01,"CONSEILLER MUNICIPAL",1983-03-06,1989-03-10,"FM",NA,NA,NA,NA,"DVG",NA,"VERSONNEX","Commune","PRESSE"
"ain_058",NA,NA,NA,NA,"MEYLAN","FRANCOIS","M",1944-01-01,"CONSEILLER MUNICIPAL",1989-03-12,1995-06-10,"FM",NA,NA,NA,NA,"DVG",NA,"VERSONNEX","Commune","PRESSE"
"ain_058",NA,NA,NA,NA,"MEYLAN","FRANCOIS","M",1944-01-01,"CONSEILLER MUNICIPAL",1995-06-11,2001-03-10,"FM",NA,NA,NA,NA,"DVG",NA,"FERNEY VOLTAIRE","Commune","PRESSE"
"ain_058",NA,NA,NA,NA,"MEYLAN","FRANCOIS","M",1944-01-01,"CONSEILLER MUNICIPAL",2001-03-11,2008-03-01,"FM",NA,NA,NA,NA,"DVG",NA,"FERNEY VOLTAIRE","Commune","PRESSE"
"ain_058",NA,NA,NA,NA,"MEYLAN","FRANCOIS","M",1944-01-01,"CONSEILLER MUNICIPAL",2008-03-09,2014-03-20,"FM","M",2008-03-09,2014-03-20,"FM","DVG",NA,"FERNEY VOLTAIRE","Commune","PRESSE"
"ain_058",NA,NA,NA,NA,"MEYLAN","FRANCOIS","M",1944-01-01,"CONSEILLER MUNICIPAL",2014-03-23,2020-03-10,"FM",NA,NA,NA,NA,"DVG",NA,"FERNEY VOLTAIRE","Departement","PRESSE"
"ain_058",NA,NA,NA,NA,"MEYLAN","FRANCOIS","M",1944-01-01,"CONSEILLER MUNICIPAL",2020-03-20,NA,NA,NA,NA,NA,NA,"DVG",NA,"FERNEY VOLTAIRE","Departement","PRESSE"
"ain_070",NA,NA,NA,NA,"RAPHOZ","DANIEL","M",1955-12-06,"CONSEILLER MUNICIPAL",2014-03-23,2020-03-10,"FM","M",2014-03-23,2020-03-10,"FM","CENTRE",NA,"FERNEY VOLTAIRE","Commune","WIKIPEDIA"
"ain_070",NA,NA,NA,NA,"RAPHOZ","DANIEL","M",1955-12-06,"CONSEILLER MUNICIPAL",2020-03-20,NA,NA,"M",2020-03-20,NA,NA,"CENTRE",NA,"FERNEY VOLTAIRE","Commune","WIKIPEDIA"
"ain_070",NA,NA,NA,NA,"RAPHOZ","DANIEL","M",1955-12-06,"CONSEILLER DEPARTEMENTAL",2015-03-29,2021-06-20,"FM",NA,NA,NA,NA,NA,NA,"FERNEY VOLTAIRE","Canton","WIKIPEDIA"
"ain_003",NA,NA,NA,NA,"ANTHONIOZ","MARCEL","M",1911-04-26,"CONSEILLER DEPARTEMENTAL",1951-10-07,1958-04-15,"FM","VP",1951-10-07,1958-04-15,"FM",NA,NA,"GEX","Canton","WIKIPEDIA"
"ain_003",NA,NA,NA,NA,"ANTHONIOZ","MARCEL","M",1911-04-26,"CONSEILLER DEPARTEMENTAL",1958-04-20,1964-03-01,"FM","VP",1958-04-20,1964-03-01,"FM",NA,NA,"GEX","Canton","WIKIPEDIA"
"ain_003",NA,NA,NA,NA,"ANTHONIOZ","MARCEL","M",1911-04-26,"CONSEILLER DEPARTEMENTAL",1964-03-08,1970-09-20,"FM","VP",1964-03-08,1970-09-20,"FM",NA,NA,"GEX","Canton","WIKIPEDIA"
"ain_003",NA,NA,NA,NA,"ANTHONIOZ","MARCEL","M",1911-04-26,"CONSEILLER DEPARTEMENTAL",1970-09-23,1976-03-05,"DC","VP",1970-09-23,1976-03-05,"DC",NA,NA,"GEX","Canton","WIKIPEDIA"
"ain_003",NA,NA,NA,NA,"ANTHONIOZ","MARCEL","M",1911-04-26,"CONSEILLER DEPARTEMENTAL",1945-09-23,1951-10-05,"FM",NA,NA,NA,NA,NA,NA,"GEX","Canton","WIKIPEDIA"
"ain_063",NA,NA,NA,NA,"NICOD","MICHEL","M",1939-10-08,"CONSEILLER DEPARTEMENTAL",1988-09-25,1994-03-10,"FM",NA,NA,NA,NA,NA,NA,"GEX","Canton","WIKIPEDIA"
"ain_063",NA,NA,NA,NA,"NICOD","MICHEL","M",1939-10-08,"CONSEILLER DEPARTEMENTAL",1994-03-20,2001-03-10,"FM",NA,NA,NA,NA,NA,NA,"GEX","Canton","WIKIPEDIA"
"ain_064","RNE_0106761","106761","NULL","NULL","PAOLI","GERARD","M",1945-03-09,"CONSEILLER DEPARTEMENTAL",2001-03-11,2008-03-01,"FM",NA,NA,NA,NA,NA,NA,"GEX","Canton","WIKIPEDIA"
"ain_068",NA,NA,NA,NA,"PROST","JEAN","M",1925-10-26,"CONSEILLER DEPARTEMENTAL",1976-11-30,1982-03-10,"FM",NA,NA,NA,NA,"CENTRE",NA,"GEX","Canton","ARCHIVES"
"ain_068",NA,NA,NA,NA,"PROST","JEAN","M",1925-10-26,"CONSEILLER DEPARTEMENTAL",1982-03-14,1988-09-20,"FM",NA,NA,NA,NA,NA,NA,"GEX","Canton","WIKIPEDIA"
"ain_002",NA,NA,NA,NA,"ANDRE","RENE","M",NA,"CONSEILLER MUNICIPAL",1976-02-01,1983-03-01,"FM","M",1976-02-01,1983-03-01,"FM",NA,NA,"GEX","Commune","WIKIPEDIA"
"ain_022",NA,NA,NA,NA,"CADOZ","MARIUS","M",1914-12-30,"CONSEILLER MUNICIPAL",1947-10-19,1953-04-20,"FM","M",1947-10-19,1953-04-20,"FM","RAD",NA,"GEX","Commune","ARCHIVES"
"ain_022",NA,NA,NA,NA,"CADOZ","MARIUS","M",1914-12-30,"CONSEILLER MUNICIPAL",1953-04-26,1959-03-05,"FM","M",1953-04-26,1959-03-05,"FM","DVG",NA,"GEX","Commune","ARCHIVES"
"ain_022",NA,NA,NA,NA,"CADOZ","MARIUS","M",1914-12-30,"CONSEILLER MUNICIPAL",1959-03-08,1965-03-10,"FM","M",1959-03-08,1965-03-10,"FM","DVG",NA,"GEX","Commune","ARCHIVES"
"ain_022",NA,NA,NA,NA,"CADOZ","MARIUS","M",1914-12-30,"CONSEILLER MUNICIPAL",1965-03-14,1971-03-10,"FM","M",1965-03-14,1971-03-10,"FM","DVG",NA,"GEX","Commune","ARCHIVES"
"ain_022",NA,NA,NA,NA,"CADOZ","MARIUS","M",1914-12-30,"CONSEILLER MUNICIPAL",1971-03-14,1976-01-01,"DC","M",1971-03-14,1976-01-01,"DC","DVG",NA,"GEX","Commune","ARCHIVES"
"ain_022",NA,NA,NA,NA,"CADOZ","MARIUS","M",1914-12-30,"CONSEILLER MUNICIPAL",1945-04-29,1947-10-10,"FM",NA,NA,NA,NA,"RAD",NA,"GEX","Commune","ARCHIVES"
"ain_063",NA,NA,NA,NA,"NICOD","MICHEL","M",NA,"CONSEILLER MUNICIPAL",1983-03-06,1989-03-10,"FM","M",1983-03-06,1989-03-10,"FM",NA,NA,"GEX","Commune","WIKIPEDIA"
"ain_063",NA,NA,NA,NA,"NICOD","MICHEL","M",NA,"CONSEILLER MUNICIPAL",1989-03-12,1995-06-10,"FM","M",1989-03-12,1995-06-10,"FM",NA,NA,"GEX","Commune","WIKIPEDIA"
"ain_064","RNE_0106761","106761","NULL","NULL","PAOLI","GERARD","M",1945-03-09,"CONSEILLER MUNICIPAL",1995-06-11,2001-03-10,"FM","M",1995-06-11,2001-03-10,"FM","DVD",NA,"GEX","Commune","WIKIPEDIA"
"ain_064","RNE_0106761","106761","NULL","NULL","PAOLI","GERARD","M",1945-03-09,"CONSEILLER MUNICIPAL",2001-03-11,2008-03-01,"FM","M",2001-03-11,2008-03-01,"FM","DVD",NA,"GEX","Commune","WIKIPEDIA"
"ain_064","RNE_0106761","106761","NULL","NULL","PAOLI","GERARD","M",1945-03-09,"CONSEILLER MUNICIPAL",2008-03-09,2014-03-20,"FM","M",2008-03-09,2014-03-20,"FM","DVD",NA,"GEX","Commune","WIKIPEDIA"
"ain_034",NA,NA,NA,NA,"DUNAND","PASCAL","M",1968-10-15,"CONSEILLER MUNICIPAL",2014-03-23,2020-03-10,"FM","M",2014-03-23,2020-03-10,"FM","DVD",NA,"GEX","Commune","WIKIPEDIA"
"ain_034",NA,NA,NA,NA,"DUNAND","PASCAL","M",1968-10-15,"CONSEILLER MUNICIPAL",2020-03-20,NA,NA,"M",2020-03-20,NA,NA,"DVD",NA,"GEX","Commune","WIKIPEDIA"
"ain_030","SEN_058913V","NULL","58913V","NULL","DE LA VERPILLIERE","GUY","M",1922-08-09,"CONSEILLER DEPARTEMENTAL",1976-03-07,1982-03-10,"FM","VP",NA,NA,NA,"CENTRE",NA,"LAGNIEU","Canton","ARCHIVES"
"ain_030","SEN_058913V","NULL","58913V","NULL","DE LA VERPILLIERE","GUY","M",1922-08-09,"CONSEILLER DEPARTEMENTAL",1958-04-20,1964-03-05,"FM",NA,NA,NA,NA,NA,NA,"LAGNIEU","Canton","WIKIPEDIA"
"ain_030","SEN_058913V","NULL","58913V","NULL","DE LA VERPILLIERE","GUY","M",1922-08-09,"CONSEILLER DEPARTEMENTAL",1964-03-08,1970-09-20,"FM",NA,NA,NA,NA,NA,NA,"LAGNIEU","Canton","WIKIPEDIA"
"ain_030","SEN_058913V","NULL","58913V","NULL","DE LA VERPILLIERE","GUY","M",1922-08-09,"CONSEILLER DEPARTEMENTAL",1970-03-23,1976-03-05,"FM",NA,NA,NA,NA,NA,NA,"LAGNIEU","Canton","WIKIPEDIA"
"ain_030","SEN_058913V","NULL","58913V","NULL","DE LA VERPILLIERE","GUY","M",1922-08-09,"CONSEILLER DEPARTEMENTAL",1982-03-14,1988-09-20,"FM",NA,NA,NA,NA,NA,NA,"LAGNIEU","Canton","WIKIPEDIA"
"ain_029","RNE_0106732","106732","NULL","PA1012","DE LA VERPILLIERE","CHARLES","M",1954-05-31,"CONSEILLER DEPARTEMENTAL",1988-09-25,1994-03-15,"FM",NA,NA,NA,NA,NA,NA,"LAGNIEU","Canton","WIKIPEDIA"
"ain_029","RNE_0106732","106732","NULL","PA1012","DE LA VERPILLIERE","CHARLES","M",1954-05-31,"CONSEILLER DEPARTEMENTAL",1994-03-20,2001-03-10,"FM",NA,NA,NA,NA,NA,NA,"LAGNIEU","Canton","WIKIPEDIA"
"ain_029","RNE_0106732","106732","NULL","PA1012","DE LA VERPILLIERE","CHARLES","M",1954-05-31,"CONSEILLER DEPARTEMENTAL",2001-03-11,2008-03-01,"FM","P",2004-03-23,2008-03-01,"FM",NA,NA,"LAGNIEU","Canton","WIKIPEDIA"
"ain_029","RNE_0106732","106732","NULL","PA1012","DE LA VERPILLIERE","CHARLES","M",1954-05-31,"CONSEILLER DEPARTEMENTAL",2008-03-09,2015-03-20,"FM",NA,NA,NA,NA,NA,NA,"LAGNIEU","Canton","WIKIPEDIA"
"ain_029","RNE_0106732","106732","NULL","PA1012","DE LA VERPILLIERE","CHARLES","M",1954-05-31,"CONSEILLER DEPARTEMENTAL",2015-03-29,2021-06-20,"FM",NA,NA,NA,NA,NA,NA,"LAGNIEU","Canton","WIKIPEDIA"
"ain_029","RNE_0106732","106732","NULL","PA1012","DE LA VERPILLIERE","CHARLES","M",1954-05-31,"CONSEILLER DEPARTEMENTAL",2021-06-27,NA,NA,NA,NA,NA,NA,NA,NA,"LAGNIEU","Canton","WIKIPEDIA"
"ain_030","SEN_058913V","NULL","58913V","NULL","DE LA VERPILLIERE","GUY","M",1922-08-09,"CONSEILLER MUNICIPAL",1963-02-14,1965-03-10,"FM","M",1963-02-14,1965-03-10,"FM","CNI",NA,"LAGNIEU","Departement","ARCHIVES"
"ain_030","SEN_058913V","NULL","58913V","NULL","DE LA VERPILLIERE","GUY","M",1922-08-09,"CONSEILLER MUNICIPAL",1965-03-14,1971-03-10,"FM","M",1965-03-14,1971-03-10,"FM","REI",NA,"LAGNIEU","Departement","ARCHIVES"
"ain_030","SEN_058913V","NULL","58913V","NULL","DE LA VERPILLIERE","GUY","M",1922-08-09,"CONSEILLER MUNICIPAL",1971-03-14,1977-03-10,"FM","M",1971-03-14,1977-03-10,"FM","REI",NA,"LAGNIEU","Commune","ARCHIVES"
"ain_030","SEN_058913V","NULL","58913V","NULL","DE LA VERPILLIERE","GUY","M",1922-08-09,"CONSEILLER MUNICIPAL",1977-03-13,1983-03-01,"FM","M",1977-03-13,1983-03-01,"FM","CENTRE",NA,"LAGNIEU","Commune","WIKIPEDIA"
"ain_030","SEN_058913V","NULL","58913V","NULL","DE LA VERPILLIERE","GUY","M",1922-08-09,"CONSEILLER MUNICIPAL",1983-03-06,1989-03-10,"FM","M",1983-03-06,1989-03-10,"FM","CENTRE",NA,"LAGNIEU","Commune","WIKIPEDIA"
"ain_030","SEN_058913V","NULL","58913V","NULL","DE LA VERPILLIERE","GUY","M",1922-08-09,"CONSEILLER MUNICIPAL",1989-03-12,1995-06-10,"FM","M",1989-03-12,1995-06-10,"FM","CENTRE",NA,"LAGNIEU","Commune","WIKIPEDIA"
"ain_029","RNE_0106732","106732","NULL","PA1012","DE LA VERPILLIERE","CHARLES","M",1954-05-31,"CONSEILLER MUNICIPAL",1995-06-11,2001-03-10,"FM","M",1995-06-11,2001-03-10,"FM","CENTRE",NA,"LAGNIEU","Commune","WIKIPEDIA"
"ain_029","RNE_0106732","106732","NULL","PA1012","DE LA VERPILLIERE","CHARLES","M",1954-05-31,"CONSEILLER MUNICIPAL",2001-03-11,2004-03-28,NA,"M",2001-03-11,2004-03-28,"AU","DROITE",NA,"LAGNIEU","Commune","WIKIPEDIA"
"ain_028",NA,NA,NA,NA,"DAUBIE","ROMAIN","M",1980-05-05,"CONSEILLER DEPARTEMENTAL",2015-03-29,2021-06-10,"FM",NA,NA,NA,NA,"DROITE",NA,"MEXIMIEUX","Canton","WIKIPEDIA"
"ain_028",NA,NA,NA,NA,"DAUBIE","ROMAIN","M",1980-05-05,"CONSEILLER DEPARTEMENTAL",2021-06-27,NA,NA,NA,NA,NA,NA,"DROITE",NA,"MEXIMIEUX","Canton","WIKIPEDIA"
"ain_006",NA,NA,NA,NA,"BEAUFORT","JEAN","M",1928-02-04,"CONSEILLER DEPARTEMENTAL",1982-03-14,1985-03-01,"FM",NA,NA,NA,NA,"DVD",NA,"MIRIBEL","Canton","WIKIPEDIA"
"ain_006",NA,NA,NA,NA,"BEAUFORT","JEAN","M",1928-02-04,"CONSEILLER DEPARTEMENTAL",1985-03-17,1992-03-10,"FM",NA,NA,NA,NA,NA,NA,"MIRIBEL","Canton","WIKIPEDIA"
"ain_006",NA,NA,NA,NA,"BEAUFORT","JEAN","M",1928-02-04,"CONSEILLER DEPARTEMENTAL",1992-03-29,1998-03-10,"FM",NA,NA,NA,NA,NA,NA,"MIRIBEL","Canton","WIKIPEDIA"
"ain_008","RNE_0106690","106690","08059E","NULL","BERTHOU","JACQUES","M",1940-03-03,"CONSEILLER DEPARTEMENTAL",1998-03-15,2004-03-15,"FM",NA,NA,NA,NA,"SOC",NA,"MIRIBEL","Canton","WIKIPEDIA"
"ain_008","RNE_0106690","106690","08059E","NULL","BERTHOU","JACQUES","M",1940-03-03,"CONSEILLER DEPARTEMENTAL",2004-03-21,2008-01-01,"DM",NA,NA,NA,NA,"SOC",NA,"MIRIBEL","Canton","WIKIPEDIA"
"ain_006",NA,NA,NA,NA,"BEAUFORT","JEAN","M",1928-02-04,"CONSEILLER MUNICIPAL",1977-03-13,1983-03-05,"FM","ADJOINT",1977-03-13,1983-03-05,"FM","DVD",NA,"MIRIBEL","Commune","ARCHIVES"
"ain_006",NA,NA,NA,NA,"BEAUFORT","JEAN","M",1928-02-04,"CONSEILLER MUNICIPAL",1983-03-06,1989-03-10,"FM","M",1983-03-06,1989-03-10,"FM",NA,NA,"MIRIBEL","Commune","WIKIPEDIA"
"ain_006",NA,NA,NA,NA,"BEAUFORT","JEAN","M",1928-02-04,"CONSEILLER MUNICIPAL",1989-03-12,1995-06-10,"FM","M",1989-03-12,1995-06-10,"FM",NA,NA,"MIRIBEL","Commune","WIKIPEDIA"
"ain_006",NA,NA,NA,NA,"BEAUFORT","JEAN","M",1928-02-04,"CONSEILLER MUNICIPAL",1971-03-14,1977-03-10,"FM",NA,NA,NA,NA,"DVD",NA,"MIRIBEL","Commune","ARCHIVES"
"ain_008","RNE_0106690","106690","08059E","NULL","BERTHOU","JACQUES","M",1940-03-03,"CONSEILLER MUNICIPAL",1995-06-11,2001-03-10,"FM","M",1995-06-11,2001-03-10,"FM","SOC",NA,"MIRIBEL","Commune","WIKIPEDIA"
"ain_008","RNE_0106690","106690","08059E","NULL","BERTHOU","JACQUES","M",1940-03-03,"CONSEILLER MUNICIPAL",1983-03-06,1989-03-10,"FM",NA,NA,NA,NA,"DVG",NA,"MIRIBEL","Commune","WIKIPEDIA"
"ain_008","RNE_0106690","106690","08059E","NULL","BERTHOU","JACQUES","M",1940-03-03,"CONSEILLER MUNICIPAL",2001-03-11,2008-03-01,"FM","M",2001-03-11,2008-03-01,"FM","DVG",NA,"MIRIBEL","Commune","WIKIPEDIA"
"ain_008","RNE_0106690","106690","08059E","NULL","BERTHOU","JACQUES","M",1940-03-03,"CONSEILLER MUNICIPAL",2008-03-09,2014-03-20,"FM","M",2008-03-09,2014-03-20,"FM","DVG",NA,"MIRIBEL","Commune","WIKIPEDIA"
"ain_081",NA,NA,NA,NA,"VIRICEL","SYLVIE","F",1958-01-01,"CONSEILLER MUNICIPAL",2001-03-11,2008-03-01,"FM","ADJOINT",2001-03-11,2008-03-01,"FM","DVG",NA,"MIRIBEL","Commune","WIKIPEDIA"
"ain_081",NA,NA,NA,NA,"VIRICEL","SYLVIE","F",1958-01-01,"CONSEILLER MUNICIPAL",2008-03-09,2014-03-20,"FM","1er ADJOINT",2008-03-09,2014-03-20,"FM","DVG",NA,"MIRIBEL","Commune","WIKIPEDIA"
"ain_081",NA,NA,NA,NA,"VIRICEL","SYLVIE","F",1958-01-01,"CONSEILLER MUNICIPAL",2014-03-22,2020-03-10,"FM","M",2014-03-22,2020-03-10,"FM","DVG",NA,"MIRIBEL","Commune","WIKIPEDIA"
"ain_081",NA,NA,NA,NA,"VIRICEL","SYLVIE","F",1958-01-01,"CONSEILLER MUNICIPAL",2020-03-20,NA,NA,NA,NA,NA,NA,"DVG",NA,"MIRIBEL","Commune","WIKIPEDIA"
"ain_042",NA,NA,NA,NA,"GAITET","JEAN PIERRE","M",1954-01-21,"CONSEILLER MUNICIPAL",2020-03-20,NA,NA,"M",2020-03-20,NA,NA,"DVD",NA,"MIRIBEL","Commune","WIKIPEDIA"
"ain_042",NA,NA,NA,NA,"GAITET","JEAN PIERRE","M",1954-01-21,"CONSEILLER DEPARTEMENTAL",2015-03-29,2021-06-10,"FM",NA,NA,NA,NA,"DVD",NA,"MIRIBEL","Canton","WIKIPEDIA"
"ain_042",NA,NA,NA,NA,"GAITET","JEAN PIERRE","M",1954-01-21,"CONSEILLER DEPARTEMENTAL",2021-06-27,NA,NA,NA,NA,NA,NA,"DVD",NA,"MIRIBEL","Canton","WIKIPEDIA"
"ain_011",NA,NA,NA,NA,"BILLANDON","CHARLES","M",1921-12-24,"CONSEILLER MUNICIPAL",1971-03-14,1977-03-10,"FM","M",1971-03-14,1977-03-10,"FM","DVG",NA,"MIRIBEL","Commune","ARCHIVES"
"ain_011",NA,NA,NA,NA,"BILLANDON","CHARLES","M",1921-12-24,"CONSEILLER MUNICIPAL",1977-03-13,1983-03-05,"FM","M",1977-03-13,1983-03-05,"FM","DVG",NA,"MIRIBEL","Commune","WIKIPEDIA"
"ain_056",NA,NA,NA,NA,"MEIFFRE","JEAN CHARLES","M",1908-04-18,"CONSEILLER MUNICIPAL",1959-03-08,1965-03-10,"FM","M",1959-03-08,1965-03-10,"FM","RAD",NA,"MIRIBEL","Commune","ARCHIVES"
"ain_056",NA,NA,NA,NA,"MEIFFRE","JEAN CHARLES","M",1908-04-18,"CONSEILLER MUNICIPAL",1965-03-14,1971-03-10,"FM","M",1965-03-14,1971-03-10,"FM","RAD",NA,"MIRIBEL","Commune","WIKIPEDIA"
"ain_028",NA,NA,NA,NA,"DAUBIE","ROMAIN","M",1980-05-05,"CONSEILLER MUNICIPAL",2014-03-22,2020-03-10,"FM","M",2014-03-22,2020-03-10,"FM","DROITE",NA,"MONTLUEL","Commune","WIKIPEDIA"
"ain_028",NA,NA,NA,NA,"DAUBIE","ROMAIN","M",1980-05-05,"CONSEILLER MUNICIPAL",2020-03-20,2022-08-29,"DM","M",2020-03-20,2022-08-29,"CUMUL","DROITE",NA,"MONTLUEL","Commune","WIKIPEDIA"
"ain_005",NA,NA,NA,NA,"BARBEROT","PAUL","M",1915-10-26,"CONSEILLER DEPARTEMENTAL",1970-09-23,1976-03-01,"FM",NA,NA,NA,NA,"CENTRE",NA,NA,"Canton","WIKIPEDIA"
"ain_045",NA,NA,NA,NA,"GODIN","ANDRE","M",1942-05-18,"DEPUTE",1997-06-01,2002-06-05,"FM",NA,NA,NA,NA,NA,NA,NA,"Circonscription legislative","WIKIPEDIA"
"ain_001",NA,NA,NA,NA,"ABAD","DAMIEN","M",1980-04-05,"REPRESENTANT EUROPEN",2009-06-07,2012-06-17,NA,NA,NA,NA,NA,NA,NA,NA,NA,"WIKIPEDIA"
"ain_048",NA,NA,NA,NA,"GUICHON","LUCIEN","M",1932-02-09,"CONSEILLER DEPARTEMENTAL",1985-03-22,1988-06-27,"FM","VP",1985-03-22,1988-06-27,"FM","DROITE",NA,NA,NA,"WIKIPEDIA"
"ain_048",NA,NA,NA,NA,"GUICHON","LUCIEN","M",1932-02-09,"CONSEILLER REGIONAL",1986-03-16,1986-09-26,"FM",NA,NA,NA,NA,"DROITE",NA,NA,NA,"WIKIPEDIA"
"ain_074",NA,NA,NA,NA,"SAINT PIERRE","DOMINIQUE","M",1940-11-10,"REPRESENTANT EUROPEN",1994-06-12,1999-06-10,"FM",NA,NA,NA,NA,NA,NA,NA,NA,"WIKIPEDIA"
"ain_026",NA,NA,NA,NA,"CHAVANNE","GUY","M",1935-04-21,"CONSEILLER DEPARTEMENTAL",1976-03-07,1982-03-10,"FM",NA,NA,NA,NA,"COM",NA,"OYONNAX","Canton","ARCHIVES"
"ain_026",NA,NA,NA,NA,"CHAVANNE","GUY","M",1935-04-21,"CONSEILLER MUNICIPAL",1977-03-13,1982-01-01,"DM","M",1977-03-13,1982-01-01,NA,"COM",NA,"OYONNAX","Commune","ARCHIVES"
"ain_037",NA,NA,NA,NA,"EMIN","JEAN-PAUL","M",1939-06-17,"CONSEILLER MUNICIPAL",NA,NA,NA,"ADJOINT",NA,NA,NA,NA,NA,"OYONNAX","Commune","WIKIPEDIA"
"ain_038",NA,NA,NA,NA,"EMIN","LEON","M",1903-07-11,"CONSEILLER MUNICIPAL",1959-03-08,1965-03-10,"FM","M",1959-03-08,1965-03-10,"FM",NA,NA,"OYONNAX","Commune","WIKIPEDIA"
"ain_038",NA,NA,NA,NA,"EMIN","LEON","M",1903-07-11,"CONSEILLER MUNICIPAL",1965-03-14,1971-03-10,"FM","M",1965-03-14,1971-03-10,"FM",NA,NA,"OYONNAX","Commune","WIKIPEDIA"
"ain_038",NA,NA,NA,NA,"EMIN","LEON","M",1903-07-11,"CONSEILLER MUNICIPAL",1971-03-14,1977-03-10,"FM","M",1971-03-14,1977-03-10,"FM",NA,NA,"OYONNAX","Commune","WIKIPEDIA"
"ain_048",NA,NA,NA,NA,"GUICHON","LUCIEN","M",1932-02-09,"CONSEILLER MUNICIPAL",1983-03-06,1989-03-10,"FM","M",1983-03-06,1989-03-10,"FM","DROITE",NA,"OYONNAX","Commune","WIKIPEDIA"
"ain_048",NA,NA,NA,NA,"GUICHON","LUCIEN","M",1932-02-09,"CONSEILLER MUNICIPAL",1989-03-12,1995-06-10,"FM","M",1989-03-12,1995-06-10,"FM","DROITE",NA,"OYONNAX","Commune","WIKIPEDIA"
"ain_048",NA,NA,NA,NA,"GUICHON","LUCIEN","M",1932-02-09,"CONSEILLER MUNICIPAL",1995-06-11,2001-03-10,"FM","M",1995-06-11,2001-03-10,"FM","DROITE",NA,"OYONNAX","Commune","WIKIPEDIA"
"ain_044",NA,NA,NA,NA,"GOBET","JACQUES","M",1948-08-24,"CONSEILLER MUNICIPAL",2001-03-11,2008-03-01,"FM","M",2001-03-11,2008-03-01,"FM","DROITE",NA,"OYONNAX","Commune","WIKIPEDIA"
"ain_044",NA,NA,NA,NA,"GOBET","JACQUES","M",1948-08-24,"CONSEILLER REGIONAL",1998-03-15,2004-03-20,"FM",NA,NA,NA,NA,"DROITE",NA,"AIN","Departement","WIKIPEDIA"
"ain_066",NA,NA,NA,NA,"PERRAUD","MICHEL","M",1953-04-15,"CONSEILLER MUNICIPAL",2008-03-09,2014-03-20,"FM","M",2008-03-09,2014-03-20,"FM","CENTRE",NA,"OYONNAX","Commune","WIKIPEDIA"
"ain_066",NA,NA,NA,NA,"PERRAUD","MICHEL","M",1953-04-15,"CONSEILLER MUNICIPAL",2014-03-22,2020-03-10,"FM","M",2014-03-22,2020-03-10,"FM","CENTRE",NA,"OYONNAX","Commune","WIKIPEDIA"
"ain_066",NA,NA,NA,NA,"PERRAUD","MICHEL","M",1953-04-15,"CONSEILLER MUNICIPAL",2020-03-20,NA,NA,"M",2020-03-20,NA,NA,"CENTRE",NA,"OYONNAX","Commune","WIKIPEDIA"
"ain_066",NA,NA,NA,NA,"PERRAUD","MICHEL","M",1953-04-15,"CONSEILLER DEPARTEMENTAL",2001-03-11,2008-03-01,"FM",NA,NA,NA,NA,"CENTRE",NA,"OYONNAX","Canton","WIKIPEDIA"
"ain_066",NA,NA,NA,NA,"PERRAUD","MICHEL","M",1953-04-15,"CONSEILLER DEPARTEMENTAL",2008-03-09,2015-03-20,"FM",NA,NA,NA,NA,"CENTRE",NA,"OYONNAX SUD","Canton","WIKIPEDIA"
"ain_066",NA,NA,NA,NA,"PERRAUD","MICHEL","M",1953-04-15,"CONSEILLER DEPARTEMENTAL",2015-03-29,2021-06-10,"FM",NA,NA,NA,NA,"CENTRE",NA,"OYONNAX SUD","Canton","WIKIPEDIA"
"ain_076",NA,NA,NA,NA,"SUBTIL","ROBERT","M",NA,"CONSEILLER MUNICIPAL",1977-03-13,1983-03-01,"FM","M",1982-02-01,1983-03-01,"FM","COM",NA,"OYONNAX","Commune","WIKIPEDIA"
"ain_001",NA,NA,NA,NA,"ABAD","DAMIEN","M",1980-04-05,"CONSEILLER DEPARTEMENTAL",2015-03-29,2021-06-10,"FM","P",2015-04-02,2017-07-10,"CUMUL","DROITE",NA,"PONT D AIN","Canton","WIKIPEDIA"
"ain_001",NA,NA,NA,NA,"ABAD","DAMIEN","M",1980-04-05,"CONSEILLER DEPARTEMENTAL",2021-06-20,NA,NA,NA,NA,NA,NA,"DROITE",NA,"PONT D AIN","Canton","WIKIPEDIA"
"ain_017",NA,NA,NA,NA,"BOYON","JACQUES","M",1934-09-30,"CONSEILLER DEPARTEMENTAL",1970-12-01,1973-09-01,"FM",NA,NA,NA,NA,NA,NA,"PONT D AIN","Canton","WIKIPEDIA"
"ain_017",NA,NA,NA,NA,"BOYON","JACQUES","M",1934-09-30,"CONSEILLER DEPARTEMENTAL",1985-03-10,1992-03-20,"FM","P",1985-03-10,1992-03-20,"FM","DROITE",NA,"PONT D AIN","Canton","WIKIPEDIA"
"ain_017",NA,NA,NA,NA,"BOYON","JACQUES","M",1934-09-30,"CONSEILLER DEPARTEMENTAL",1973-09-23,1979-03-10,"FM",NA,NA,NA,NA,NA,NA,"PONT D AIN","Canton","WIKIPEDIA"
"ain_017",NA,NA,NA,NA,"BOYON","JACQUES","M",1934-09-30,"CONSEILLER DEPARTEMENTAL",1979-03-18,1985-03-01,"FM",NA,1984-04-16,1985-03-01,"FM","DROITE",NA,"PONT D AIN","Canton","ARCHIVES"
"ain_017",NA,NA,NA,NA,"BOYON","JACQUES","M",1934-09-30,"CONSEILLER MUNICIPAL",1971-03-14,1977-03-10,"FM","M",1971-03-14,1977-03-10,"FM",NA,NA,"PONT D AIN","Commune","ARCHIVES"
"ain_017",NA,NA,NA,NA,"BOYON","JACQUES","M",1934-09-30,"CONSEILLER MUNICIPAL",1977-03-13,1983-03-10,"FM","M",1977-03-13,1983-03-10,"FM",NA,NA,"PONT D AIN","Commune","WIKIPEDIA"
"ain_017",NA,NA,NA,NA,"BOYON","JACQUES","M",1934-09-30,"CONSEILLER MUNICIPAL",1983-03-14,1989-03-19,"FM","M",1983-03-14,1989-03-19,"FM",NA,NA,"PONT D AIN","Commune","WIKIPEDIA"
"ain_017",NA,NA,NA,NA,"BOYON","JACQUES","M",1934-09-30,"CONSEILLER MUNICIPAL",1991-01-20,1995-06-05,"FM","M",1991-01-20,1995-06-05,"FM",NA,NA,"PONT D AIN","Commune","WIKIPEDIA"
"ain_017",NA,NA,NA,NA,"BOYON","JACQUES","M",1934-09-30,"CONSEILLER MUNICIPAL",1995-06-11,2001-03-10,"FM","M",1995-06-11,2001-03-10,"FM",NA,NA,"PONT D AIN","Commune","WIKIPEDIA"
"ain_018",NA,NA,NA,NA,"BRAYARD","JOSEPH","M",1901-03-31,"CONSEILLER DEPARTEMENTAL",1945-09-23,1958-04-10,"FM",NA,NA,NA,NA,NA,NA,"PONT DE VAUX","Canton","WIKIPEDIA"
"ain_018",NA,NA,NA,NA,"BRAYARD","JOSEPH","M",1901-03-31,"CONSEILLER DEPARTEMENTAL",1958-04-20,1964-03-01,"FM",NA,NA,NA,NA,NA,NA,"PONT DE VAUX","Canton","WIKIPEDIA"
"ain_018",NA,NA,NA,NA,"BRAYARD","JOSEPH","M",1901-03-31,"CONSEILLER DEPARTEMENTAL",1964-03-08,1970-03-20,"FM",NA,NA,NA,NA,NA,NA,"PONT DE VAUX","Canton","WIKIPEDIA"
"ain_018",NA,NA,NA,NA,"BRAYARD","JOSEPH","M",1901-03-31,"CONSEILLER DEPARTEMENTAL",1970-09-23,1972-07-03,"DC",NA,NA,NA,NA,NA,NA,"PONT DE VAUX","Canton","WIKIPEDIA"
"ain_030","SEN_058913V","NULL","58913V","NULL","DE LA VERPILLIERE","GUY","M",1922-08-09,"CONSEILLER MUNICIPAL",1953-04-26,1959-03-05,"FM","M",1953-04-26,1959-03-05,"FM","CNI",NA,"PROULIEU","Commune","ARCHIVES"
"ain_030","SEN_058913V","NULL","58913V","NULL","DE LA VERPILLIERE","GUY","M",1922-08-09,"CONSEILLER MUNICIPAL",1959-03-08,1963-02-13,"AU","M",1959-03-08,1963-02-13,"AU","CNI",NA,"PROULIEU","Commune","ARCHIVES"
"ain_082",NA,NA,NA,NA,"VOISIN","MICHEL","M",1944-10-06,"CONSEILLER MUNICIPAL",1977-03-20,1983-03-01,"FM","ADJOINT",1977-03-20,1983-03-01,"FM","DROITE",NA,"REPLONGES","Commune","WIKIPEDIA"
"ain_082",NA,NA,NA,NA,"VOISIN","MICHEL","M",1944-10-06,"CONSEILLER MUNICIPAL",1983-03-14,1989-03-19,"FM","M",1983-03-14,1989-03-19,"FM","CENTRE",NA,"REPLONGES","Commune","WIKIPEDIA"
"ain_082",NA,NA,NA,NA,"VOISIN","MICHEL","M",1944-10-06,"CONSEILLER MUNICIPAL",1989-03-12,1995-06-10,"FM","M",1989-03-12,1995-06-10,"FM","CENTRE",NA,"REPLONGES","Commune","WIKIPEDIA"
"ain_082",NA,NA,NA,NA,"VOISIN","MICHEL","M",1944-10-06,"CONSEILLER MUNICIPAL",1995-06-11,2001-03-10,"FM","M",1995-06-11,2001-03-10,"FM","CENTRE",NA,"REPLONGES","Commune","WIKIPEDIA"
"ain_082",NA,NA,NA,NA,"VOISIN","MICHEL","M",1944-10-06,"CONSEILLER MUNICIPAL",2001-03-11,2008-03-01,"FM","M",2001-03-11,2008-03-01,"FM","DROITE",NA,"REPLONGES","Commune","WIKIPEDIA"
"ain_082",NA,NA,NA,NA,"VOISIN","MICHEL","M",1944-10-06,"CONSEILLER MUNICIPAL",2008-03-09,2014-03-20,"FM","M",2008-03-09,2014-03-20,"FM","DROITE",NA,"REPLONGES","Commune","WIKIPEDIA"
"ain_082",NA,NA,NA,NA,"VOISIN","MICHEL","M",1944-10-06,"CONSEILLER REGIONAL",2004-04-02,2010-03-10,"FM",NA,NA,NA,NA,NA,NA,"RHONE ALPES","Rgion","WIKIPEDIA"
"ain_082",NA,NA,NA,NA,"VOISIN","MICHEL","M",1944-10-06,"CONSEILLER REGIONAL",2010-03-14,2012-12-06,"FM",NA,NA,NA,NA,NA,NA,"RHONE ALPES","Rgion","WIKIPEDIA"
"ain_013",NA,NA,NA,NA,"BLAISON","PIERRE","M",1903-06-28,"CONSEILLER MUNICIPAL",1971-03-14,1977-03-10,"FM","M",1971-03-14,1977-03-10,"FM",NA,NA,"SAINT GENIS POUILLY","Commune","WIKIPEDIA"
"ain_032",NA,NA,NA,NA,"DESPIERRE","RENE","M",NA,"CONSEILLER MUNICIPAL",1965-03-14,1971-03-10,"FM","M",1970-11-15,1971-03-10,"FM",NA,NA,"SAINT GENIS POUILLY","Commune","WIKIPEDIA"
"ain_035",NA,NA,NA,NA,"DURET","LUCIENNE","F",1922-02-22,"CONSEILLER MUNICIPAL",1977-03-13,1983-03-01,"FM","M",1977-03-13,1983-03-01,"FM",NA,NA,"SAINT GENIS POUILLY","Commune","WIKIPEDIA"
"ain_035",NA,NA,NA,NA,"DURET","LUCIENNE","F",1922-02-22,"CONSEILLER MUNICIPAL",1983-03-06,1989-03-10,"FM","M",1983-03-06,1989-03-10,"FM",NA,NA,"SAINT GENIS POUILLY","Commune","WIKIPEDIA"
"ain_043",NA,NA,NA,NA,"GIVERNET","OLGA","F",1981-10-17,"CONSEILLER MUNICIPAL",2014-03-30,2017-07-18,"AU",NA,NA,NA,NA,NA,NA,"SAINT GENIS POUILLY","Commune","WIKIPEDIA"
"ain_047",NA,NA,NA,NA,"GRILLET","ARISTIDE","M",NA,"CONSEILLER MUNICIPAL",1945-04-29,1947-10-10,"FM","M",1945-04-29,1947-10-10,"FM",NA,NA,"SAINT GENIS POUILLY","Commune","WIKIPEDIA"
"ain_047",NA,NA,NA,NA,"GRILLET","ARISTIDE","M",NA,"CONSEILLER MUNICIPAL",1947-10-19,1953-04-20,"FM","M",1947-10-19,1953-04-20,"FM",NA,NA,"SAINT GENIS POUILLY","Commune","WIKIPEDIA"
"ain_047",NA,NA,NA,NA,"GRILLET","ARISTIDE","M",NA,"CONSEILLER MUNICIPAL",1953-04-26,1959-03-05,"FM","M",1953-04-26,1959-03-05,"FM",NA,NA,"SAINT GENIS POUILLY","Commune","WIKIPEDIA"
"ain_047",NA,NA,NA,NA,"GRILLET","ARISTIDE","M",NA,"CONSEILLER MUNICIPAL",1959-03-08,1965-03-10,"FM","M",1959-03-08,1965-03-10,"FM",NA,NA,"SAINT GENIS POUILLY","Commune","WIKIPEDIA"
"ain_047",NA,NA,NA,NA,"GRILLET","ARISTIDE","M",NA,"CONSEILLER MUNICIPAL",1965-03-14,1970-11-01,"DC","M",1965-03-14,1970-11-01,"DC",NA,NA,"SAINT GENIS POUILLY","Commune","WIKIPEDIA"
"ain_050",NA,NA,NA,NA,"HUBERT","BERTRAND","M",1946-12-05,"CONSEILLER MUNICIPAL",1989-03-12,1995-06-10,"FM","M",1989-03-12,1995-06-10,"FM","DVG",NA,"SAINT GENIS POUILLY","Commune","WIKIPEDIA"
"ain_051",NA,NA,NA,NA,"JEAN","LISETTE","F",NA,"CONSEILLER MUNICIPAL",1995-06-11,2001-03-10,"FM","M",1995-06-11,2001-03-10,"FM","DVD",NA,"SAINT GENIS POUILLY","Commune","WIKIPEDIA"
"ain_009",NA,NA,NA,NA,"BERTRAND","HUBERT","M",1946-12-05,"CONSEILLER MUNICIPAL",2001-03-11,2008-03-01,"FM","M",2001-03-11,2008-03-01,"FM","RAD",NA,"SAINT GENIS POUILLY","Commune","WIKIPEDIA"
"ain_009",NA,NA,NA,NA,"BERTRAND","HUBERT","M",1946-12-05,"CONSEILLER MUNICIPAL",2008-03-09,2014-03-20,"FM","M",2008-03-09,2014-03-20,"FM","RAD",NA,"SAINT GENIS POUILLY","Commune","WIKIPEDIA"
"ain_009",NA,NA,NA,NA,"BERTRAND","HUBERT","M",1946-12-05,"CONSEILLER MUNICIPAL",2014-03-22,2020-03-10,"FM","M",2014-03-22,2020-03-10,"FM","RAD",NA,"SAINT GENIS POUILLY","Commune","WIKIPEDIA"
"ain_009",NA,NA,NA,NA,"BERTRAND","HUBERT","M",1946-12-05,"CONSEILLER MUNICIPAL",2020-03-20,NA,NA,"M",2020-03-20,NA,NA,"RAD",NA,"SAINT GENIS POUILLY","Commune","WIKIPEDIA"
"ain_065",NA,NA,NA,NA,"PEPIN","JEAN","M",1939-11-23,"CONSEILLER MUNICIPAL",1977-03-13,1983-03-05,"FM","M",1977-03-13,1983-03-05,"FM",NA,NA,"SAINT NIZIER LE BOUCHOUX","Commune","ARCHIVES"
"ain_065",NA,NA,NA,NA,"PEPIN","JEAN","M",1939-11-23,"CONSEILLER MUNICIPAL",1983-03-06,1989-03-10,"FM","M",1983-03-06,1989-03-10,"FM",NA,NA,"SAINT NIZIER LE BOUCHOUX","Commune","WIKIPEDIA"
"ain_065",NA,NA,NA,NA,"PEPIN","JEAN","M",1939-11-23,"CONSEILLER MUNICIPAL",1989-03-12,1995-06-10,"FM","M",1989-03-12,1995-06-10,"FM",NA,NA,"SAINT NIZIER LE BOUCHOUX","Commune","WIKIPEDIA"
"ain_065",NA,NA,NA,NA,"PEPIN","JEAN","M",1939-11-23,"CONSEILLER MUNICIPAL",1995-06-11,2001-03-10,"FM","M",1995-06-11,2001-03-10,"FM",NA,NA,"SAINT NIZIER LE BOUCHOUX","Commune","WIKIPEDIA"
"ain_065",NA,NA,NA,NA,"PEPIN","JEAN","M",1939-11-23,"CONSEILLER DEPARTEMENTAL",1992-03-22,1998-03-10,"FM","P",1992-03-22,1998-03-10,"FM",NA,NA,"SAINT TRIVIER DE COURTES","Canton","WIKIPEDIA"
"ain_065",NA,NA,NA,NA,"PEPIN","JEAN","M",1939-11-23,"CONSEILLER DEPARTEMENTAL",1998-03-15,2004-03-20,"FM","P",1998-03-15,2004-03-20,"FM",NA,NA,"SAINT TRIVIER DE COURTES","Canton","WIKIPEDIA"
"ain_065",NA,NA,NA,NA,"PEPIN","JEAN","M",1939-11-23,"CONSEILLER DEPARTEMENTAL",1979-03-18,1985-03-01,"FM",NA,NA,NA,NA,"DMF",NA,"SAINT TRIVIER DE COURTES","Canton","ARCHIVES"
"ain_065",NA,NA,NA,NA,"PEPIN","JEAN","M",1939-11-23,"CONSEILLER DEPARTEMENTAL",1985-03-10,1992-03-20,"FM",NA,NA,NA,NA,NA,NA,"SAINT TRIVIER DE COURTES","Canton","WIKIPEDIA"
"ain_033",NA,NA,NA,NA,"DUBUIS","EMILE","M",1911-03-20,"CONSEILLER DEPARTEMENTAL",1949-03-01,1955-04-10,"FM",NA,NA,NA,NA,"CENTRE",NA,"TREVOUX","Canton","WIKIPEDIA"
"ain_033",NA,NA,NA,NA,"DUBUIS","EMILE","M",1911-03-20,"CONSEILLER DEPARTEMENTAL",1955-04-17,1961-06-01,"FM",NA,NA,NA,NA,"CENTRE",NA,"TREVOUX","Canton","WIKIPEDIA"
"ain_033",NA,NA,NA,NA,"DUBUIS","EMILE","M",1911-03-20,"CONSEILLER DEPARTEMENTAL",1961-06-04,1967-09-20,"FM",NA,NA,NA,NA,"CENTRE",NA,"TREVOUX","Canton","WIKIPEDIA"
"ain_033",NA,NA,NA,NA,"DUBUIS","EMILE","M",1911-03-20,"CONSEILLER DEPARTEMENTAL",1967-09-24,1971-03-01,NA,NA,NA,NA,NA,"CENTRE",NA,"TREVOUX","Canton","WIKIPEDIA"
"ain_033",NA,NA,NA,NA,"DUBUIS","EMILE","M",1911-03-20,"CONSEILLER MUNICIPAL",1947-10-19,1953-04-20,"FM","M",1947-10-19,1953-04-20,"FM","CENTRE",NA,"TREVOUX","Commune","WIKIPEDIA"
"ain_033",NA,NA,NA,NA,"DUBUIS","EMILE","M",1911-03-20,"CONSEILLER MUNICIPAL",1953-04-26,1959-03-05,"FM","M",1953-04-26,1959-03-05,"FM","CENTRE",NA,"TREVOUX","Commune","WIKIPEDIA"
"ain_033",NA,NA,NA,NA,"DUBUIS","EMILE","M",1911-03-20,"CONSEILLER MUNICIPAL",1959-03-08,1965-03-10,"FM","M",1959-03-08,1965-03-10,"FM","CENTRE",NA,"TREVOUX","Commune","WIKIPEDIA"
"ain_033",NA,NA,NA,NA,"DUBUIS","EMILE","M",1911-03-20,"CONSEILLER MUNICIPAL",1965-03-14,1971-03-10,"FM","M",1965-03-14,1971-03-10,"FM","CENTRE",NA,"TREVOUX","Commune","WIKIPEDIA"
"ain_033",NA,NA,NA,NA,"DUBUIS","EMILE","M",1911-03-20,"CONSEILLER MUNICIPAL",1941-01-01,1944-11-01,"FM","M",1941-01-01,1944-11-01,"FM","CENTRE",NA,"TREVOUX","Commune","WIKIPEDIA"
"ain_024",NA,NA,NA,NA,"CHAIZE","PATRICK","M",1963-03-22,"CONSEILLER MUNICIPAL",2008-03-09,2014-03-20,"FM","M",2008-03-09,2014-03-20,"FM",NA,NA,"VONNAS","Commune","WIKIPEDIA"
"ain_024",NA,NA,NA,NA,"CHAIZE","PATRICK","M",1963-03-22,"CONSEILLER MUNICIPAL",2014-03-22,2020-03-10,"FM","M",2014-03-22,2017-01-01,"CUMUL",NA,NA,"VONNAS","Commune","WIKIPEDIA"
